Region,Brand,Category,CPU,GPU,RAM_GB,Storage_GB,OS,Color,Channel,PaymentMethod,CustomerSegment,CPU_family,GPU_family,y_true,p_high,pred
North America,Samsung,Desktop,i7,AMD Radeon Vega,16,512,macOS,Gray,Reseller,Credit Card,Enterprise,i7,AMD Radeon Vega,1,0.3775,1
Europe,Dell,Desktop,i5,NVIDIA RTX 3060,32,1024,macOS,Gray,Online,Debit Card,Student,i5,RTX 3060,0,0.4475,1
Europe,Razer,Desktop,i3,AMD Radeon Vega,16,1024,macOS,Gray,Online,Credit Card,Student,i3,AMD Radeon Vega,1,0.5275,1
Europe,Lenovo,Laptop,i3,NVIDIA RTX 3060,16,512,macOS,White,Reseller,Credit Card,Professional,i3,RTX 3060,0,0.6075,1
North America,HP,Laptop,Ryzen 3,Intel Iris,32,512,Windows 10,White,Online,Debit Card,Gamer,Ryzen 3,Intel Iris,0,0.3225,0
Asia-Pacific,Samsung,Desktop,i9,NVIDIA GTX 1650,32,256,Windows 11,Silver,Reseller,Bank Transfer,Enterprise,i9,GTX 1650,1,0.405,1
Europe,MSI,Gaming Laptop,Ryzen 5,Intel UHD,32,256,macOS,Gray,Online,PayPal,Professional,Ryzen 5,Intel UHD,0,0.435,1
Europe,Asus,Laptop,Ryzen 9,AMD Radeon Vega,8,1024,Windows 10,Black,Online,Bank Transfer,Student,Ryzen 9,AMD Radeon Vega,1,0.3675,1
Asia-Pacific,Acer,Laptop,Ryzen 9,Intel Iris,4,256,Windows 10,Blue,Retail Store,PayPal,Gamer,Ryzen 9,Intel Iris,0,0.3675,1
Europe,Acer,Desktop,M2,Intel UHD,8,2048,macOS,Gray,Retail Store,PayPal,Enterprise,M2,Intel UHD,1,0.3275,0
Asia-Pacific,MSI,Desktop,i7,NVIDIA RTX 2060,8,512,macOS,White,Online,Bank Transfer,Professional,i7,RTX 2060,0,0.4075,1
Asia-Pacific,Dell,Laptop,Ryzen 5,AMD Radeon Vega,16,2048,Windows 11,Black,Retail Store,Bank Transfer,Enterprise,Ryzen 5,AMD Radeon Vega,0,0.4875,1
Europe,MSI,All-in-One,Ryzen 5,Intel Iris,32,256,Windows 10,Blue,Online,Credit Card,Student,Ryzen 5,Intel Iris,1,0.505,1
Europe,Acer,Desktop,Ryzen 9,Intel UHD,16,1024,Windows 10,Black,Reseller,Bank Transfer,Gamer,Ryzen 9,Intel UHD,1,0.4075,1
Europe,MSI,Gaming Laptop,i9,AMD Radeon Vega,4,256,Windows 11,Silver,Reseller,Credit Card,Professional,i9,AMD Radeon Vega,0,0.425,1
North America,Lenovo,Gaming Laptop,Ryzen 3,Intel Iris,32,2048,Windows 10,Gray,Reseller,Debit Card,Professional,Ryzen 3,Intel Iris,0,0.4125,1
Asia-Pacific,Dell,Desktop,i3,Intel UHD,4,2048,Windows 11,Silver,Retail Store,Credit Card,Student,i3,Intel UHD,0,0.375,1
Europe,MSI,All-in-One,M1,Intel Iris,8,2048,macOS,Gray,Retail Store,Credit Card,Professional,M1,Intel Iris,1,0.3925,1
North America,Dell,Desktop,Ryzen 9,AMD Radeon Vega,8,256,Linux,Gray,Reseller,Credit Card,Enterprise,Ryzen 9,AMD Radeon Vega,0,0.32,0
North America,MSI,Laptop,M2,NVIDIA RTX 2060,4,256,Windows 11,Silver,Online,Bank Transfer,Professional,M2,RTX 2060,0,0.3725,1
Asia-Pacific,Lenovo,All-in-One,i7,NVIDIA GTX 1650,32,2048,macOS,White,Online,Bank Transfer,Gamer,i7,GTX 1650,1,0.4325,1
Europe,MSI,Laptop,Ryzen 5,NVIDIA RTX 3060,8,2048,Windows 10,Silver,Online,Credit Card,Gamer,Ryzen 5,RTX 3060,0,0.3525,1
Europe,Razer,Desktop,M2,Intel UHD,8,1024,macOS,White,Retail Store,PayPal,Gamer,M2,Intel UHD,0,0.2875,0
North America,Microsoft,Gaming Laptop,Ryzen 7,NVIDIA RTX 3060,32,2048,macOS,White,Retail Store,PayPal,Enterprise,Ryzen 7,RTX 3060,1,0.36,1
North America,Dell,All-in-One,M2,Intel UHD,32,1024,Linux,Blue,Online,Bank Transfer,Gamer,M2,Intel UHD,0,0.4525,1
Asia-Pacific,MSI,Gaming Laptop,i9,NVIDIA RTX 2060,32,256,Windows 11,Blue,Online,Debit Card,Professional,i9,RTX 2060,1,0.415,1
Asia-Pacific,Lenovo,All-in-One,i7,Intel Iris,4,1024,Windows 10,Blue,Online,Bank Transfer,Enterprise,i7,Intel Iris,0,0.33,0
North America,Microsoft,Gaming Laptop,i5,NVIDIA GTX 1650,32,2048,macOS,Black,Online,Bank Transfer,Professional,i5,GTX 1650,1,0.48,1
North America,Razer,Desktop,M2,AMD Radeon Vega,4,2048,Windows 11,Black,Retail Store,Credit Card,Student,M2,AMD Radeon Vega,1,0.565,1
Asia-Pacific,MSI,Laptop,Ryzen 7,NVIDIA GTX 1650,4,1024,Windows 10,White,Reseller,Credit Card,Professional,Ryzen 7,GTX 1650,1,0.3475,0
Europe,Razer,Laptop,i3,Intel UHD,32,1024,Linux,Silver,Online,Bank Transfer,Gamer,i3,Intel UHD,1,0.2775,0
Europe,Lenovo,Desktop,M1,Intel UHD,8,1024,macOS,White,Retail Store,Debit Card,Professional,M1,Intel UHD,1,0.2825,0
North America,Samsung,Desktop,M1,AMD Radeon Vega,16,1024,Windows 11,Black,Online,Debit Card,Student,M1,AMD Radeon Vega,0,0.4475,1
North America,Samsung,Desktop,Ryzen 7,NVIDIA RTX 2060,32,256,Windows 10,Gray,Online,Credit Card,Student,Ryzen 7,RTX 2060,0,0.27,0
Asia-Pacific,Acer,Desktop,M1,Intel UHD,4,512,macOS,Black,Reseller,Debit Card,Gamer,M1,Intel UHD,0,0.39,1
Europe,MSI,Gaming Laptop,Ryzen 9,Intel Iris,16,2048,macOS,Blue,Online,Bank Transfer,Professional,Ryzen 9,Intel Iris,0,0.3225,0
Europe,Razer,Gaming Laptop,i7,NVIDIA GTX 1650,16,256,Windows 10,Blue,Reseller,Bank Transfer,Gamer,i7,GTX 1650,0,0.3,0
Europe,MSI,Gaming Laptop,i5,AMD Radeon Vega,32,2048,Windows 10,Blue,Retail Store,PayPal,Student,i5,AMD Radeon Vega,0,0.3975,1
Europe,Acer,Laptop,Ryzen 5,Intel UHD,8,256,macOS,Black,Reseller,Credit Card,Professional,Ryzen 5,Intel UHD,1,0.3725,1
North America,Acer,Laptop,i9,NVIDIA RTX 3060,8,512,Windows 11,White,Online,Credit Card,Gamer,i9,RTX 3060,1,0.2925,0
North America,MSI,Gaming Laptop,i5,NVIDIA GTX 1650,8,256,Linux,White,Retail Store,PayPal,Gamer,i5,GTX 1650,1,0.305,0
Asia-Pacific,Razer,Gaming Laptop,M1,NVIDIA RTX 3060,16,1024,macOS,Silver,Reseller,PayPal,Professional,M1,RTX 3060,0,0.47,1
Europe,Acer,Desktop,M1,Intel Iris,4,2048,Linux,Silver,Retail Store,Debit Card,Professional,M1,Intel Iris,0,0.39,1
Europe,Microsoft,Laptop,i5,AMD Radeon Vega,32,2048,Windows 11,Black,Reseller,Debit Card,Gamer,i5,AMD Radeon Vega,1,0.54,1
North America,HP,Desktop,Ryzen 5,NVIDIA RTX 3060,4,1024,Linux,Gray,Reseller,Bank Transfer,Enterprise,Ryzen 5,RTX 3060,0,0.2375,0
Asia-Pacific,Razer,Laptop,Ryzen 9,AMD Radeon Vega,16,512,Windows 11,Blue,Reseller,Credit Card,Gamer,Ryzen 9,AMD Radeon Vega,1,0.4425,1
Europe,Microsoft,All-in-One,i9,NVIDIA RTX 3060,8,512,Windows 11,White,Retail Store,Bank Transfer,Gamer,i9,RTX 3060,1,0.43,1
Europe,Razer,Desktop,Ryzen 7,NVIDIA RTX 3060,32,2048,Windows 11,Black,Retail Store,Bank Transfer,Enterprise,Ryzen 7,RTX 3060,1,0.35,1
Europe,HP,Desktop,i3,Intel UHD,8,2048,Windows 10,Blue,Retail Store,Bank Transfer,Professional,i3,Intel UHD,1,0.4925,1
Europe,Samsung,Desktop,Ryzen 9,NVIDIA GTX 1650,32,1024,Windows 10,Silver,Retail Store,Debit Card,Enterprise,Ryzen 9,GTX 1650,1,0.3525,1
Europe,Apple,Gaming Laptop,i3,NVIDIA RTX 2060,8,512,macOS,Blue,Retail Store,Credit Card,Gamer,i3,RTX 2060,0,0.4525,1
Europe,Asus,Desktop,i5,Intel UHD,4,512,macOS,White,Reseller,Debit Card,Enterprise,i5,Intel UHD,0,0.39,1
North America,Razer,Desktop,i5,Intel UHD,8,512,macOS,White,Reseller,Bank Transfer,Student,i5,Intel UHD,0,0.4275,1
North America,HP,Desktop,M1,NVIDIA RTX 2060,32,256,Linux,Black,Reseller,Bank Transfer,Enterprise,M1,RTX 2060,0,0.3725,1
North America,MSI,Gaming Laptop,i7,NVIDIA RTX 2060,4,256,Linux,Black,Reseller,PayPal,Professional,i7,RTX 2060,0,0.46,1
Asia-Pacific,HP,Gaming Laptop,M2,NVIDIA RTX 2060,32,512,Windows 10,White,Retail Store,Bank Transfer,Student,M2,RTX 2060,1,0.3275,0
Europe,Apple,Desktop,M1,AMD Radeon Vega,8,2048,macOS,Black,Online,Debit Card,Enterprise,M1,AMD Radeon Vega,0,0.4475,1
Europe,Dell,Gaming Laptop,i3,NVIDIA RTX 2060,8,1024,Windows 10,Gray,Online,Bank Transfer,Enterprise,i3,RTX 2060,0,0.3425,0
North America,Asus,Gaming Laptop,M1,Intel Iris,8,512,Windows 11,Gray,Online,PayPal,Student,M1,Intel Iris,1,0.4375,1
North America,Dell,All-in-One,i9,Intel UHD,8,2048,Linux,Silver,Reseller,Debit Card,Student,i9,Intel UHD,0,0.3475,0
Asia-Pacific,Asus,All-in-One,Ryzen 5,NVIDIA RTX 2060,16,256,macOS,Black,Reseller,Bank Transfer,Student,Ryzen 5,RTX 2060,0,0.485,1
Asia-Pacific,Asus,Laptop,i3,NVIDIA GTX 1650,4,2048,Linux,Black,Retail Store,PayPal,Enterprise,i3,GTX 1650,0,0.385,1
Asia-Pacific,MSI,All-in-One,Ryzen 9,NVIDIA GTX 1650,8,256,macOS,Silver,Retail Store,Debit Card,Professional,Ryzen 9,GTX 1650,0,0.335,0
Europe,MSI,All-in-One,Ryzen 7,NVIDIA RTX 3060,16,1024,macOS,Silver,Reseller,Debit Card,Student,Ryzen 7,RTX 3060,0,0.3775,1
North America,HP,All-in-One,i3,NVIDIA RTX 2060,32,1024,macOS,Black,Reseller,Bank Transfer,Student,i3,RTX 2060,0,0.505,1
North America,Microsoft,Laptop,M1,NVIDIA GTX 1650,16,256,Linux,White,Reseller,Credit Card,Enterprise,M1,GTX 1650,0,0.43,1
Europe,HP,Laptop,M2,NVIDIA RTX 2060,8,2048,Windows 11,Gray,Online,PayPal,Professional,M2,RTX 2060,0,0.33,0
Asia-Pacific,Apple,Laptop,i5,AMD Radeon Vega,16,2048,macOS,Blue,Retail Store,PayPal,Professional,i5,AMD Radeon Vega,1,0.4125,1
Europe,Asus,Gaming Laptop,M1,AMD Radeon Vega,8,2048,macOS,White,Retail Store,PayPal,Gamer,M1,AMD Radeon Vega,1,0.555,1
Asia-Pacific,HP,Gaming Laptop,Ryzen 5,Intel UHD,8,2048,Windows 10,Silver,Retail Store,Bank Transfer,Enterprise,Ryzen 5,Intel UHD,1,0.2875,0
Europe,Microsoft,All-in-One,i3,NVIDIA GTX 1650,16,1024,Windows 11,Silver,Online,Bank Transfer,Student,i3,GTX 1650,0,0.4675,1
Asia-Pacific,Samsung,Gaming Laptop,i3,NVIDIA RTX 2060,8,2048,Windows 10,Gray,Retail Store,Debit Card,Student,i3,RTX 2060,0,0.36,1
North America,Microsoft,Laptop,i3,Intel UHD,4,2048,Windows 10,White,Online,PayPal,Enterprise,i3,Intel UHD,0,0.3525,1
North America,HP,All-in-One,Ryzen 5,NVIDIA RTX 2060,32,256,Windows 11,White,Retail Store,Debit Card,Student,Ryzen 5,RTX 2060,1,0.435,1
North America,MSI,Desktop,Ryzen 5,Intel Iris,32,256,Windows 11,Silver,Online,Debit Card,Enterprise,Ryzen 5,Intel Iris,1,0.435,1
Asia-Pacific,Samsung,Desktop,i9,Intel Iris,16,256,macOS,Silver,Reseller,Debit Card,Gamer,i9,Intel Iris,0,0.44,1
Europe,Acer,All-in-One,Ryzen 7,NVIDIA RTX 2060,4,1024,Linux,Gray,Retail Store,Bank Transfer,Enterprise,Ryzen 7,RTX 2060,1,0.3475,0
North America,Apple,Gaming Laptop,Ryzen 5,AMD Radeon Vega,32,512,macOS,Black,Reseller,PayPal,Gamer,Ryzen 5,AMD Radeon Vega,1,0.5025,1
Europe,Apple,Laptop,i3,Intel UHD,8,2048,macOS,Silver,Retail Store,PayPal,Professional,i3,Intel UHD,0,0.29,0
North America,Microsoft,Desktop,Ryzen 9,AMD Radeon Vega,32,512,macOS,Silver,Online,Debit Card,Gamer,Ryzen 9,AMD Radeon Vega,0,0.23,0
Europe,Razer,Gaming Laptop,i3,Intel UHD,32,512,Windows 10,Blue,Online,Bank Transfer,Student,i3,Intel UHD,0,0.455,1
Europe,Microsoft,Laptop,Ryzen 9,AMD Radeon Vega,32,512,Windows 11,Black,Online,Bank Transfer,Enterprise,Ryzen 9,AMD Radeon Vega,0,0.285,0
Europe,Lenovo,Desktop,i5,NVIDIA RTX 2060,32,512,Windows 10,Gray,Retail Store,Debit Card,Student,i5,RTX 2060,1,0.3,0
North America,Razer,Gaming Laptop,i7,NVIDIA RTX 2060,32,1024,Windows 10,White,Online,Bank Transfer,Professional,i7,RTX 2060,0,0.3525,1
North America,Samsung,All-in-One,Ryzen 5,Intel UHD,32,2048,Windows 11,Silver,Online,PayPal,Gamer,Ryzen 5,Intel UHD,1,0.2975,0
North America,MSI,Desktop,i3,NVIDIA RTX 3060,4,256,Windows 10,Silver,Reseller,Credit Card,Enterprise,i3,RTX 3060,0,0.3675,1
Europe,Apple,Desktop,Ryzen 7,AMD Radeon Vega,32,2048,macOS,Blue,Online,Credit Card,Student,Ryzen 7,AMD Radeon Vega,1,0.2825,0
North America,Apple,All-in-One,i9,NVIDIA RTX 2060,16,1024,macOS,Gray,Reseller,PayPal,Gamer,i9,RTX 2060,1,0.425,1
Asia-Pacific,Lenovo,Laptop,Ryzen 3,Intel UHD,8,512,Windows 10,Blue,Retail Store,Bank Transfer,Student,Ryzen 3,Intel UHD,0,0.37,1
Asia-Pacific,Acer,Desktop,Ryzen 5,NVIDIA GTX 1650,32,2048,Linux,Blue,Online,PayPal,Professional,Ryzen 5,GTX 1650,0,0.365,1
Europe,Razer,All-in-One,M1,NVIDIA GTX 1650,4,256,Linux,Black,Online,PayPal,Professional,M1,GTX 1650,0,0.48,1
Asia-Pacific,Dell,Laptop,i7,NVIDIA GTX 1650,8,256,macOS,Black,Retail Store,Credit Card,Gamer,i7,GTX 1650,0,0.3975,1
Asia-Pacific,Dell,Laptop,Ryzen 3,NVIDIA RTX 3060,4,2048,Windows 11,Blue,Reseller,Debit Card,Professional,Ryzen 3,RTX 3060,1,0.4825,1
North America,MSI,Laptop,i9,NVIDIA GTX 1650,16,512,Linux,Blue,Reseller,Credit Card,Professional,i9,GTX 1650,0,0.355,1
North America,Lenovo,All-in-One,Ryzen 7,NVIDIA RTX 3060,16,256,macOS,Silver,Online,Debit Card,Professional,Ryzen 7,RTX 3060,1,0.2925,0
Europe,Razer,Gaming Laptop,i3,NVIDIA RTX 3060,4,256,Windows 10,Blue,Reseller,Credit Card,Professional,i3,RTX 3060,0,0.4775,1
Europe,HP,Gaming Laptop,M1,NVIDIA GTX 1650,4,256,macOS,Blue,Online,PayPal,Gamer,M1,GTX 1650,0,0.31,0
Asia-Pacific,Razer,Desktop,Ryzen 3,AMD Radeon Vega,32,256,Windows 10,White,Retail Store,Credit Card,Gamer,Ryzen 3,AMD Radeon Vega,0,0.44,1
North America,Acer,Laptop,i3,NVIDIA RTX 3060,8,1024,Linux,Gray,Retail Store,Debit Card,Enterprise,i3,RTX 3060,0,0.305,0
Asia-Pacific,Apple,Laptop,i7,AMD Radeon Vega,16,2048,macOS,Gray,Reseller,PayPal,Professional,i7,AMD Radeon Vega,1,0.4575,1
Europe,HP,All-in-One,Ryzen 5,AMD Radeon Vega,4,256,Windows 10,Blue,Retail Store,PayPal,Professional,Ryzen 5,AMD Radeon Vega,0,0.4125,1
North America,HP,Laptop,i7,Intel UHD,32,512,Windows 11,Gray,Retail Store,Debit Card,Professional,i7,Intel UHD,0,0.3875,1
Europe,Samsung,All-in-One,Ryzen 5,AMD Radeon Vega,8,2048,Linux,Black,Reseller,Bank Transfer,Gamer,Ryzen 5,AMD Radeon Vega,0,0.4775,1
North America,Asus,Laptop,M2,NVIDIA GTX 1650,32,2048,Linux,Silver,Retail Store,Bank Transfer,Enterprise,M2,GTX 1650,0,0.4775,1
North America,Samsung,Laptop,i3,Intel Iris,4,1024,Windows 10,White,Online,Debit Card,Student,i3,Intel Iris,0,0.375,1
North America,Lenovo,Laptop,Ryzen 5,AMD Radeon Vega,4,256,Linux,Black,Online,Credit Card,Gamer,Ryzen 5,AMD Radeon Vega,1,0.48,1
Asia-Pacific,Dell,Laptop,i9,NVIDIA GTX 1650,8,256,Linux,Silver,Reseller,PayPal,Professional,i9,GTX 1650,1,0.455,1
Asia-Pacific,MSI,Gaming Laptop,Ryzen 9,NVIDIA GTX 1650,16,2048,Windows 11,Black,Online,PayPal,Gamer,Ryzen 9,GTX 1650,0,0.3925,1
Asia-Pacific,Dell,All-in-One,Ryzen 3,NVIDIA GTX 1650,32,1024,macOS,White,Online,Bank Transfer,Student,Ryzen 3,GTX 1650,0,0.4525,1
Europe,Microsoft,Desktop,i7,Intel Iris,4,1024,macOS,White,Reseller,PayPal,Student,i7,Intel Iris,0,0.405,1
North America,Dell,Laptop,M2,Intel UHD,8,1024,Windows 11,Black,Online,Credit Card,Professional,M2,Intel UHD,0,0.3575,1
Asia-Pacific,Acer,Desktop,Ryzen 9,NVIDIA GTX 1650,32,256,macOS,Black,Online,Debit Card,Enterprise,Ryzen 9,GTX 1650,1,0.36,1
Asia-Pacific,MSI,All-in-One,M1,NVIDIA GTX 1650,32,2048,Windows 11,Black,Retail Store,Bank Transfer,Student,M1,GTX 1650,0,0.4675,1
Europe,Asus,Laptop,M2,Intel UHD,8,1024,Linux,Silver,Retail Store,Bank Transfer,Gamer,M2,Intel UHD,1,0.3125,0
Asia-Pacific,HP,Laptop,i7,NVIDIA RTX 2060,16,1024,Windows 11,Gray,Retail Store,Bank Transfer,Enterprise,i7,RTX 2060,0,0.555,1
North America,Samsung,All-in-One,Ryzen 5,Intel Iris,4,256,Linux,Black,Online,Credit Card,Student,Ryzen 5,Intel Iris,0,0.425,1
Europe,Dell,Laptop,Ryzen 3,NVIDIA RTX 3060,32,1024,Windows 10,White,Reseller,Debit Card,Professional,Ryzen 3,RTX 3060,1,0.3875,1
North America,Apple,Gaming Laptop,i7,AMD Radeon Vega,8,512,macOS,Silver,Online,Credit Card,Enterprise,i7,AMD Radeon Vega,1,0.3675,1
Europe,Dell,Laptop,i7,NVIDIA RTX 3060,16,2048,macOS,White,Online,PayPal,Gamer,i7,RTX 3060,1,0.46,1
Europe,Microsoft,Laptop,i9,NVIDIA RTX 2060,16,512,macOS,Gray,Reseller,Debit Card,Professional,i9,RTX 2060,1,0.33,0
Europe,HP,Desktop,i9,NVIDIA GTX 1650,16,512,macOS,Black,Online,Debit Card,Professional,i9,GTX 1650,0,0.4375,1
Asia-Pacific,Samsung,Laptop,i7,NVIDIA RTX 2060,8,2048,Windows 11,Gray,Reseller,PayPal,Student,i7,RTX 2060,1,0.3975,1
Asia-Pacific,Samsung,Laptop,Ryzen 5,AMD Radeon Vega,8,256,Linux,Silver,Online,Credit Card,Professional,Ryzen 5,AMD Radeon Vega,1,0.375,1
North America,Lenovo,Gaming Laptop,Ryzen 7,Intel Iris,8,256,macOS,Gray,Reseller,Debit Card,Professional,Ryzen 7,Intel Iris,0,0.44,1
Europe,Microsoft,All-in-One,Ryzen 5,Intel UHD,4,256,Windows 11,Blue,Online,Credit Card,Enterprise,Ryzen 5,Intel UHD,0,0.395,1
North America,Razer,Desktop,i7,AMD Radeon Vega,32,256,Windows 10,Silver,Reseller,Debit Card,Enterprise,i7,AMD Radeon Vega,0,0.4225,1
Europe,MSI,Gaming Laptop,i5,NVIDIA GTX 1650,4,512,macOS,White,Online,Credit Card,Student,i5,GTX 1650,1,0.3325,0
Europe,Asus,Laptop,Ryzen 5,Intel UHD,8,512,macOS,Blue,Retail Store,Credit Card,Student,Ryzen 5,Intel UHD,0,0.365,1
Asia-Pacific,MSI,Laptop,M2,NVIDIA RTX 3060,16,1024,Linux,Silver,Online,PayPal,Professional,M2,RTX 3060,0,0.4975,1
Asia-Pacific,Asus,All-in-One,i9,Intel UHD,8,512,Linux,Black,Online,Bank Transfer,Professional,i9,Intel UHD,1,0.415,1
North America,Microsoft,Desktop,i5,NVIDIA RTX 3060,4,512,Windows 11,Blue,Retail Store,Debit Card,Enterprise,i5,RTX 3060,1,0.47,1
North America,Dell,Desktop,i9,NVIDIA RTX 2060,16,512,macOS,Black,Retail Store,PayPal,Enterprise,i9,RTX 2060,0,0.465,1
North America,Microsoft,Laptop,M2,NVIDIA RTX 2060,16,1024,macOS,White,Retail Store,Bank Transfer,Professional,M2,RTX 2060,1,0.34,0
Asia-Pacific,Dell,Desktop,Ryzen 5,Intel UHD,8,2048,macOS,Black,Online,PayPal,Student,Ryzen 5,Intel UHD,0,0.4425,1
North America,Dell,Laptop,M2,AMD Radeon Vega,4,512,Windows 11,Gray,Reseller,Bank Transfer,Gamer,M2,AMD Radeon Vega,0,0.4325,1
Asia-Pacific,Lenovo,Laptop,i7,NVIDIA GTX 1650,16,512,Windows 11,Blue,Reseller,Credit Card,Professional,i7,GTX 1650,0,0.4475,1
North America,MSI,Gaming Laptop,Ryzen 7,AMD Radeon Vega,8,256,macOS,Silver,Online,Credit Card,Student,Ryzen 7,AMD Radeon Vega,1,0.4075,1
North America,Acer,Gaming Laptop,M1,NVIDIA RTX 3060,4,256,macOS,White,Online,Debit Card,Professional,M1,RTX 3060,0,0.455,1
North America,Asus,All-in-One,i9,AMD Radeon Vega,4,2048,Windows 11,Black,Online,Bank Transfer,Student,i9,AMD Radeon Vega,0,0.4225,1
Europe,Asus,Laptop,M2,Intel Iris,16,2048,Linux,White,Online,Debit Card,Enterprise,M2,Intel Iris,1,0.4475,1
Europe,Razer,Desktop,M1,Intel UHD,8,2048,Linux,Black,Retail Store,Debit Card,Gamer,M1,Intel UHD,0,0.425,1
North America,Acer,Desktop,i3,Intel Iris,8,512,Windows 11,Blue,Online,Debit Card,Gamer,i3,Intel Iris,1,0.365,1
Europe,Razer,Laptop,M2,NVIDIA GTX 1650,4,1024,Windows 11,Silver,Reseller,Credit Card,Gamer,M2,GTX 1650,1,0.4175,1
Europe,Lenovo,All-in-One,M2,Intel Iris,16,256,Windows 10,Black,Retail Store,Debit Card,Gamer,M2,Intel Iris,1,0.44,1
North America,Apple,Laptop,i7,AMD Radeon Vega,4,2048,macOS,White,Online,Credit Card,Professional,i7,AMD Radeon Vega,1,0.2875,0
North America,HP,All-in-One,i9,Intel Iris,32,512,Windows 11,White,Retail Store,Credit Card,Professional,i9,Intel Iris,0,0.305,0
North America,Acer,Desktop,i3,Intel UHD,32,512,Windows 10,Gray,Reseller,Debit Card,Student,i3,Intel UHD,1,0.3225,0
Europe,HP,Gaming Laptop,Ryzen 7,Intel Iris,32,512,Linux,White,Retail Store,Credit Card,Gamer,Ryzen 7,Intel Iris,0,0.3075,0
Europe,Acer,All-in-One,Ryzen 7,Intel Iris,8,256,Windows 10,White,Retail Store,Credit Card,Student,Ryzen 7,Intel Iris,0,0.3525,1
Europe,Lenovo,Desktop,i9,Intel Iris,32,256,Windows 10,Silver,Online,Credit Card,Student,i9,Intel Iris,1,0.37,1
Asia-Pacific,Razer,Laptop,Ryzen 9,NVIDIA RTX 3060,16,2048,Windows 10,Black,Online,Bank Transfer,Student,Ryzen 9,RTX 3060,0,0.36,1
Asia-Pacific,Apple,Laptop,M1,NVIDIA GTX 1650,4,2048,macOS,Black,Online,PayPal,Gamer,M1,GTX 1650,0,0.52,1
Europe,MSI,All-in-One,i5,NVIDIA RTX 3060,8,256,Windows 10,Silver,Retail Store,Debit Card,Enterprise,i5,RTX 3060,0,0.4075,1
Asia-Pacific,Microsoft,Gaming Laptop,i9,Intel UHD,8,1024,macOS,Black,Retail Store,Debit Card,Student,i9,Intel UHD,0,0.4125,1
North America,Asus,Laptop,M2,AMD Radeon Vega,8,1024,Linux,White,Retail Store,Bank Transfer,Student,M2,AMD Radeon Vega,1,0.3425,0
Asia-Pacific,Dell,Desktop,i3,Intel UHD,16,512,Windows 10,Blue,Retail Store,Debit Card,Gamer,i3,Intel UHD,0,0.45,1
Asia-Pacific,Razer,Gaming Laptop,Ryzen 9,Intel Iris,8,256,Linux,Silver,Online,Credit Card,Gamer,Ryzen 9,Intel Iris,0,0.4,1
Europe,Asus,Desktop,i3,Intel Iris,8,512,Linux,Silver,Online,Debit Card,Gamer,i3,Intel Iris,0,0.3025,0
North America,Microsoft,Desktop,Ryzen 3,NVIDIA RTX 3060,16,1024,Linux,White,Retail Store,Credit Card,Gamer,Ryzen 3,RTX 3060,0,0.2825,0
North America,Lenovo,All-in-One,i7,Intel Iris,16,1024,Windows 10,Black,Reseller,Debit Card,Student,i7,Intel Iris,0,0.3875,1
North America,Acer,All-in-One,Ryzen 9,Intel UHD,32,2048,Linux,Blue,Retail Store,Bank Transfer,Gamer,Ryzen 9,Intel UHD,1,0.3175,0
Asia-Pacific,MSI,Gaming Laptop,M1,NVIDIA RTX 3060,4,256,Windows 11,Black,Reseller,Bank Transfer,Enterprise,M1,RTX 3060,0,0.465,1
North America,Lenovo,All-in-One,i3,NVIDIA GTX 1650,32,2048,Linux,Silver,Retail Store,Credit Card,Enterprise,i3,GTX 1650,0,0.4875,1
North America,Razer,All-in-One,M2,AMD Radeon Vega,8,2048,macOS,White,Retail Store,Credit Card,Enterprise,M2,AMD Radeon Vega,0,0.385,1
North America,Dell,Desktop,i7,NVIDIA RTX 2060,8,2048,macOS,White,Retail Store,Credit Card,Professional,i7,RTX 2060,1,0.4475,1
North America,Asus,Desktop,M1,NVIDIA GTX 1650,8,2048,Windows 11,Gray,Retail Store,Credit Card,Enterprise,M1,GTX 1650,1,0.32,0
Asia-Pacific,HP,Laptop,Ryzen 9,NVIDIA GTX 1650,32,512,Linux,Blue,Online,Credit Card,Gamer,Ryzen 9,GTX 1650,1,0.4,1
Asia-Pacific,Acer,All-in-One,M1,NVIDIA RTX 3060,16,1024,Windows 10,Silver,Retail Store,Bank Transfer,Professional,M1,RTX 3060,0,0.415,1
Asia-Pacific,HP,Laptop,Ryzen 7,NVIDIA GTX 1650,4,512,Linux,Silver,Retail Store,PayPal,Gamer,Ryzen 7,GTX 1650,1,0.4,1
North America,MSI,Desktop,Ryzen 9,Intel UHD,16,2048,Windows 11,Black,Online,Credit Card,Enterprise,Ryzen 9,Intel UHD,1,0.375,1
Asia-Pacific,Asus,All-in-One,i5,Intel UHD,16,1024,Windows 11,Blue,Reseller,Bank Transfer,Professional,i5,Intel UHD,0,0.4375,1
Asia-Pacific,Apple,Laptop,i9,NVIDIA RTX 3060,16,1024,macOS,Gray,Retail Store,Debit Card,Gamer,i9,RTX 3060,0,0.4225,1
North America,Dell,All-in-One,i3,Intel Iris,16,1024,macOS,Gray,Online,Debit Card,Enterprise,i3,Intel Iris,0,0.45,1
Asia-Pacific,Microsoft,Gaming Laptop,Ryzen 7,NVIDIA RTX 3060,4,256,Linux,White,Retail Store,Debit Card,Enterprise,Ryzen 7,RTX 3060,1,0.3575,1
Asia-Pacific,Lenovo,All-in-One,Ryzen 3,Intel Iris,8,512,macOS,Black,Retail Store,Bank Transfer,Student,Ryzen 3,Intel Iris,1,0.355,1
Asia-Pacific,Samsung,Gaming Laptop,Ryzen 5,NVIDIA RTX 3060,16,512,Windows 11,Gray,Retail Store,PayPal,Gamer,Ryzen 5,RTX 3060,1,0.2575,0
North America,Asus,Gaming Laptop,Ryzen 7,NVIDIA RTX 3060,32,512,Linux,Black,Reseller,PayPal,Professional,Ryzen 7,RTX 3060,1,0.3875,1
Europe,Razer,Gaming Laptop,i9,NVIDIA RTX 3060,32,256,Linux,Blue,Retail Store,Credit Card,Enterprise,i9,RTX 3060,0,0.4475,1
North America,Apple,Desktop,i7,Intel Iris,32,2048,macOS,White,Retail Store,PayPal,Professional,i7,Intel Iris,0,0.5425,1
Asia-Pacific,Samsung,Desktop,i5,Intel Iris,4,1024,Windows 11,Gray,Reseller,Credit Card,Student,i5,Intel Iris,0,0.475,1
Asia-Pacific,Asus,Laptop,i7,AMD Radeon Vega,32,2048,macOS,Gray,Retail Store,Credit Card,Enterprise,i7,AMD Radeon Vega,0,0.47,1
Asia-Pacific,Acer,All-in-One,Ryzen 9,AMD Radeon Vega,8,256,Linux,Gray,Reseller,Debit Card,Gamer,Ryzen 9,AMD Radeon Vega,1,0.325,0
North America,Samsung,Laptop,M2,NVIDIA RTX 3060,4,1024,Windows 10,Silver,Retail Store,Debit Card,Enterprise,M2,RTX 3060,0,0.455,1
Asia-Pacific,Apple,Gaming Laptop,i7,AMD Radeon Vega,4,2048,macOS,Blue,Online,PayPal,Gamer,i7,AMD Radeon Vega,0,0.465,1
Asia-Pacific,Microsoft,Desktop,M1,AMD Radeon Vega,16,2048,Windows 11,Blue,Online,Debit Card,Professional,M1,AMD Radeon Vega,0,0.4225,1
Asia-Pacific,Lenovo,All-in-One,M1,AMD Radeon Vega,16,512,Windows 11,Black,Online,Debit Card,Professional,M1,AMD Radeon Vega,0,0.41,1
North America,Acer,Laptop,M2,NVIDIA RTX 3060,4,1024,macOS,Black,Online,PayPal,Enterprise,M2,RTX 3060,0,0.42,1
Europe,Lenovo,Gaming Laptop,M1,NVIDIA GTX 1650,4,256,Windows 10,Silver,Online,Bank Transfer,Gamer,M1,GTX 1650,1,0.25,0
Europe,HP,Laptop,Ryzen 9,NVIDIA GTX 1650,16,2048,Windows 11,White,Reseller,Credit Card,Professional,Ryzen 9,GTX 1650,0,0.375,1
North America,Samsung,All-in-One,i5,NVIDIA RTX 2060,16,1024,Windows 11,White,Online,Bank Transfer,Enterprise,i5,RTX 2060,0,0.4825,1
Asia-Pacific,Acer,Desktop,i5,AMD Radeon Vega,4,256,Linux,Gray,Retail Store,Bank Transfer,Student,i5,AMD Radeon Vega,0,0.25,0
Asia-Pacific,Lenovo,All-in-One,i5,NVIDIA RTX 3060,4,256,Linux,White,Reseller,Debit Card,Enterprise,i5,RTX 3060,0,0.38,1
North America,HP,Gaming Laptop,i9,AMD Radeon Vega,16,256,Linux,Blue,Reseller,Bank Transfer,Student,i9,AMD Radeon Vega,1,0.385,1
North America,Lenovo,Laptop,i7,Intel Iris,4,1024,macOS,Gray,Retail Store,Bank Transfer,Enterprise,i7,Intel Iris,0,0.495,1
Asia-Pacific,Microsoft,Desktop,M1,NVIDIA GTX 1650,32,2048,Windows 11,Black,Reseller,Bank Transfer,Student,M1,GTX 1650,0,0.4925,1
Asia-Pacific,Samsung,All-in-One,i3,Intel Iris,16,2048,macOS,Black,Retail Store,Bank Transfer,Student,i3,Intel Iris,1,0.36,1
Asia-Pacific,Samsung,Gaming Laptop,M1,Intel Iris,32,2048,macOS,White,Reseller,Credit Card,Professional,M1,Intel Iris,1,0.34,0
North America,Microsoft,Desktop,Ryzen 9,NVIDIA RTX 3060,4,512,macOS,White,Online,Credit Card,Professional,Ryzen 9,RTX 3060,0,0.4175,1
North America,Lenovo,Laptop,Ryzen 9,Intel UHD,16,2048,macOS,Gray,Reseller,Credit Card,Enterprise,Ryzen 9,Intel UHD,1,0.3575,1
Asia-Pacific,HP,Desktop,i5,AMD Radeon Vega,32,2048,macOS,Gray,Retail Store,Credit Card,Enterprise,i5,AMD Radeon Vega,1,0.305,0
Europe,Samsung,All-in-One,Ryzen 9,Intel UHD,32,2048,Linux,White,Online,Credit Card,Enterprise,Ryzen 9,Intel UHD,0,0.31,0
Asia-Pacific,Asus,Gaming Laptop,M1,NVIDIA RTX 2060,8,2048,Linux,Blue,Retail Store,Credit Card,Gamer,M1,RTX 2060,0,0.285,0
Europe,Lenovo,All-in-One,Ryzen 9,NVIDIA GTX 1650,32,512,macOS,Blue,Retail Store,Debit Card,Gamer,Ryzen 9,GTX 1650,1,0.4575,1
Europe,HP,Gaming Laptop,M1,NVIDIA RTX 3060,32,1024,Linux,White,Retail Store,Debit Card,Professional,M1,RTX 3060,0,0.3625,1
Europe,Asus,Gaming Laptop,Ryzen 7,NVIDIA GTX 1650,8,1024,macOS,White,Reseller,Bank Transfer,Gamer,Ryzen 7,GTX 1650,0,0.3225,0
Asia-Pacific,Apple,Laptop,Ryzen 9,Intel UHD,16,256,macOS,Blue,Online,Credit Card,Professional,Ryzen 9,Intel UHD,1,0.32,0
North America,Dell,All-in-One,i7,Intel UHD,32,512,macOS,Black,Online,Bank Transfer,Student,i7,Intel UHD,0,0.35,1
Asia-Pacific,Dell,Desktop,i7,Intel Iris,16,1024,Windows 11,Gray,Reseller,PayPal,Enterprise,i7,Intel Iris,1,0.3775,1
Europe,Microsoft,Laptop,M2,Intel Iris,8,2048,Windows 10,Gray,Retail Store,Bank Transfer,Enterprise,M2,Intel Iris,0,0.335,0
North America,Samsung,Gaming Laptop,i3,Intel Iris,32,2048,Windows 10,Gray,Retail Store,PayPal,Enterprise,i3,Intel Iris,0,0.425,1
Europe,Lenovo,Laptop,Ryzen 5,AMD Radeon Vega,32,256,macOS,Silver,Online,Bank Transfer,Student,Ryzen 5,AMD Radeon Vega,0,0.415,1
Europe,Asus,Laptop,i5,NVIDIA RTX 2060,32,256,Windows 10,Silver,Reseller,PayPal,Gamer,i5,RTX 2060,0,0.35,1
North America,Apple,All-in-One,Ryzen 3,Intel UHD,4,512,macOS,Black,Online,Credit Card,Gamer,Ryzen 3,Intel UHD,1,0.5,1
Asia-Pacific,MSI,Laptop,i5,NVIDIA RTX 2060,32,1024,Windows 10,Gray,Online,PayPal,Enterprise,i5,RTX 2060,0,0.39,1
North America,Asus,Desktop,Ryzen 3,NVIDIA RTX 3060,32,512,Windows 11,White,Online,Credit Card,Student,Ryzen 3,RTX 3060,1,0.42,1
Asia-Pacific,Lenovo,Desktop,Ryzen 9,NVIDIA RTX 3060,4,1024,Linux,Blue,Retail Store,Credit Card,Gamer,Ryzen 9,RTX 3060,1,0.3125,0
Europe,Asus,All-in-One,i7,Intel Iris,4,2048,Windows 10,Black,Online,PayPal,Student,i7,Intel Iris,0,0.3525,1
North America,Dell,All-in-One,Ryzen 5,Intel Iris,32,512,Linux,White,Reseller,Debit Card,Student,Ryzen 5,Intel Iris,1,0.4125,1
Europe,HP,Laptop,i9,NVIDIA GTX 1650,16,256,Windows 11,Gray,Reseller,PayPal,Enterprise,i9,GTX 1650,0,0.4125,1
Asia-Pacific,Dell,Laptop,Ryzen 9,NVIDIA RTX 3060,32,2048,Windows 10,Black,Online,Debit Card,Student,Ryzen 9,RTX 3060,0,0.3675,1
Europe,HP,All-in-One,Ryzen 9,Intel UHD,4,1024,Windows 11,Black,Retail Store,Credit Card,Student,Ryzen 9,Intel UHD,0,0.3525,1
North America,Acer,Desktop,i3,Intel Iris,16,1024,Windows 11,Blue,Retail Store,Bank Transfer,Gamer,i3,Intel Iris,0,0.315,0
Europe,Razer,Desktop,Ryzen 7,Intel UHD,8,1024,macOS,Blue,Reseller,Bank Transfer,Enterprise,Ryzen 7,Intel UHD,1,0.385,1
Asia-Pacific,Razer,Laptop,Ryzen 3,AMD Radeon Vega,32,2048,Windows 10,Silver,Retail Store,PayPal,Gamer,Ryzen 3,AMD Radeon Vega,0,0.4675,1
Europe,Razer,Gaming Laptop,Ryzen 5,Intel Iris,8,512,macOS,Silver,Online,Credit Card,Professional,Ryzen 5,Intel Iris,1,0.455,1
Europe,Samsung,Gaming Laptop,M1,NVIDIA GTX 1650,8,2048,Linux,Gray,Online,Credit Card,Student,M1,GTX 1650,0,0.3425,0
Europe,Microsoft,Gaming Laptop,i9,AMD Radeon Vega,4,2048,Linux,Gray,Online,Bank Transfer,Student,i9,AMD Radeon Vega,0,0.3475,0
Europe,HP,All-in-One,Ryzen 3,NVIDIA RTX 2060,16,256,macOS,Gray,Online,Credit Card,Enterprise,Ryzen 3,RTX 2060,0,0.4425,1
Europe,Razer,Desktop,Ryzen 9,NVIDIA GTX 1650,8,512,macOS,Gray,Online,PayPal,Gamer,Ryzen 9,GTX 1650,1,0.285,0
North America,Razer,All-in-One,Ryzen 3,NVIDIA RTX 3060,32,256,Windows 11,Blue,Reseller,Credit Card,Professional,Ryzen 3,RTX 3060,1,0.44,1
North America,MSI,Desktop,Ryzen 3,AMD Radeon Vega,32,1024,Windows 10,Blue,Online,Debit Card,Student,Ryzen 3,AMD Radeon Vega,1,0.375,1
Asia-Pacific,HP,All-in-One,Ryzen 5,AMD Radeon Vega,8,2048,Windows 11,White,Retail Store,Debit Card,Professional,Ryzen 5,AMD Radeon Vega,1,0.305,0
Europe,Microsoft,Gaming Laptop,Ryzen 7,NVIDIA RTX 3060,16,512,Windows 10,White,Reseller,PayPal,Professional,Ryzen 7,RTX 3060,1,0.3625,1
Asia-Pacific,Microsoft,Gaming Laptop,Ryzen 3,AMD Radeon Vega,4,1024,Linux,Gray,Online,Bank Transfer,Gamer,Ryzen 3,AMD Radeon Vega,1,0.27,0
Asia-Pacific,Dell,Laptop,Ryzen 9,NVIDIA RTX 3060,8,512,Windows 11,Gray,Reseller,Bank Transfer,Professional,Ryzen 9,RTX 3060,1,0.325,0
Europe,MSI,Gaming Laptop,Ryzen 9,Intel UHD,16,2048,Linux,Silver,Reseller,PayPal,Gamer,Ryzen 9,Intel UHD,1,0.2775,0
Europe,HP,Gaming Laptop,M1,NVIDIA RTX 3060,4,1024,macOS,Silver,Retail Store,PayPal,Professional,M1,RTX 3060,1,0.45,1
Europe,Acer,Desktop,i9,NVIDIA GTX 1650,4,1024,Linux,Silver,Reseller,Debit Card,Gamer,i9,GTX 1650,1,0.39,1
North America,Samsung,Desktop,Ryzen 5,Intel Iris,8,512,Windows 10,Blue,Online,PayPal,Student,Ryzen 5,Intel Iris,1,0.415,1
Asia-Pacific,Asus,All-in-One,i3,AMD Radeon Vega,32,2048,macOS,Black,Reseller,Credit Card,Student,i3,AMD Radeon Vega,0,0.4825,1
North America,Apple,All-in-One,i5,NVIDIA RTX 3060,8,256,macOS,Blue,Retail Store,PayPal,Student,i5,RTX 3060,1,0.43,1
Asia-Pacific,Razer,Desktop,Ryzen 3,NVIDIA RTX 3060,4,256,Windows 11,Gray,Online,Bank Transfer,Enterprise,Ryzen 3,RTX 3060,0,0.4225,1
North America,Dell,Laptop,M1,Intel UHD,32,2048,Windows 10,Gray,Reseller,Bank Transfer,Student,M1,Intel UHD,0,0.41,1
Europe,Razer,All-in-One,i9,NVIDIA GTX 1650,32,2048,Windows 10,Gray,Retail Store,PayPal,Professional,i9,GTX 1650,1,0.3925,1
North America,Acer,Laptop,Ryzen 9,NVIDIA GTX 1650,4,256,macOS,Blue,Reseller,Bank Transfer,Professional,Ryzen 9,GTX 1650,1,0.3975,1
North America,Asus,Laptop,i5,AMD Radeon Vega,32,2048,macOS,Blue,Reseller,PayPal,Gamer,i5,AMD Radeon Vega,0,0.3925,1
Asia-Pacific,Lenovo,Desktop,Ryzen 9,Intel Iris,8,2048,Linux,Blue,Reseller,Bank Transfer,Enterprise,Ryzen 9,Intel Iris,0,0.34,0
Europe,Samsung,Desktop,M1,Intel UHD,32,512,macOS,Blue,Reseller,Debit Card,Student,M1,Intel UHD,0,0.4275,1
North America,Asus,Gaming Laptop,Ryzen 3,NVIDIA RTX 3060,16,2048,Windows 11,Gray,Reseller,Bank Transfer,Gamer,Ryzen 3,RTX 3060,1,0.3875,1
Europe,Razer,Desktop,M1,Intel Iris,4,256,macOS,White,Reseller,Bank Transfer,Professional,M1,Intel Iris,0,0.375,1
Europe,Asus,All-in-One,M1,AMD Radeon Vega,8,256,Windows 10,Gray,Reseller,Credit Card,Gamer,M1,AMD Radeon Vega,0,0.44,1
Europe,Lenovo,Desktop,Ryzen 9,NVIDIA RTX 3060,16,256,Linux,Black,Reseller,PayPal,Enterprise,Ryzen 9,RTX 3060,0,0.5,1
North America,Asus,All-in-One,M2,AMD Radeon Vega,16,512,Windows 11,Blue,Retail Store,Bank Transfer,Professional,M2,AMD Radeon Vega,0,0.3625,1
Asia-Pacific,Lenovo,All-in-One,Ryzen 7,NVIDIA RTX 3060,4,256,Linux,Silver,Online,PayPal,Gamer,Ryzen 7,RTX 3060,0,0.395,1
Europe,Acer,Desktop,Ryzen 9,NVIDIA GTX 1650,8,2048,Linux,Silver,Reseller,Credit Card,Gamer,Ryzen 9,GTX 1650,1,0.21,0
Europe,Acer,All-in-One,i9,NVIDIA RTX 3060,32,256,Linux,Black,Online,Credit Card,Professional,i9,RTX 3060,0,0.37,1
North America,Samsung,All-in-One,M1,Intel Iris,4,256,Windows 11,Blue,Reseller,Credit Card,Professional,M1,Intel Iris,0,0.3325,0
North America,Microsoft,Laptop,Ryzen 7,NVIDIA RTX 2060,8,512,Windows 10,Gray,Reseller,PayPal,Student,Ryzen 7,RTX 2060,0,0.265,0
Europe,Apple,All-in-One,M1,Intel UHD,32,1024,macOS,White,Retail Store,Credit Card,Enterprise,M1,Intel UHD,1,0.3675,1
Asia-Pacific,Acer,Gaming Laptop,Ryzen 5,Intel Iris,16,1024,Windows 11,Silver,Online,PayPal,Student,Ryzen 5,Intel Iris,0,0.435,1
North America,Samsung,Gaming Laptop,M2,Intel UHD,32,1024,macOS,Silver,Online,Credit Card,Gamer,M2,Intel UHD,1,0.2775,0
Asia-Pacific,Apple,Desktop,i9,AMD Radeon Vega,8,512,macOS,Silver,Online,Bank Transfer,Student,i9,AMD Radeon Vega,1,0.3325,0
North America,Acer,Desktop,i9,NVIDIA GTX 1650,4,1024,Windows 10,Gray,Retail Store,Bank Transfer,Enterprise,i9,GTX 1650,0,0.36,1
Europe,Acer,All-in-One,M2,Intel Iris,4,2048,Windows 11,Black,Retail Store,Bank Transfer,Professional,M2,Intel Iris,0,0.33,0
Europe,Microsoft,All-in-One,i5,NVIDIA RTX 2060,16,256,Windows 11,Silver,Online,PayPal,Student,i5,RTX 2060,1,0.3025,0
Europe,MSI,Desktop,Ryzen 9,Intel UHD,8,2048,Windows 11,Blue,Online,Debit Card,Professional,Ryzen 9,Intel UHD,0,0.3525,1
North America,Lenovo,All-in-One,Ryzen 7,NVIDIA RTX 2060,16,2048,macOS,Silver,Reseller,Credit Card,Enterprise,Ryzen 7,RTX 2060,1,0.3675,1
North America,Acer,Gaming Laptop,i5,NVIDIA GTX 1650,4,256,Windows 11,Silver,Reseller,PayPal,Enterprise,i5,GTX 1650,1,0.3025,0
Asia-Pacific,Samsung,Desktop,i7,NVIDIA GTX 1650,4,256,macOS,Blue,Retail Store,Bank Transfer,Professional,i7,GTX 1650,1,0.36,1
Europe,Apple,Laptop,M1,NVIDIA RTX 3060,16,512,macOS,Blue,Retail Store,PayPal,Professional,M1,RTX 3060,0,0.515,1
North America,Microsoft,Gaming Laptop,Ryzen 9,NVIDIA RTX 2060,8,2048,Linux,Gray,Reseller,PayPal,Student,Ryzen 9,RTX 2060,0,0.445,1
Europe,Acer,Gaming Laptop,Ryzen 7,NVIDIA RTX 3060,16,1024,Linux,Gray,Reseller,PayPal,Student,Ryzen 7,RTX 3060,1,0.31,0
Asia-Pacific,Dell,Desktop,Ryzen 7,NVIDIA RTX 3060,8,512,Linux,Blue,Reseller,Debit Card,Professional,Ryzen 7,RTX 3060,1,0.3375,0
North America,Razer,All-in-One,i3,Intel UHD,4,512,macOS,Black,Retail Store,PayPal,Gamer,i3,Intel UHD,1,0.4025,1
Asia-Pacific,Acer,Gaming Laptop,M2,Intel Iris,16,256,Windows 11,Silver,Retail Store,PayPal,Gamer,M2,Intel Iris,0,0.39,1
North America,HP,All-in-One,M1,NVIDIA RTX 2060,16,2048,macOS,Silver,Retail Store,Debit Card,Student,M1,RTX 2060,1,0.4325,1
Asia-Pacific,MSI,Laptop,Ryzen 5,Intel Iris,16,1024,Windows 10,Gray,Retail Store,Bank Transfer,Professional,Ryzen 5,Intel Iris,0,0.375,1
Asia-Pacific,Samsung,All-in-One,Ryzen 5,NVIDIA RTX 2060,8,512,Linux,Gray,Online,Bank Transfer,Student,Ryzen 5,RTX 2060,1,0.33,0
North America,Samsung,All-in-One,M2,NVIDIA RTX 2060,4,256,Windows 10,White,Online,Debit Card,Gamer,M2,RTX 2060,1,0.355,1
North America,Microsoft,Desktop,Ryzen 5,AMD Radeon Vega,4,256,Linux,Gray,Retail Store,PayPal,Professional,Ryzen 5,AMD Radeon Vega,0,0.33,0
North America,Razer,All-in-One,i5,Intel UHD,8,512,macOS,Gray,Retail Store,Bank Transfer,Professional,i5,Intel UHD,0,0.4525,1
Asia-Pacific,Lenovo,All-in-One,M2,Intel UHD,4,256,Linux,Gray,Reseller,PayPal,Gamer,M2,Intel UHD,1,0.3425,0
Europe,Lenovo,Gaming Laptop,i3,Intel Iris,4,256,macOS,Blue,Online,Debit Card,Enterprise,i3,Intel Iris,1,0.47,1
North America,Razer,All-in-One,i9,NVIDIA GTX 1650,4,256,Windows 11,White,Reseller,Bank Transfer,Student,i9,GTX 1650,0,0.4275,1
Asia-Pacific,HP,Gaming Laptop,Ryzen 3,Intel Iris,8,256,Windows 10,Black,Online,Bank Transfer,Student,Ryzen 3,Intel Iris,1,0.2925,0
North America,Samsung,Laptop,Ryzen 3,Intel UHD,16,1024,Windows 10,Gray,Retail Store,Bank Transfer,Student,Ryzen 3,Intel UHD,1,0.4275,1
Europe,MSI,Desktop,i5,NVIDIA RTX 2060,32,512,Windows 11,Black,Retail Store,PayPal,Enterprise,i5,RTX 2060,1,0.4475,1
Europe,Asus,All-in-One,M2,Intel Iris,16,256,Windows 10,White,Retail Store,Bank Transfer,Student,M2,Intel Iris,1,0.4,1
North America,Lenovo,Gaming Laptop,Ryzen 9,Intel UHD,32,512,Windows 11,Blue,Retail Store,PayPal,Gamer,Ryzen 9,Intel UHD,0,0.415,1
North America,Razer,Desktop,M1,Intel Iris,8,2048,Windows 11,Black,Online,PayPal,Enterprise,M1,Intel Iris,0,0.4375,1
Europe,MSI,Laptop,i9,NVIDIA RTX 2060,4,256,macOS,Silver,Reseller,Debit Card,Enterprise,i9,RTX 2060,1,0.415,1
North America,HP,Gaming Laptop,i7,NVIDIA GTX 1650,4,512,Windows 11,Blue,Reseller,Bank Transfer,Student,i7,GTX 1650,0,0.34,0
North America,MSI,All-in-One,i5,AMD Radeon Vega,8,2048,Linux,Silver,Reseller,Bank Transfer,Gamer,i5,AMD Radeon Vega,1,0.32,0
North America,Dell,Gaming Laptop,Ryzen 5,NVIDIA RTX 3060,16,256,macOS,White,Online,Bank Transfer,Enterprise,Ryzen 5,RTX 3060,0,0.3825,1
North America,Razer,All-in-One,Ryzen 5,AMD Radeon Vega,32,2048,Windows 10,Black,Retail Store,Debit Card,Student,Ryzen 5,AMD Radeon Vega,0,0.595,1
North America,Samsung,Desktop,M1,AMD Radeon Vega,4,1024,Windows 10,Black,Online,Credit Card,Student,M1,AMD Radeon Vega,1,0.335,0
North America,Microsoft,All-in-One,i3,AMD Radeon Vega,4,2048,Windows 11,Gray,Retail Store,Bank Transfer,Student,i3,AMD Radeon Vega,1,0.4225,1
Europe,Dell,Desktop,Ryzen 5,Intel Iris,32,2048,Linux,Silver,Reseller,Bank Transfer,Gamer,Ryzen 5,Intel Iris,1,0.3625,1
Europe,Asus,Laptop,i3,Intel UHD,4,2048,Windows 10,Gray,Reseller,Bank Transfer,Professional,i3,Intel UHD,1,0.4575,1
Europe,Asus,Desktop,i5,Intel Iris,4,512,Linux,Blue,Reseller,Credit Card,Gamer,i5,Intel Iris,0,0.385,1
Asia-Pacific,MSI,Laptop,i7,NVIDIA RTX 2060,16,1024,Windows 10,Silver,Online,Bank Transfer,Professional,i7,RTX 2060,1,0.51,1
North America,Apple,Laptop,M1,Intel Iris,4,2048,macOS,Gray,Retail Store,Bank Transfer,Professional,M1,Intel Iris,0,0.405,1
Asia-Pacific,HP,All-in-One,Ryzen 9,Intel Iris,16,256,macOS,Blue,Retail Store,Bank Transfer,Student,Ryzen 9,Intel Iris,1,0.46,1
Asia-Pacific,Asus,Laptop,i9,NVIDIA GTX 1650,8,2048,Windows 10,Silver,Retail Store,PayPal,Student,i9,GTX 1650,1,0.465,1
Europe,Microsoft,All-in-One,M1,NVIDIA GTX 1650,8,2048,Linux,Black,Reseller,Credit Card,Student,M1,GTX 1650,1,0.505,1
Europe,Dell,All-in-One,Ryzen 7,Intel Iris,4,512,Windows 11,White,Reseller,Credit Card,Gamer,Ryzen 7,Intel Iris,0,0.3475,0
North America,Dell,All-in-One,Ryzen 3,Intel UHD,32,256,macOS,White,Reseller,Credit Card,Enterprise,Ryzen 3,Intel UHD,0,0.43,1
Asia-Pacific,Asus,Laptop,i9,Intel UHD,16,256,Linux,Gray,Reseller,Debit Card,Student,i9,Intel UHD,1,0.4475,1
North America,Acer,Desktop,i3,NVIDIA RTX 2060,32,256,Linux,White,Reseller,Debit Card,Student,i3,RTX 2060,0,0.445,1
North America,Apple,Gaming Laptop,i3,NVIDIA RTX 3060,32,2048,macOS,Gray,Online,Bank Transfer,Professional,i3,RTX 3060,0,0.5925,1
Asia-Pacific,Dell,Gaming Laptop,Ryzen 3,Intel Iris,8,256,Windows 11,Black,Reseller,PayPal,Student,Ryzen 3,Intel Iris,1,0.425,1
Asia-Pacific,Microsoft,Gaming Laptop,i3,AMD Radeon Vega,8,512,macOS,Silver,Online,Debit Card,Professional,i3,AMD Radeon Vega,0,0.2425,0
Asia-Pacific,MSI,Laptop,i9,Intel UHD,4,512,Windows 10,Gray,Retail Store,Debit Card,Professional,i9,Intel UHD,0,0.32,0
Europe,Asus,Laptop,Ryzen 9,Intel UHD,4,1024,macOS,Blue,Retail Store,Credit Card,Gamer,Ryzen 9,Intel UHD,0,0.25,0
North America,MSI,All-in-One,Ryzen 9,NVIDIA GTX 1650,32,1024,Windows 10,Silver,Reseller,Bank Transfer,Gamer,Ryzen 9,GTX 1650,0,0.4375,1
Europe,HP,Laptop,i5,Intel Iris,8,512,Windows 10,White,Reseller,Credit Card,Student,i5,Intel Iris,0,0.3975,1
Europe,Lenovo,Laptop,Ryzen 5,NVIDIA RTX 3060,16,512,Windows 10,Black,Reseller,Bank Transfer,Gamer,Ryzen 5,RTX 3060,1,0.3275,0
Asia-Pacific,Microsoft,Desktop,M2,NVIDIA RTX 2060,16,2048,Linux,White,Retail Store,PayPal,Student,M2,RTX 2060,0,0.3875,1
Europe,Samsung,Desktop,Ryzen 5,Intel Iris,4,2048,Linux,Black,Online,Debit Card,Professional,Ryzen 5,Intel Iris,1,0.265,0
North America,HP,Gaming Laptop,M2,Intel UHD,32,512,Windows 10,Black,Retail Store,Credit Card,Student,M2,Intel UHD,1,0.4175,1
North America,Apple,Laptop,Ryzen 3,Intel UHD,4,1024,macOS,Gray,Reseller,Debit Card,Professional,Ryzen 3,Intel UHD,0,0.3225,0
Asia-Pacific,Microsoft,All-in-One,Ryzen 5,NVIDIA RTX 2060,8,512,macOS,Blue,Retail Store,Bank Transfer,Professional,Ryzen 5,RTX 2060,0,0.42,1
Asia-Pacific,Acer,Gaming Laptop,i9,NVIDIA GTX 1650,8,512,macOS,Silver,Online,PayPal,Gamer,i9,GTX 1650,0,0.335,0
Asia-Pacific,Razer,Laptop,Ryzen 5,Intel Iris,8,1024,Windows 11,Blue,Reseller,Debit Card,Enterprise,Ryzen 5,Intel Iris,1,0.49,1
North America,HP,Desktop,Ryzen 3,NVIDIA RTX 2060,32,2048,Linux,Gray,Online,PayPal,Enterprise,Ryzen 3,RTX 2060,1,0.365,1
Asia-Pacific,Lenovo,Desktop,i3,AMD Radeon Vega,8,256,Windows 10,Gray,Reseller,PayPal,Enterprise,i3,AMD Radeon Vega,0,0.385,1
Europe,Microsoft,Desktop,i9,Intel Iris,4,256,Windows 10,Black,Online,Bank Transfer,Professional,i9,Intel Iris,0,0.295,0
Europe,Microsoft,Gaming Laptop,Ryzen 7,Intel Iris,32,2048,Windows 11,Gray,Retail Store,Bank Transfer,Professional,Ryzen 7,Intel Iris,1,0.375,1
Europe,Dell,All-in-One,i7,Intel UHD,4,1024,Windows 11,Silver,Online,PayPal,Professional,i7,Intel UHD,0,0.4125,1
North America,Samsung,Laptop,Ryzen 5,NVIDIA RTX 2060,8,512,Windows 11,Blue,Reseller,Bank Transfer,Enterprise,Ryzen 5,RTX 2060,1,0.4175,1
North America,Asus,Desktop,Ryzen 9,AMD Radeon Vega,16,2048,Linux,Gray,Reseller,Credit Card,Gamer,Ryzen 9,AMD Radeon Vega,0,0.385,1
Europe,Acer,Gaming Laptop,M2,NVIDIA RTX 2060,32,512,Windows 10,Silver,Reseller,Credit Card,Professional,M2,RTX 2060,1,0.405,1
Europe,Acer,Desktop,Ryzen 3,NVIDIA RTX 3060,16,256,macOS,Black,Reseller,Credit Card,Student,Ryzen 3,RTX 3060,0,0.54,1
Europe,Samsung,Gaming Laptop,i3,Intel UHD,8,256,macOS,Black,Retail Store,Bank Transfer,Student,i3,Intel UHD,0,0.3625,1
North America,Lenovo,Gaming Laptop,Ryzen 7,Intel Iris,32,512,Linux,Blue,Online,PayPal,Professional,Ryzen 7,Intel Iris,0,0.51,1
North America,HP,Gaming Laptop,i7,AMD Radeon Vega,32,1024,macOS,White,Online,Bank Transfer,Gamer,i7,AMD Radeon Vega,0,0.405,1
North America,Apple,Desktop,M2,AMD Radeon Vega,8,1024,macOS,Blue,Retail Store,Credit Card,Enterprise,M2,AMD Radeon Vega,0,0.4,1
North America,Lenovo,All-in-One,M2,AMD Radeon Vega,32,512,Windows 10,White,Online,Credit Card,Gamer,M2,AMD Radeon Vega,0,0.3575,1
North America,HP,Desktop,i7,NVIDIA RTX 2060,8,2048,Windows 11,Gray,Online,Debit Card,Professional,i7,RTX 2060,1,0.405,1
Asia-Pacific,MSI,All-in-One,i3,NVIDIA RTX 3060,32,1024,macOS,Gray,Reseller,Bank Transfer,Professional,i3,RTX 3060,1,0.4325,1
North America,Microsoft,Desktop,Ryzen 9,Intel UHD,8,2048,Linux,Gray,Online,Debit Card,Enterprise,Ryzen 9,Intel UHD,0,0.42,1
North America,Asus,Laptop,Ryzen 7,Intel Iris,4,1024,Linux,Silver,Online,Debit Card,Gamer,Ryzen 7,Intel Iris,1,0.4125,1
Asia-Pacific,Dell,All-in-One,i3,Intel UHD,8,1024,Windows 10,White,Retail Store,Bank Transfer,Student,i3,Intel UHD,0,0.59,1
North America,Dell,Desktop,i3,AMD Radeon Vega,4,2048,macOS,Blue,Reseller,Debit Card,Enterprise,i3,AMD Radeon Vega,1,0.59,1
Asia-Pacific,HP,Desktop,Ryzen 7,NVIDIA RTX 3060,8,2048,Linux,Silver,Online,Credit Card,Gamer,Ryzen 7,RTX 3060,0,0.4675,1
Asia-Pacific,Dell,All-in-One,i7,NVIDIA GTX 1650,8,1024,Windows 10,White,Online,PayPal,Professional,i7,GTX 1650,1,0.495,1
Asia-Pacific,Lenovo,Desktop,M2,NVIDIA RTX 2060,4,1024,macOS,Black,Reseller,Credit Card,Gamer,M2,RTX 2060,1,0.3875,1
North America,Microsoft,Gaming Laptop,Ryzen 9,NVIDIA RTX 2060,8,256,macOS,Gray,Retail Store,Debit Card,Professional,Ryzen 9,RTX 2060,0,0.395,1
Europe,Dell,Gaming Laptop,Ryzen 7,NVIDIA RTX 3060,8,256,Windows 11,White,Online,Credit Card,Gamer,Ryzen 7,RTX 3060,1,0.2675,0
North America,Samsung,Desktop,i5,NVIDIA GTX 1650,8,256,Windows 10,Silver,Reseller,PayPal,Professional,i5,GTX 1650,0,0.425,1
Asia-Pacific,MSI,Gaming Laptop,M1,NVIDIA GTX 1650,32,512,macOS,Silver,Retail Store,PayPal,Gamer,M1,GTX 1650,1,0.4025,1
North America,Razer,Gaming Laptop,Ryzen 7,Intel Iris,32,1024,Windows 11,Black,Reseller,Debit Card,Enterprise,Ryzen 7,Intel Iris,0,0.4575,1
North America,Dell,Gaming Laptop,M2,NVIDIA RTX 2060,32,512,Windows 11,Gray,Reseller,Debit Card,Gamer,M2,RTX 2060,0,0.43,1
North America,Dell,Laptop,i7,NVIDIA RTX 3060,8,256,macOS,Blue,Reseller,PayPal,Student,i7,RTX 3060,0,0.4275,1
North America,HP,All-in-One,M1,NVIDIA RTX 3060,32,256,Windows 11,Blue,Reseller,Debit Card,Enterprise,M1,RTX 3060,1,0.3,0
Europe,Lenovo,Desktop,Ryzen 3,NVIDIA GTX 1650,8,512,Linux,Gray,Retail Store,Bank Transfer,Enterprise,Ryzen 3,GTX 1650,0,0.4,1
North America,Dell,Gaming Laptop,i3,NVIDIA RTX 2060,16,1024,macOS,Silver,Reseller,PayPal,Enterprise,i3,RTX 2060,0,0.46,1
Europe,Dell,Laptop,Ryzen 9,Intel Iris,4,2048,macOS,Blue,Retail Store,PayPal,Enterprise,Ryzen 9,Intel Iris,0,0.4625,1
Europe,Asus,Desktop,M2,Intel Iris,16,1024,Windows 11,White,Reseller,Debit Card,Gamer,M2,Intel Iris,0,0.5125,1
Asia-Pacific,MSI,All-in-One,i9,Intel UHD,4,2048,macOS,White,Reseller,Bank Transfer,Gamer,i9,Intel UHD,0,0.425,1
Asia-Pacific,Apple,All-in-One,i5,Intel UHD,16,1024,macOS,Black,Retail Store,Credit Card,Student,i5,Intel UHD,0,0.405,1
North America,Acer,Laptop,i7,Intel Iris,16,2048,Linux,White,Retail Store,PayPal,Gamer,i7,Intel Iris,0,0.3475,0
Asia-Pacific,Microsoft,Gaming Laptop,i7,NVIDIA GTX 1650,8,512,macOS,Blue,Online,PayPal,Professional,i7,GTX 1650,0,0.3475,0
North America,Microsoft,Gaming Laptop,Ryzen 5,NVIDIA RTX 3060,32,1024,Linux,Black,Reseller,PayPal,Student,Ryzen 5,RTX 3060,1,0.4,1
Europe,Dell,Desktop,M1,Intel UHD,32,256,Linux,Gray,Retail Store,PayPal,Professional,M1,Intel UHD,1,0.3525,1
Asia-Pacific,Samsung,Desktop,Ryzen 5,AMD Radeon Vega,8,1024,Windows 10,Gray,Reseller,Bank Transfer,Enterprise,Ryzen 5,AMD Radeon Vega,1,0.3075,0
Europe,Acer,All-in-One,Ryzen 5,NVIDIA RTX 3060,32,2048,macOS,Blue,Reseller,PayPal,Student,Ryzen 5,RTX 3060,1,0.2825,0
Asia-Pacific,MSI,Gaming Laptop,i3,Intel Iris,4,1024,Windows 10,Black,Retail Store,Credit Card,Gamer,i3,Intel Iris,1,0.395,1
North America,Apple,Gaming Laptop,M1,Intel UHD,16,2048,macOS,White,Retail Store,Bank Transfer,Professional,M1,Intel UHD,1,0.2825,0
Europe,Lenovo,Laptop,M2,NVIDIA RTX 3060,16,256,Windows 11,Black,Reseller,Bank Transfer,Gamer,M2,RTX 3060,1,0.3325,0
Europe,MSI,Laptop,i7,NVIDIA RTX 2060,32,2048,Windows 10,Blue,Retail Store,Bank Transfer,Professional,i7,RTX 2060,1,0.425,1
North America,Lenovo,Gaming Laptop,Ryzen 9,AMD Radeon Vega,16,2048,Windows 11,White,Retail Store,Credit Card,Gamer,Ryzen 9,AMD Radeon Vega,1,0.2925,0
Europe,Asus,All-in-One,i7,Intel Iris,16,2048,Windows 10,Silver,Retail Store,Bank Transfer,Professional,i7,Intel Iris,0,0.4425,1
Asia-Pacific,HP,Gaming Laptop,Ryzen 5,Intel UHD,16,1024,Windows 10,Silver,Reseller,Bank Transfer,Enterprise,Ryzen 5,Intel UHD,1,0.36,1
North America,MSI,Gaming Laptop,Ryzen 3,NVIDIA RTX 2060,8,512,macOS,Silver,Reseller,Credit Card,Student,Ryzen 3,RTX 2060,0,0.4525,1
Asia-Pacific,Apple,All-in-One,i9,NVIDIA GTX 1650,32,512,macOS,Silver,Retail Store,Credit Card,Gamer,i9,GTX 1650,0,0.35,1
Asia-Pacific,Lenovo,Desktop,Ryzen 3,Intel UHD,32,2048,Linux,Blue,Reseller,Debit Card,Professional,Ryzen 3,Intel UHD,1,0.4075,1
Asia-Pacific,Asus,All-in-One,Ryzen 3,NVIDIA RTX 2060,8,1024,Windows 11,Blue,Online,Debit Card,Professional,Ryzen 3,RTX 2060,0,0.335,0
Asia-Pacific,Dell,Gaming Laptop,Ryzen 3,NVIDIA GTX 1650,16,256,Linux,Blue,Retail Store,Debit Card,Student,Ryzen 3,GTX 1650,0,0.47,1
Asia-Pacific,Apple,All-in-One,i5,Intel Iris,8,2048,macOS,Blue,Online,Debit Card,Gamer,i5,Intel Iris,0,0.4675,1
Europe,MSI,Gaming Laptop,i5,Intel Iris,4,1024,Windows 11,Blue,Reseller,Bank Transfer,Enterprise,i5,Intel Iris,1,0.3675,1
Asia-Pacific,HP,Gaming Laptop,M1,Intel UHD,8,1024,Windows 11,Blue,Retail Store,PayPal,Student,M1,Intel UHD,0,0.485,1
North America,Samsung,Gaming Laptop,Ryzen 5,Intel UHD,16,512,Linux,Gray,Online,Credit Card,Student,Ryzen 5,Intel UHD,0,0.385,1
North America,Samsung,Desktop,Ryzen 3,NVIDIA RTX 3060,8,512,Linux,Black,Retail Store,Bank Transfer,Enterprise,Ryzen 3,RTX 3060,1,0.53,1
Europe,Dell,Gaming Laptop,M2,Intel Iris,16,1024,Windows 11,Black,Retail Store,Credit Card,Professional,M2,Intel Iris,1,0.4925,1
Europe,Lenovo,Desktop,i3,NVIDIA RTX 3060,16,1024,Windows 10,Blue,Online,Credit Card,Enterprise,i3,RTX 3060,0,0.5625,1
North America,Apple,Laptop,M2,Intel Iris,32,512,macOS,Blue,Retail Store,Credit Card,Enterprise,M2,Intel Iris,0,0.39,1
Europe,HP,Desktop,Ryzen 9,Intel UHD,16,1024,macOS,White,Retail Store,Debit Card,Gamer,Ryzen 9,Intel UHD,1,0.395,1
Asia-Pacific,Apple,Desktop,Ryzen 9,Intel UHD,16,256,macOS,White,Online,Debit Card,Gamer,Ryzen 9,Intel UHD,0,0.25,0
North America,Lenovo,Desktop,i9,Intel Iris,32,2048,macOS,White,Retail Store,Credit Card,Gamer,i9,Intel Iris,1,0.42,1
Asia-Pacific,Razer,Gaming Laptop,i5,NVIDIA RTX 2060,4,1024,macOS,Gray,Online,Credit Card,Gamer,i5,RTX 2060,0,0.3325,0
Europe,HP,Laptop,i5,NVIDIA RTX 2060,8,1024,Windows 11,Silver,Online,Credit Card,Professional,i5,RTX 2060,1,0.3175,0
Asia-Pacific,MSI,Gaming Laptop,M2,NVIDIA RTX 2060,8,1024,Linux,White,Online,Debit Card,Gamer,M2,RTX 2060,1,0.3725,1
Europe,Razer,Gaming Laptop,i7,Intel Iris,4,2048,Windows 11,Silver,Reseller,Credit Card,Enterprise,i7,Intel Iris,1,0.4825,1
Europe,MSI,Laptop,i5,NVIDIA GTX 1650,32,1024,Windows 11,Blue,Online,Debit Card,Professional,i5,GTX 1650,0,0.365,1
Asia-Pacific,Dell,All-in-One,Ryzen 5,Intel UHD,8,1024,macOS,White,Online,PayPal,Student,Ryzen 5,Intel UHD,1,0.5625,1
Asia-Pacific,Asus,Laptop,i3,Intel UHD,8,512,Windows 11,Blue,Retail Store,Credit Card,Student,i3,Intel UHD,0,0.4075,1
Europe,Microsoft,Gaming Laptop,i3,NVIDIA GTX 1650,4,512,macOS,Silver,Reseller,PayPal,Enterprise,i3,GTX 1650,0,0.5175,1
Asia-Pacific,MSI,Gaming Laptop,Ryzen 5,AMD Radeon Vega,4,1024,macOS,Black,Retail Store,Bank Transfer,Professional,Ryzen 5,AMD Radeon Vega,0,0.425,1
Europe,Microsoft,Gaming Laptop,i5,Intel Iris,32,512,Windows 10,Silver,Reseller,Debit Card,Gamer,i5,Intel Iris,0,0.335,0
Europe,Lenovo,Laptop,Ryzen 3,NVIDIA RTX 3060,4,512,Linux,Silver,Online,Debit Card,Gamer,Ryzen 3,RTX 3060,0,0.3175,0
North America,HP,Gaming Laptop,M1,NVIDIA GTX 1650,32,1024,Linux,White,Retail Store,Bank Transfer,Student,M1,GTX 1650,0,0.4,1
Europe,Apple,All-in-One,M1,NVIDIA RTX 2060,4,256,macOS,Silver,Retail Store,PayPal,Enterprise,M1,RTX 2060,0,0.4125,1
Europe,MSI,All-in-One,M1,NVIDIA RTX 2060,8,256,Linux,Gray,Online,PayPal,Enterprise,M1,RTX 2060,0,0.5075,1
North America,Lenovo,Desktop,M1,AMD Radeon Vega,32,2048,Windows 11,Blue,Retail Store,PayPal,Enterprise,M1,AMD Radeon Vega,1,0.4425,1
Asia-Pacific,Lenovo,Desktop,i9,Intel UHD,4,256,Windows 10,Blue,Online,Debit Card,Student,i9,Intel UHD,0,0.415,1
Asia-Pacific,Razer,Gaming Laptop,Ryzen 7,AMD Radeon Vega,4,256,Windows 10,Blue,Retail Store,Bank Transfer,Professional,Ryzen 7,AMD Radeon Vega,1,0.44,1
Asia-Pacific,Razer,Gaming Laptop,i9,NVIDIA RTX 3060,4,256,Linux,Blue,Online,Credit Card,Student,i9,RTX 3060,0,0.38,1
Europe,Acer,All-in-One,i3,AMD Radeon Vega,32,2048,macOS,White,Reseller,PayPal,Gamer,i3,AMD Radeon Vega,0,0.3775,1
Asia-Pacific,MSI,Laptop,i3,NVIDIA RTX 2060,32,256,Windows 10,Silver,Retail Store,PayPal,Gamer,i3,RTX 2060,0,0.2925,0
North America,Razer,Desktop,M2,NVIDIA RTX 3060,4,256,macOS,Gray,Reseller,Debit Card,Professional,M2,RTX 3060,0,0.365,1
North America,Apple,Desktop,Ryzen 5,Intel UHD,16,1024,macOS,Black,Online,Credit Card,Professional,Ryzen 5,Intel UHD,0,0.3825,1
Europe,Asus,Laptop,Ryzen 3,NVIDIA RTX 2060,16,2048,Windows 11,Blue,Online,Debit Card,Student,Ryzen 3,RTX 2060,0,0.3325,0
Europe,Dell,All-in-One,Ryzen 7,NVIDIA GTX 1650,8,2048,Windows 10,Blue,Online,Debit Card,Enterprise,Ryzen 7,GTX 1650,0,0.3625,1
North America,HP,All-in-One,M2,NVIDIA RTX 3060,32,1024,Windows 10,Blue,Online,Bank Transfer,Student,M2,RTX 3060,1,0.36,1
Europe,HP,Laptop,Ryzen 5,NVIDIA RTX 3060,16,512,Linux,Black,Retail Store,PayPal,Professional,Ryzen 5,RTX 3060,1,0.44,1
North America,Razer,All-in-One,i9,NVIDIA RTX 3060,8,2048,macOS,White,Online,Credit Card,Professional,i9,RTX 3060,0,0.3475,0
North America,Acer,Laptop,M1,AMD Radeon Vega,4,1024,Windows 11,White,Online,Bank Transfer,Gamer,M1,AMD Radeon Vega,1,0.405,1
North America,Samsung,All-in-One,Ryzen 5,Intel Iris,8,256,macOS,Gray,Reseller,PayPal,Gamer,Ryzen 5,Intel Iris,0,0.35,1
North America,Apple,Gaming Laptop,Ryzen 3,NVIDIA RTX 2060,4,2048,macOS,Blue,Reseller,PayPal,Enterprise,Ryzen 3,RTX 2060,1,0.4025,1
Asia-Pacific,Dell,All-in-One,i9,NVIDIA RTX 3060,16,256,Linux,Silver,Online,PayPal,Student,i9,RTX 3060,0,0.335,0
Asia-Pacific,Dell,Laptop,Ryzen 3,NVIDIA GTX 1650,8,1024,Windows 10,Black,Retail Store,Bank Transfer,Professional,Ryzen 3,GTX 1650,1,0.4425,1
Asia-Pacific,MSI,Desktop,M2,NVIDIA RTX 2060,4,1024,Windows 11,Black,Retail Store,Bank Transfer,Professional,M2,RTX 2060,0,0.3575,1
Asia-Pacific,HP,Laptop,i5,NVIDIA RTX 3060,8,2048,Windows 10,Black,Reseller,Bank Transfer,Enterprise,i5,RTX 3060,1,0.3675,1
North America,Asus,Desktop,M2,Intel UHD,4,512,Windows 11,White,Retail Store,Debit Card,Gamer,M2,Intel UHD,0,0.415,1
Asia-Pacific,Apple,Desktop,i5,AMD Radeon Vega,4,512,macOS,Blue,Online,Debit Card,Professional,i5,AMD Radeon Vega,1,0.415,1
Europe,HP,Laptop,Ryzen 5,Intel Iris,32,1024,Linux,Blue,Reseller,Bank Transfer,Gamer,Ryzen 5,Intel Iris,1,0.335,0
Asia-Pacific,Microsoft,Gaming Laptop,i5,NVIDIA GTX 1650,4,1024,macOS,Blue,Online,Credit Card,Student,i5,GTX 1650,0,0.32,0
North America,Dell,Desktop,M2,NVIDIA RTX 2060,16,2048,macOS,White,Retail Store,Bank Transfer,Professional,M2,RTX 2060,1,0.465,1
North America,Dell,Gaming Laptop,i5,NVIDIA RTX 3060,32,256,macOS,Black,Online,Debit Card,Student,i5,RTX 3060,1,0.515,1
Asia-Pacific,Razer,Gaming Laptop,i3,Intel Iris,16,1024,Windows 11,Gray,Online,Bank Transfer,Student,i3,Intel Iris,0,0.51,1
Asia-Pacific,Apple,Gaming Laptop,Ryzen 5,Intel UHD,4,256,macOS,Black,Reseller,PayPal,Gamer,Ryzen 5,Intel UHD,0,0.4325,1
Europe,Apple,Gaming Laptop,Ryzen 3,Intel UHD,8,512,macOS,Gray,Online,PayPal,Professional,Ryzen 3,Intel UHD,1,0.4575,1
Europe,Dell,Desktop,M2,NVIDIA RTX 3060,4,256,Windows 11,Black,Retail Store,Credit Card,Student,M2,RTX 3060,0,0.5175,1
North America,Asus,Desktop,Ryzen 3,Intel UHD,4,2048,Linux,Gray,Retail Store,Debit Card,Gamer,Ryzen 3,Intel UHD,0,0.2875,0
Europe,Apple,Desktop,Ryzen 7,Intel UHD,4,1024,macOS,White,Online,Credit Card,Gamer,Ryzen 7,Intel UHD,0,0.3575,1
North America,Microsoft,Gaming Laptop,Ryzen 7,AMD Radeon Vega,8,256,Windows 10,Gray,Online,Credit Card,Gamer,Ryzen 7,AMD Radeon Vega,1,0.39,1
North America,Dell,Laptop,M1,NVIDIA RTX 2060,8,2048,macOS,Black,Online,Debit Card,Gamer,M1,RTX 2060,1,0.425,1
Asia-Pacific,Samsung,Desktop,Ryzen 9,AMD Radeon Vega,32,512,Linux,White,Retail Store,PayPal,Professional,Ryzen 9,AMD Radeon Vega,1,0.4025,1
Asia-Pacific,Asus,Desktop,i7,AMD Radeon Vega,16,2048,Windows 11,White,Retail Store,Credit Card,Gamer,i7,AMD Radeon Vega,0,0.4525,1
Europe,Acer,Desktop,i9,NVIDIA RTX 3060,16,2048,Windows 11,Gray,Online,Debit Card,Gamer,i9,RTX 3060,1,0.335,0
Europe,HP,All-in-One,Ryzen 5,NVIDIA RTX 2060,16,256,Windows 11,Gray,Retail Store,PayPal,Enterprise,Ryzen 5,RTX 2060,1,0.365,1
Europe,Lenovo,Desktop,i9,Intel Iris,4,1024,Windows 10,Blue,Reseller,PayPal,Student,i9,Intel Iris,1,0.4175,1
Europe,Apple,Gaming Laptop,Ryzen 7,Intel Iris,4,1024,macOS,Black,Reseller,Credit Card,Enterprise,Ryzen 7,Intel Iris,1,0.4825,1
North America,HP,Gaming Laptop,Ryzen 7,NVIDIA RTX 2060,32,1024,macOS,Gray,Online,PayPal,Gamer,Ryzen 7,RTX 2060,0,0.3425,0
Asia-Pacific,HP,Gaming Laptop,Ryzen 3,NVIDIA GTX 1650,16,512,Linux,Gray,Reseller,Credit Card,Professional,Ryzen 3,GTX 1650,0,0.5,1
Asia-Pacific,HP,Desktop,Ryzen 5,Intel UHD,32,512,Windows 11,Blue,Reseller,Bank Transfer,Enterprise,Ryzen 5,Intel UHD,1,0.4225,1
North America,Razer,Laptop,i3,Intel UHD,32,1024,Linux,White,Online,PayPal,Enterprise,i3,Intel UHD,0,0.41,1
North America,Apple,Gaming Laptop,M2,NVIDIA RTX 3060,32,256,macOS,Black,Retail Store,Bank Transfer,Enterprise,M2,RTX 3060,0,0.58,1
Asia-Pacific,MSI,Desktop,i3,AMD Radeon Vega,32,2048,Windows 11,Black,Online,Debit Card,Enterprise,i3,AMD Radeon Vega,0,0.39,1
Asia-Pacific,Lenovo,Laptop,Ryzen 7,NVIDIA RTX 3060,16,1024,macOS,Silver,Retail Store,Debit Card,Enterprise,Ryzen 7,RTX 3060,0,0.5475,1
Asia-Pacific,Asus,All-in-One,M2,AMD Radeon Vega,32,256,macOS,Black,Reseller,Debit Card,Enterprise,M2,AMD Radeon Vega,0,0.43,1
Asia-Pacific,Asus,All-in-One,Ryzen 3,AMD Radeon Vega,32,2048,macOS,Blue,Retail Store,Credit Card,Student,Ryzen 3,AMD Radeon Vega,1,0.3925,1
Asia-Pacific,Dell,Gaming Laptop,i5,Intel UHD,4,1024,Windows 10,Black,Retail Store,Credit Card,Gamer,i5,Intel UHD,0,0.55,1
Asia-Pacific,Acer,Gaming Laptop,i9,NVIDIA GTX 1650,8,1024,Windows 10,Black,Online,Bank Transfer,Gamer,i9,GTX 1650,0,0.2925,0
Europe,Dell,Laptop,Ryzen 5,NVIDIA GTX 1650,8,512,Windows 10,Black,Retail Store,PayPal,Enterprise,Ryzen 5,GTX 1650,1,0.38,1
Asia-Pacific,Razer,Laptop,Ryzen 7,NVIDIA RTX 2060,16,2048,macOS,Gray,Online,Bank Transfer,Professional,Ryzen 7,RTX 2060,0,0.4175,1
North America,Apple,Laptop,M1,AMD Radeon Vega,32,256,macOS,White,Reseller,Bank Transfer,Professional,M1,AMD Radeon Vega,0,0.465,1
Asia-Pacific,Apple,Gaming Laptop,i3,AMD Radeon Vega,4,512,macOS,Black,Retail Store,Credit Card,Gamer,i3,AMD Radeon Vega,1,0.33,0
Asia-Pacific,Lenovo,Desktop,Ryzen 9,NVIDIA GTX 1650,4,256,Windows 11,Silver,Online,PayPal,Student,Ryzen 9,GTX 1650,0,0.375,1
North America,HP,Laptop,i7,NVIDIA RTX 3060,16,1024,Windows 10,Silver,Retail Store,Debit Card,Student,i7,RTX 3060,0,0.4475,1
North America,Razer,Gaming Laptop,Ryzen 9,NVIDIA RTX 2060,4,256,macOS,Black,Retail Store,Bank Transfer,Enterprise,Ryzen 9,RTX 2060,0,0.26,0
North America,Dell,Laptop,Ryzen 7,Intel Iris,8,256,Windows 10,Gray,Reseller,Bank Transfer,Professional,Ryzen 7,Intel Iris,1,0.43,1
Asia-Pacific,Lenovo,Laptop,M1,NVIDIA RTX 2060,32,2048,macOS,Gray,Retail Store,PayPal,Professional,M1,RTX 2060,1,0.3525,1
Asia-Pacific,HP,Gaming Laptop,M1,Intel UHD,8,1024,Windows 11,Blue,Retail Store,PayPal,Enterprise,M1,Intel UHD,1,0.4925,1
Asia-Pacific,Acer,All-in-One,M1,AMD Radeon Vega,32,256,macOS,Silver,Reseller,Bank Transfer,Gamer,M1,AMD Radeon Vega,0,0.3675,1
Europe,Acer,All-in-One,i5,AMD Radeon Vega,32,256,Windows 10,Black,Online,Debit Card,Gamer,i5,AMD Radeon Vega,0,0.545,1
Europe,HP,Desktop,i3,NVIDIA RTX 2060,16,1024,macOS,Blue,Reseller,Debit Card,Gamer,i3,RTX 2060,0,0.355,1
North America,HP,Laptop,Ryzen 5,Intel UHD,4,1024,Windows 11,Blue,Online,Debit Card,Enterprise,Ryzen 5,Intel UHD,1,0.4225,1
North America,Lenovo,Laptop,i3,AMD Radeon Vega,4,1024,Windows 10,Silver,Retail Store,Credit Card,Gamer,i3,AMD Radeon Vega,1,0.28,0
Europe,Asus,Laptop,i3,NVIDIA RTX 2060,8,512,Windows 11,Blue,Reseller,Bank Transfer,Professional,i3,RTX 2060,0,0.475,1
Europe,Razer,Desktop,i7,NVIDIA RTX 3060,16,256,macOS,Silver,Online,PayPal,Student,i7,RTX 3060,0,0.47,1
Asia-Pacific,Razer,Desktop,Ryzen 7,Intel Iris,16,1024,Windows 11,Black,Online,PayPal,Professional,Ryzen 7,Intel Iris,0,0.51,1
Europe,Samsung,All-in-One,M2,NVIDIA GTX 1650,8,2048,Linux,Gray,Reseller,Bank Transfer,Student,M2,GTX 1650,0,0.4575,1
Europe,Microsoft,Gaming Laptop,i5,NVIDIA RTX 3060,8,256,Windows 11,Blue,Retail Store,Credit Card,Gamer,i5,RTX 3060,1,0.3925,1
North America,Samsung,Gaming Laptop,Ryzen 5,NVIDIA RTX 2060,4,2048,Windows 10,Black,Reseller,Bank Transfer,Enterprise,Ryzen 5,RTX 2060,0,0.3125,0
North America,Apple,All-in-One,Ryzen 5,AMD Radeon Vega,4,512,macOS,Black,Reseller,Credit Card,Enterprise,Ryzen 5,AMD Radeon Vega,1,0.4725,1
Europe,Microsoft,All-in-One,i7,Intel Iris,8,256,macOS,Black,Online,Bank Transfer,Professional,i7,Intel Iris,0,0.33,0
Europe,HP,Gaming Laptop,M1,Intel UHD,4,2048,Windows 10,Blue,Retail Store,PayPal,Enterprise,M1,Intel UHD,0,0.4275,1
Europe,HP,All-in-One,Ryzen 9,Intel UHD,16,1024,Linux,Gray,Online,Credit Card,Enterprise,Ryzen 9,Intel UHD,0,0.3925,1
Europe,Apple,All-in-One,Ryzen 7,Intel UHD,8,256,macOS,Blue,Retail Store,Bank Transfer,Gamer,Ryzen 7,Intel UHD,0,0.21,0
North America,Dell,All-in-One,i5,Intel Iris,8,512,Linux,Silver,Retail Store,Debit Card,Professional,i5,Intel Iris,1,0.44,1
Europe,Microsoft,Gaming Laptop,Ryzen 3,Intel Iris,4,1024,Windows 10,Gray,Reseller,Debit Card,Professional,Ryzen 3,Intel Iris,0,0.42,1
Europe,Dell,Desktop,i5,NVIDIA GTX 1650,8,512,Linux,Silver,Retail Store,PayPal,Gamer,i5,GTX 1650,0,0.405,1
Asia-Pacific,MSI,Desktop,Ryzen 9,NVIDIA GTX 1650,32,256,Windows 10,White,Online,Credit Card,Gamer,Ryzen 9,GTX 1650,0,0.2875,0
North America,Samsung,All-in-One,M2,AMD Radeon Vega,16,256,Windows 10,Gray,Retail Store,Credit Card,Professional,M2,AMD Radeon Vega,1,0.29,0
North America,Samsung,All-in-One,i9,Intel Iris,4,2048,Windows 10,Black,Online,Bank Transfer,Professional,i9,Intel Iris,1,0.2275,0
Asia-Pacific,Microsoft,Laptop,Ryzen 9,AMD Radeon Vega,16,1024,Linux,Blue,Retail Store,Debit Card,Enterprise,Ryzen 9,AMD Radeon Vega,0,0.3325,0
Europe,Dell,All-in-One,i5,Intel Iris,8,256,Windows 10,White,Reseller,Credit Card,Gamer,i5,Intel Iris,0,0.4625,1
Europe,Microsoft,Desktop,M2,AMD Radeon Vega,8,1024,Windows 11,White,Retail Store,Bank Transfer,Gamer,M2,AMD Radeon Vega,1,0.435,1
Asia-Pacific,Acer,All-in-One,Ryzen 3,Intel Iris,4,256,Windows 10,Silver,Reseller,Credit Card,Student,Ryzen 3,Intel Iris,0,0.3225,0
Europe,Asus,Desktop,Ryzen 9,NVIDIA GTX 1650,8,2048,Windows 10,Gray,Online,Credit Card,Student,Ryzen 9,GTX 1650,0,0.3525,1
Asia-Pacific,Lenovo,Desktop,i3,NVIDIA GTX 1650,32,512,Windows 11,White,Online,Debit Card,Professional,i3,GTX 1650,0,0.5525,1
North America,Apple,Gaming Laptop,i3,Intel Iris,4,2048,macOS,Gray,Retail Store,Bank Transfer,Student,i3,Intel Iris,0,0.3975,1
Asia-Pacific,Acer,Laptop,i3,Intel Iris,32,512,Windows 11,Silver,Retail Store,PayPal,Professional,i3,Intel Iris,1,0.475,1
Asia-Pacific,HP,All-in-One,i5,AMD Radeon Vega,32,512,Windows 11,Silver,Retail Store,Credit Card,Gamer,i5,AMD Radeon Vega,0,0.3025,0
North America,MSI,Gaming Laptop,Ryzen 9,NVIDIA RTX 3060,16,2048,macOS,Black,Retail Store,Bank Transfer,Enterprise,Ryzen 9,RTX 3060,0,0.5175,1
North America,Microsoft,All-in-One,M2,Intel UHD,32,512,Windows 11,Gray,Reseller,Credit Card,Enterprise,M2,Intel UHD,0,0.385,1
Asia-Pacific,Razer,Desktop,M1,AMD Radeon Vega,16,1024,Linux,White,Online,Bank Transfer,Gamer,M1,AMD Radeon Vega,1,0.4475,1
Europe,Razer,Gaming Laptop,M2,AMD Radeon Vega,32,512,Linux,Blue,Retail Store,PayPal,Student,M2,AMD Radeon Vega,1,0.46,1
Europe,Lenovo,Desktop,M1,Intel UHD,8,1024,Linux,Blue,Reseller,Debit Card,Enterprise,M1,Intel UHD,0,0.425,1
North America,Lenovo,Desktop,M1,AMD Radeon Vega,16,512,Windows 11,Blue,Retail Store,Bank Transfer,Gamer,M1,AMD Radeon Vega,1,0.42,1
Europe,MSI,Desktop,Ryzen 3,NVIDIA RTX 2060,4,1024,Windows 10,Black,Online,Bank Transfer,Student,Ryzen 3,RTX 2060,0,0.29,0
North America,Razer,Desktop,i9,AMD Radeon Vega,4,2048,Linux,White,Online,Bank Transfer,Student,i9,AMD Radeon Vega,1,0.4,1
Asia-Pacific,Acer,Desktop,i3,NVIDIA GTX 1650,32,256,Linux,Blue,Retail Store,PayPal,Gamer,i3,GTX 1650,0,0.41,1
Asia-Pacific,Acer,Gaming Laptop,Ryzen 9,NVIDIA RTX 3060,32,1024,Linux,Blue,Online,PayPal,Gamer,Ryzen 9,RTX 3060,0,0.325,0
Asia-Pacific,Microsoft,Laptop,i9,AMD Radeon Vega,16,2048,Windows 11,Black,Retail Store,PayPal,Student,i9,AMD Radeon Vega,1,0.44,1
Europe,Apple,Laptop,M1,AMD Radeon Vega,4,256,macOS,Blue,Retail Store,Debit Card,Student,M1,AMD Radeon Vega,0,0.49,1
Asia-Pacific,Razer,Gaming Laptop,i9,AMD Radeon Vega,32,256,macOS,Silver,Retail Store,PayPal,Student,i9,AMD Radeon Vega,1,0.3875,1
North America,Acer,Desktop,Ryzen 9,AMD Radeon Vega,8,1024,Windows 11,Silver,Online,Credit Card,Professional,Ryzen 9,AMD Radeon Vega,1,0.4625,1
Europe,MSI,All-in-One,i9,NVIDIA RTX 2060,8,256,Windows 11,Blue,Reseller,Debit Card,Gamer,i9,RTX 2060,1,0.36,1
Asia-Pacific,HP,Gaming Laptop,i3,Intel UHD,8,256,macOS,Black,Online,Bank Transfer,Professional,i3,Intel UHD,0,0.45,1
North America,HP,Laptop,M2,Intel UHD,4,1024,macOS,Black,Reseller,PayPal,Professional,M2,Intel UHD,0,0.385,1
Europe,Asus,Gaming Laptop,i7,Intel UHD,32,512,Windows 11,Blue,Online,PayPal,Student,i7,Intel UHD,1,0.33,0
Europe,Dell,Desktop,i5,Intel UHD,4,2048,Windows 11,Gray,Retail Store,Credit Card,Student,i5,Intel UHD,1,0.555,1
North America,Razer,Gaming Laptop,Ryzen 9,NVIDIA GTX 1650,32,512,macOS,Gray,Online,Bank Transfer,Enterprise,Ryzen 9,GTX 1650,0,0.33,0
Asia-Pacific,Samsung,All-in-One,i5,Intel Iris,4,1024,macOS,Blue,Reseller,Bank Transfer,Enterprise,i5,Intel Iris,0,0.4225,1
North America,Asus,Gaming Laptop,M2,NVIDIA RTX 3060,4,256,Linux,Blue,Reseller,Debit Card,Enterprise,M2,RTX 3060,0,0.42,1
Asia-Pacific,HP,Gaming Laptop,i7,Intel Iris,16,512,macOS,Black,Online,Bank Transfer,Student,i7,Intel Iris,0,0.3375,0
Europe,Lenovo,Laptop,M1,Intel UHD,8,512,Windows 11,Black,Online,Bank Transfer,Enterprise,M1,Intel UHD,0,0.32,0
North America,Microsoft,Gaming Laptop,Ryzen 9,Intel UHD,8,256,Linux,Gray,Reseller,Bank Transfer,Enterprise,Ryzen 9,Intel UHD,1,0.3375,0
Asia-Pacific,Razer,Desktop,Ryzen 7,NVIDIA GTX 1650,16,1024,macOS,Blue,Online,Bank Transfer,Enterprise,Ryzen 7,GTX 1650,0,0.3125,0
Asia-Pacific,Asus,All-in-One,Ryzen 3,Intel UHD,4,2048,macOS,White,Reseller,Bank Transfer,Professional,Ryzen 3,Intel UHD,0,0.47,1
Europe,Apple,Gaming Laptop,i7,Intel Iris,4,1024,macOS,Silver,Reseller,Credit Card,Professional,i7,Intel Iris,1,0.4175,1
Europe,Dell,Laptop,Ryzen 5,NVIDIA RTX 2060,16,1024,Windows 11,Blue,Reseller,Bank Transfer,Student,Ryzen 5,RTX 2060,0,0.47,1
Asia-Pacific,Samsung,Laptop,Ryzen 3,NVIDIA RTX 2060,32,1024,macOS,Black,Retail Store,Debit Card,Student,Ryzen 3,RTX 2060,1,0.445,1
Asia-Pacific,Lenovo,Gaming Laptop,i7,AMD Radeon Vega,8,2048,Windows 11,Silver,Online,Bank Transfer,Gamer,i7,AMD Radeon Vega,0,0.365,1
Europe,HP,Laptop,i3,Intel UHD,32,2048,macOS,Gray,Reseller,Debit Card,Gamer,i3,Intel UHD,1,0.2675,0
Europe,Samsung,All-in-One,Ryzen 3,AMD Radeon Vega,8,1024,Windows 11,Blue,Retail Store,Bank Transfer,Gamer,Ryzen 3,AMD Radeon Vega,0,0.465,1
Asia-Pacific,Acer,Laptop,Ryzen 5,NVIDIA RTX 2060,32,256,macOS,Silver,Online,Bank Transfer,Professional,Ryzen 5,RTX 2060,0,0.41,1
North America,Microsoft,Desktop,Ryzen 9,NVIDIA GTX 1650,8,256,Windows 11,Gray,Reseller,PayPal,Enterprise,Ryzen 9,GTX 1650,1,0.5075,1
Asia-Pacific,Acer,Desktop,i7,NVIDIA RTX 3060,32,2048,macOS,Silver,Retail Store,Credit Card,Professional,i7,RTX 3060,1,0.41,1
Asia-Pacific,Asus,Gaming Laptop,i5,AMD Radeon Vega,16,512,Windows 11,Blue,Online,Credit Card,Student,i5,AMD Radeon Vega,0,0.445,1
Europe,Samsung,Desktop,Ryzen 3,NVIDIA RTX 3060,8,1024,Windows 10,Silver,Retail Store,Debit Card,Student,Ryzen 3,RTX 3060,0,0.2775,0
Asia-Pacific,Lenovo,All-in-One,Ryzen 3,Intel UHD,32,1024,Linux,White,Online,Credit Card,Professional,Ryzen 3,Intel UHD,1,0.525,1
Asia-Pacific,HP,Desktop,M1,NVIDIA RTX 2060,8,256,Windows 11,White,Online,Bank Transfer,Enterprise,M1,RTX 2060,0,0.505,1
North America,Asus,Desktop,Ryzen 5,NVIDIA RTX 2060,16,2048,macOS,White,Online,Bank Transfer,Enterprise,Ryzen 5,RTX 2060,0,0.3675,1
Europe,MSI,Desktop,i7,Intel UHD,16,2048,Linux,Silver,Reseller,Credit Card,Professional,i7,Intel UHD,1,0.3125,0
North America,Dell,Desktop,i5,NVIDIA RTX 3060,4,512,macOS,Black,Online,Credit Card,Student,i5,RTX 3060,1,0.445,1
Europe,Lenovo,Gaming Laptop,M1,Intel Iris,8,256,Windows 10,White,Retail Store,Credit Card,Gamer,M1,Intel Iris,0,0.395,1
North America,Razer,Gaming Laptop,Ryzen 5,NVIDIA GTX 1650,16,512,Linux,Black,Retail Store,PayPal,Gamer,Ryzen 5,GTX 1650,0,0.5025,1
North America,Dell,All-in-One,i5,NVIDIA RTX 3060,4,256,Linux,Gray,Retail Store,Debit Card,Student,i5,RTX 3060,1,0.4675,1
Asia-Pacific,Acer,Gaming Laptop,Ryzen 5,Intel UHD,8,256,macOS,White,Online,PayPal,Professional,Ryzen 5,Intel UHD,1,0.415,1
North America,Acer,Laptop,Ryzen 3,Intel UHD,32,1024,Windows 11,White,Online,Debit Card,Enterprise,Ryzen 3,Intel UHD,1,0.3225,0
North America,Microsoft,Gaming Laptop,i5,NVIDIA RTX 3060,8,2048,Windows 10,Black,Reseller,Credit Card,Gamer,i5,RTX 3060,0,0.4675,1
North America,Lenovo,Laptop,i5,NVIDIA RTX 3060,16,256,Windows 10,White,Online,Bank Transfer,Enterprise,i5,RTX 3060,0,0.3325,0
North America,HP,Gaming Laptop,Ryzen 9,NVIDIA GTX 1650,32,1024,Linux,Black,Reseller,PayPal,Student,Ryzen 9,GTX 1650,0,0.475,1
North America,Apple,Desktop,M2,AMD Radeon Vega,32,2048,macOS,Black,Online,Bank Transfer,Gamer,M2,AMD Radeon Vega,0,0.4175,1
Asia-Pacific,Asus,All-in-One,Ryzen 3,Intel Iris,4,256,Windows 11,Silver,Online,Bank Transfer,Gamer,Ryzen 3,Intel Iris,0,0.345,0
Asia-Pacific,Acer,Desktop,M2,NVIDIA GTX 1650,8,2048,Linux,White,Retail Store,PayPal,Gamer,M2,GTX 1650,0,0.3825,1
Europe,Microsoft,Laptop,i5,Intel UHD,16,2048,Windows 10,Black,Online,Credit Card,Gamer,i5,Intel UHD,1,0.495,1
Asia-Pacific,HP,All-in-One,Ryzen 7,AMD Radeon Vega,8,256,macOS,Silver,Reseller,Bank Transfer,Enterprise,Ryzen 7,AMD Radeon Vega,0,0.3,0
North America,Apple,Laptop,i9,NVIDIA RTX 2060,4,512,macOS,Blue,Online,Credit Card,Professional,i9,RTX 2060,1,0.455,1
Asia-Pacific,Razer,Gaming Laptop,i5,NVIDIA GTX 1650,16,512,Linux,Silver,Retail Store,Credit Card,Enterprise,i5,GTX 1650,0,0.3275,0
Asia-Pacific,HP,Laptop,i5,NVIDIA GTX 1650,32,256,Linux,White,Online,Credit Card,Professional,i5,GTX 1650,0,0.3775,1
Asia-Pacific,Lenovo,Laptop,Ryzen 3,Intel UHD,16,2048,Linux,Gray,Online,Debit Card,Gamer,Ryzen 3,Intel UHD,0,0.3225,0
North America,Razer,Desktop,Ryzen 7,NVIDIA GTX 1650,8,256,macOS,White,Reseller,PayPal,Student,Ryzen 7,GTX 1650,1,0.445,1
Asia-Pacific,Razer,Laptop,Ryzen 5,Intel UHD,32,256,Windows 10,Gray,Reseller,PayPal,Professional,Ryzen 5,Intel UHD,0,0.4325,1
Europe,HP,All-in-One,i9,Intel UHD,16,2048,Windows 10,White,Retail Store,Bank Transfer,Enterprise,i9,Intel UHD,1,0.33,0
Asia-Pacific,MSI,Desktop,M1,Intel UHD,16,2048,macOS,Black,Retail Store,PayPal,Professional,M1,Intel UHD,1,0.4075,1
Asia-Pacific,MSI,All-in-One,M2,NVIDIA GTX 1650,4,2048,Windows 10,Gray,Online,Bank Transfer,Student,M2,GTX 1650,0,0.325,0
Asia-Pacific,Samsung,All-in-One,i5,Intel UHD,16,2048,macOS,Gray,Retail Store,Bank Transfer,Gamer,i5,Intel UHD,0,0.51,1
North America,Acer,Laptop,i3,NVIDIA RTX 3060,8,1024,Windows 10,White,Online,Debit Card,Student,i3,RTX 3060,0,0.3325,0
North America,Dell,All-in-One,i3,AMD Radeon Vega,4,512,Linux,Black,Retail Store,Bank Transfer,Gamer,i3,AMD Radeon Vega,0,0.5075,1
Asia-Pacific,Acer,Desktop,M2,NVIDIA RTX 3060,32,2048,Windows 11,Gray,Online,PayPal,Gamer,M2,RTX 3060,0,0.455,1
North America,Acer,All-in-One,Ryzen 7,NVIDIA GTX 1650,32,512,Windows 11,Blue,Retail Store,Debit Card,Professional,Ryzen 7,GTX 1650,0,0.4275,1
Europe,Microsoft,All-in-One,Ryzen 7,NVIDIA RTX 3060,8,2048,macOS,Gray,Online,Bank Transfer,Professional,Ryzen 7,RTX 3060,0,0.3225,0
Europe,Acer,Gaming Laptop,Ryzen 5,NVIDIA RTX 2060,4,1024,Windows 10,White,Retail Store,Credit Card,Enterprise,Ryzen 5,RTX 2060,0,0.305,0
Europe,Samsung,Gaming Laptop,i7,Intel Iris,8,512,Windows 10,Gray,Online,Credit Card,Enterprise,i7,Intel Iris,0,0.3325,0
North America,Microsoft,Gaming Laptop,i9,Intel UHD,16,512,Linux,Silver,Reseller,Credit Card,Student,i9,Intel UHD,1,0.3225,0
Europe,Microsoft,All-in-One,i9,Intel Iris,16,1024,Windows 11,Blue,Reseller,Bank Transfer,Gamer,i9,Intel Iris,0,0.495,1
North America,Asus,Laptop,M1,Intel Iris,8,512,macOS,White,Online,Bank Transfer,Student,M1,Intel Iris,0,0.415,1
North America,Apple,Gaming Laptop,Ryzen 7,NVIDIA RTX 3060,16,512,macOS,Gray,Retail Store,Credit Card,Enterprise,Ryzen 7,RTX 3060,0,0.41,1
Europe,HP,Gaming Laptop,Ryzen 5,AMD Radeon Vega,8,1024,macOS,Silver,Reseller,Debit Card,Student,Ryzen 5,AMD Radeon Vega,1,0.3375,0
Europe,Microsoft,Gaming Laptop,i9,NVIDIA RTX 3060,16,512,macOS,Silver,Reseller,Credit Card,Enterprise,i9,RTX 3060,0,0.4675,1
Europe,Samsung,All-in-One,M2,NVIDIA RTX 2060,4,256,Linux,Gray,Retail Store,Credit Card,Student,M2,RTX 2060,0,0.3675,1
Europe,Apple,Desktop,i9,NVIDIA RTX 2060,16,2048,macOS,Silver,Online,Bank Transfer,Enterprise,i9,RTX 2060,0,0.3425,0
Europe,HP,All-in-One,Ryzen 7,Intel UHD,4,2048,macOS,Silver,Retail Store,Credit Card,Student,Ryzen 7,Intel UHD,1,0.285,0
Europe,Apple,Gaming Laptop,i9,NVIDIA RTX 2060,32,256,macOS,Black,Reseller,Debit Card,Student,i9,RTX 2060,0,0.325,0
Asia-Pacific,Asus,All-in-One,Ryzen 7,NVIDIA GTX 1650,8,1024,macOS,Black,Online,Debit Card,Student,Ryzen 7,GTX 1650,1,0.385,1
Europe,Lenovo,Gaming Laptop,Ryzen 9,NVIDIA RTX 2060,4,1024,Linux,Black,Retail Store,PayPal,Professional,Ryzen 9,RTX 2060,1,0.3025,0
Europe,MSI,Laptop,Ryzen 9,NVIDIA RTX 2060,4,2048,macOS,White,Retail Store,Debit Card,Gamer,Ryzen 9,RTX 2060,1,0.295,0
North America,Lenovo,Desktop,i5,NVIDIA GTX 1650,8,512,Linux,Black,Retail Store,Credit Card,Student,i5,GTX 1650,0,0.3025,0
North America,Apple,Desktop,M2,Intel UHD,4,512,macOS,Silver,Retail Store,Debit Card,Student,M2,Intel UHD,0,0.3825,1
Asia-Pacific,HP,Gaming Laptop,Ryzen 9,Intel UHD,4,256,macOS,White,Retail Store,PayPal,Professional,Ryzen 9,Intel UHD,0,0.355,1
Europe,Lenovo,Desktop,i9,Intel UHD,32,1024,macOS,Black,Reseller,Credit Card,Enterprise,i9,Intel UHD,0,0.3575,1
Asia-Pacific,Razer,All-in-One,Ryzen 9,Intel UHD,16,256,Windows 10,Blue,Online,Credit Card,Professional,Ryzen 9,Intel UHD,1,0.4,1
North America,MSI,All-in-One,i5,NVIDIA RTX 3060,32,2048,macOS,Black,Retail Store,Credit Card,Gamer,i5,RTX 3060,0,0.5,1
North America,MSI,Laptop,i5,Intel UHD,16,1024,Windows 10,Gray,Online,Credit Card,Enterprise,i5,Intel UHD,1,0.37,1
Asia-Pacific,Apple,All-in-One,i5,NVIDIA GTX 1650,4,1024,macOS,Gray,Online,PayPal,Professional,i5,GTX 1650,0,0.5,1
Asia-Pacific,Razer,Desktop,i7,NVIDIA RTX 3060,16,256,Windows 11,Black,Online,Bank Transfer,Student,i7,RTX 3060,1,0.44,1
Europe,Dell,All-in-One,Ryzen 3,NVIDIA RTX 3060,16,256,Windows 10,Gray,Reseller,Bank Transfer,Student,Ryzen 3,RTX 3060,1,0.425,1
Asia-Pacific,Razer,Desktop,Ryzen 9,NVIDIA RTX 3060,32,256,Linux,White,Online,Debit Card,Enterprise,Ryzen 9,RTX 3060,0,0.35,1
North America,Acer,Desktop,Ryzen 3,AMD Radeon Vega,4,2048,Windows 11,Gray,Online,Debit Card,Professional,Ryzen 3,AMD Radeon Vega,0,0.4125,1
Asia-Pacific,MSI,Laptop,M2,AMD Radeon Vega,32,256,Windows 11,White,Reseller,PayPal,Gamer,M2,AMD Radeon Vega,0,0.345,0
North America,HP,All-in-One,Ryzen 5,Intel Iris,32,512,Windows 11,White,Retail Store,Debit Card,Enterprise,Ryzen 5,Intel Iris,1,0.505,1
Asia-Pacific,Microsoft,Desktop,Ryzen 7,NVIDIA RTX 2060,8,256,Linux,White,Online,Credit Card,Gamer,Ryzen 7,RTX 2060,0,0.335,0
Europe,Razer,Desktop,Ryzen 7,NVIDIA GTX 1650,4,512,macOS,Gray,Online,Bank Transfer,Enterprise,Ryzen 7,GTX 1650,0,0.3825,1
Asia-Pacific,HP,Gaming Laptop,Ryzen 9,NVIDIA GTX 1650,4,256,Windows 10,Silver,Online,PayPal,Enterprise,Ryzen 9,GTX 1650,0,0.4025,1
North America,MSI,Laptop,i9,Intel Iris,32,512,Linux,Silver,Retail Store,Bank Transfer,Gamer,i9,Intel Iris,1,0.375,1
Asia-Pacific,Apple,Gaming Laptop,i7,Intel UHD,32,256,macOS,White,Online,Debit Card,Professional,i7,Intel UHD,0,0.38,1
Asia-Pacific,Microsoft,Laptop,M2,NVIDIA GTX 1650,16,1024,macOS,Silver,Online,Bank Transfer,Enterprise,M2,GTX 1650,1,0.4425,1
Europe,HP,All-in-One,Ryzen 7,Intel Iris,4,512,Windows 11,Silver,Reseller,Bank Transfer,Student,Ryzen 7,Intel Iris,1,0.3,0
Asia-Pacific,Microsoft,Laptop,Ryzen 3,AMD Radeon Vega,4,256,Windows 10,Black,Retail Store,Credit Card,Enterprise,Ryzen 3,AMD Radeon Vega,0,0.3075,0
Asia-Pacific,Asus,Gaming Laptop,Ryzen 7,NVIDIA RTX 2060,4,256,Linux,Black,Reseller,Debit Card,Gamer,Ryzen 7,RTX 2060,0,0.2925,0
Europe,Dell,All-in-One,Ryzen 7,Intel UHD,4,512,Linux,Silver,Reseller,Bank Transfer,Enterprise,Ryzen 7,Intel UHD,0,0.3125,0
North America,Razer,Gaming Laptop,Ryzen 3,Intel Iris,8,256,Windows 10,Gray,Reseller,PayPal,Student,Ryzen 3,Intel Iris,1,0.44,1
Asia-Pacific,HP,All-in-One,Ryzen 7,Intel Iris,8,1024,macOS,Silver,Retail Store,PayPal,Gamer,Ryzen 7,Intel Iris,0,0.415,1
North America,Acer,Desktop,i5,Intel Iris,16,1024,macOS,White,Retail Store,Credit Card,Enterprise,i5,Intel Iris,0,0.29,0
Europe,Microsoft,Gaming Laptop,i7,NVIDIA GTX 1650,4,512,Windows 11,Silver,Retail Store,Debit Card,Professional,i7,GTX 1650,1,0.3425,0
Europe,Samsung,Gaming Laptop,i5,Intel UHD,16,256,Windows 11,Silver,Online,Debit Card,Professional,i5,Intel UHD,0,0.3225,0
Asia-Pacific,Samsung,All-in-One,M1,NVIDIA RTX 2060,32,512,macOS,Gray,Online,PayPal,Gamer,M1,RTX 2060,0,0.2975,0
Asia-Pacific,Acer,Gaming Laptop,Ryzen 5,Intel Iris,16,2048,macOS,Gray,Reseller,PayPal,Student,Ryzen 5,Intel Iris,0,0.375,1
North America,Asus,Gaming Laptop,i7,NVIDIA RTX 2060,16,1024,Linux,Black,Retail Store,PayPal,Gamer,i7,RTX 2060,1,0.535,1
North America,Razer,Laptop,Ryzen 3,Intel Iris,8,2048,Linux,Silver,Reseller,Bank Transfer,Student,Ryzen 3,Intel Iris,1,0.4075,1
Europe,Acer,Desktop,i3,AMD Radeon Vega,32,256,Windows 11,Black,Online,Credit Card,Professional,i3,AMD Radeon Vega,0,0.44,1
North America,Dell,Desktop,Ryzen 9,Intel Iris,32,2048,macOS,Gray,Online,Credit Card,Gamer,Ryzen 9,Intel Iris,1,0.38,1
Europe,Asus,Laptop,i5,Intel Iris,8,512,Windows 10,Black,Reseller,PayPal,Professional,i5,Intel Iris,1,0.4025,1
Europe,Asus,All-in-One,i9,Intel Iris,32,1024,Linux,Silver,Retail Store,Credit Card,Enterprise,i9,Intel Iris,0,0.3225,0
Europe,Acer,Desktop,Ryzen 7,NVIDIA RTX 2060,32,256,Windows 10,Black,Online,Credit Card,Enterprise,Ryzen 7,RTX 2060,0,0.2525,0
North America,Apple,Desktop,i3,NVIDIA RTX 2060,32,2048,macOS,White,Retail Store,Debit Card,Student,i3,RTX 2060,0,0.5775,1
North America,Samsung,Desktop,i3,Intel UHD,4,2048,macOS,Silver,Online,Bank Transfer,Student,i3,Intel UHD,0,0.33,0
North America,HP,All-in-One,i5,NVIDIA RTX 3060,4,256,Windows 11,White,Retail Store,Debit Card,Enterprise,i5,RTX 3060,0,0.3875,1
North America,Microsoft,Laptop,Ryzen 3,AMD Radeon Vega,16,2048,macOS,Silver,Reseller,Bank Transfer,Enterprise,Ryzen 3,AMD Radeon Vega,1,0.3375,0
Asia-Pacific,Razer,Gaming Laptop,Ryzen 9,AMD Radeon Vega,4,2048,macOS,Silver,Online,Bank Transfer,Student,Ryzen 9,AMD Radeon Vega,0,0.355,1
Europe,MSI,Desktop,i5,NVIDIA RTX 2060,8,1024,macOS,White,Reseller,Bank Transfer,Gamer,i5,RTX 2060,0,0.475,1
Asia-Pacific,Dell,All-in-One,M1,Intel UHD,16,1024,Windows 11,Black,Online,Credit Card,Student,M1,Intel UHD,1,0.375,1
Asia-Pacific,Dell,Laptop,Ryzen 7,Intel UHD,8,2048,Windows 10,White,Reseller,PayPal,Professional,Ryzen 7,Intel UHD,0,0.325,0
Asia-Pacific,Razer,Gaming Laptop,i5,NVIDIA RTX 2060,32,1024,Linux,Gray,Reseller,Bank Transfer,Enterprise,i5,RTX 2060,1,0.49,1
Asia-Pacific,Razer,All-in-One,i3,NVIDIA RTX 3060,8,2048,Windows 11,Silver,Retail Store,Debit Card,Student,i3,RTX 3060,0,0.4025,1
North America,Acer,Laptop,Ryzen 7,NVIDIA RTX 3060,16,2048,macOS,Blue,Retail Store,Bank Transfer,Enterprise,Ryzen 7,RTX 3060,1,0.4025,1
Europe,Razer,Gaming Laptop,i9,NVIDIA RTX 2060,8,512,Windows 11,Silver,Online,Bank Transfer,Gamer,i9,RTX 2060,0,0.3675,1
Europe,Samsung,Laptop,i5,NVIDIA RTX 3060,32,256,Linux,White,Retail Store,Credit Card,Enterprise,i5,RTX 3060,0,0.455,1
North America,HP,Gaming Laptop,Ryzen 5,NVIDIA RTX 2060,32,1024,macOS,White,Retail Store,Credit Card,Enterprise,Ryzen 5,RTX 2060,0,0.34,0
Europe,MSI,Gaming Laptop,M1,NVIDIA RTX 3060,32,256,Windows 10,White,Online,PayPal,Gamer,M1,RTX 3060,1,0.3725,1
Europe,Microsoft,All-in-One,M2,Intel UHD,4,512,Windows 10,White,Reseller,Credit Card,Enterprise,M2,Intel UHD,0,0.4075,1
North America,HP,Desktop,M1,Intel UHD,4,1024,macOS,Gray,Online,Credit Card,Gamer,M1,Intel UHD,0,0.39,1
North America,HP,All-in-One,Ryzen 9,NVIDIA RTX 2060,8,1024,Windows 11,Blue,Online,Credit Card,Gamer,Ryzen 9,RTX 2060,0,0.425,1
Europe,Apple,Gaming Laptop,Ryzen 7,NVIDIA GTX 1650,32,512,macOS,White,Retail Store,Debit Card,Gamer,Ryzen 7,GTX 1650,1,0.2325,0
North America,Acer,Gaming Laptop,i9,AMD Radeon Vega,8,1024,macOS,Black,Online,PayPal,Student,i9,AMD Radeon Vega,0,0.31,0
Asia-Pacific,Samsung,Laptop,Ryzen 3,Intel UHD,8,1024,Windows 10,Gray,Retail Store,Credit Card,Professional,Ryzen 3,Intel UHD,1,0.365,1
Europe,Acer,Laptop,i7,Intel Iris,32,2048,Windows 10,Gray,Reseller,Credit Card,Professional,i7,Intel Iris,1,0.29,0
North America,Asus,All-in-One,M1,AMD Radeon Vega,8,2048,Windows 10,White,Online,Bank Transfer,Student,M1,AMD Radeon Vega,0,0.4175,1
North America,MSI,Desktop,Ryzen 9,Intel Iris,16,2048,Windows 10,Gray,Online,Bank Transfer,Enterprise,Ryzen 9,Intel Iris,1,0.315,0
Europe,Asus,Laptop,i3,Intel UHD,4,2048,Windows 10,Blue,Reseller,Bank Transfer,Gamer,i3,Intel UHD,0,0.4275,1
Asia-Pacific,Acer,Laptop,Ryzen 5,Intel Iris,16,512,Windows 10,Black,Reseller,PayPal,Gamer,Ryzen 5,Intel Iris,1,0.465,1
Asia-Pacific,Samsung,All-in-One,M1,AMD Radeon Vega,8,512,Windows 11,Blue,Retail Store,Bank Transfer,Gamer,M1,AMD Radeon Vega,0,0.3425,0
North America,Dell,Gaming Laptop,i3,NVIDIA GTX 1650,16,2048,Windows 10,Blue,Reseller,Bank Transfer,Professional,i3,GTX 1650,1,0.2975,0
Europe,Razer,Laptop,Ryzen 3,Intel Iris,16,1024,Linux,Gray,Online,Credit Card,Student,Ryzen 3,Intel Iris,0,0.47,1
North America,Lenovo,Desktop,M1,Intel UHD,32,512,macOS,Gray,Online,Credit Card,Professional,M1,Intel UHD,1,0.3825,1
Europe,Acer,Gaming Laptop,i3,NVIDIA GTX 1650,16,1024,Windows 11,Silver,Retail Store,Debit Card,Gamer,i3,GTX 1650,1,0.3,0
North America,Acer,Gaming Laptop,M1,NVIDIA RTX 2060,32,256,Windows 11,White,Retail Store,PayPal,Enterprise,M1,RTX 2060,1,0.545,1
Europe,MSI,Desktop,i5,AMD Radeon Vega,32,2048,Linux,Blue,Reseller,PayPal,Enterprise,i5,AMD Radeon Vega,1,0.4275,1
Asia-Pacific,Samsung,Laptop,Ryzen 7,AMD Radeon Vega,8,256,Linux,Silver,Online,Credit Card,Enterprise,Ryzen 7,AMD Radeon Vega,1,0.3475,0
Asia-Pacific,Microsoft,Desktop,Ryzen 9,Intel UHD,32,256,Linux,Silver,Reseller,Debit Card,Enterprise,Ryzen 9,Intel UHD,1,0.3325,0
Europe,Acer,Desktop,i3,Intel UHD,16,1024,Linux,Blue,Retail Store,Credit Card,Enterprise,i3,Intel UHD,1,0.365,1
Europe,Razer,Laptop,i7,NVIDIA RTX 3060,8,2048,Linux,Gray,Retail Store,PayPal,Student,i7,RTX 3060,1,0.5225,1
Asia-Pacific,Microsoft,Laptop,Ryzen 7,AMD Radeon Vega,8,256,Windows 11,Gray,Online,Bank Transfer,Professional,Ryzen 7,AMD Radeon Vega,0,0.4475,1
Asia-Pacific,MSI,Gaming Laptop,M1,NVIDIA RTX 3060,4,2048,Windows 11,White,Retail Store,Credit Card,Student,M1,RTX 3060,0,0.435,1
Europe,Razer,All-in-One,i7,AMD Radeon Vega,8,1024,macOS,Blue,Retail Store,Credit Card,Enterprise,i7,AMD Radeon Vega,1,0.41,1
North America,HP,All-in-One,M1,AMD Radeon Vega,32,256,Windows 10,Gray,Online,Bank Transfer,Enterprise,M1,AMD Radeon Vega,0,0.3325,0
North America,Asus,Desktop,Ryzen 7,NVIDIA RTX 2060,8,1024,Windows 11,Silver,Retail Store,Debit Card,Gamer,Ryzen 7,RTX 2060,0,0.3175,0
Asia-Pacific,Lenovo,Gaming Laptop,M1,Intel Iris,32,2048,Windows 10,Gray,Online,Bank Transfer,Gamer,M1,Intel Iris,0,0.3275,0
Asia-Pacific,Microsoft,Desktop,Ryzen 3,Intel Iris,4,512,macOS,Gray,Retail Store,PayPal,Enterprise,Ryzen 3,Intel Iris,1,0.4475,1
North America,HP,Desktop,i3,AMD Radeon Vega,32,2048,Windows 11,Gray,Online,Debit Card,Gamer,i3,AMD Radeon Vega,0,0.34,0
Asia-Pacific,Dell,Laptop,i3,AMD Radeon Vega,16,2048,Windows 11,Black,Retail Store,Debit Card,Enterprise,i3,AMD Radeon Vega,0,0.445,1
North America,HP,Laptop,Ryzen 7,NVIDIA RTX 3060,8,2048,Linux,Silver,Retail Store,PayPal,Gamer,Ryzen 7,RTX 3060,0,0.3925,1
Asia-Pacific,Dell,Laptop,i3,AMD Radeon Vega,4,2048,Windows 10,White,Retail Store,PayPal,Enterprise,i3,AMD Radeon Vega,0,0.395,1
North America,Microsoft,All-in-One,Ryzen 9,NVIDIA GTX 1650,4,256,Windows 11,Blue,Online,PayPal,Enterprise,Ryzen 9,GTX 1650,0,0.3375,0
Europe,Apple,Gaming Laptop,i3,NVIDIA RTX 3060,16,256,macOS,Black,Online,Debit Card,Student,i3,RTX 3060,0,0.495,1
North America,Dell,Desktop,i9,AMD Radeon Vega,16,2048,Linux,White,Reseller,PayPal,Enterprise,i9,AMD Radeon Vega,0,0.455,1
Europe,Samsung,Gaming Laptop,i3,Intel UHD,32,2048,Windows 11,Silver,Retail Store,Credit Card,Gamer,i3,Intel UHD,1,0.4125,1
Asia-Pacific,Apple,All-in-One,i3,Intel Iris,32,2048,macOS,Blue,Retail Store,Bank Transfer,Gamer,i3,Intel Iris,0,0.3975,1
Europe,Samsung,Desktop,i3,NVIDIA GTX 1650,4,1024,Windows 10,White,Retail Store,Credit Card,Student,i3,GTX 1650,1,0.3875,1
North America,Dell,All-in-One,Ryzen 9,NVIDIA RTX 2060,32,256,Windows 11,Blue,Reseller,PayPal,Student,Ryzen 9,RTX 2060,1,0.385,1
Asia-Pacific,Asus,Gaming Laptop,i5,Intel UHD,4,1024,Windows 11,Silver,Online,Credit Card,Enterprise,i5,Intel UHD,0,0.345,0
North America,Asus,Gaming Laptop,i7,NVIDIA RTX 3060,4,256,Windows 10,Silver,Retail Store,Bank Transfer,Gamer,i7,RTX 3060,0,0.4575,1
Europe,Dell,All-in-One,Ryzen 9,NVIDIA GTX 1650,32,2048,Windows 10,White,Retail Store,Credit Card,Enterprise,Ryzen 9,GTX 1650,0,0.465,1
Europe,Apple,Desktop,Ryzen 5,NVIDIA GTX 1650,16,1024,macOS,White,Reseller,Credit Card,Gamer,Ryzen 5,GTX 1650,0,0.385,1
Asia-Pacific,Samsung,Laptop,i7,NVIDIA GTX 1650,16,512,Linux,Blue,Online,PayPal,Professional,i7,GTX 1650,0,0.4875,1
Europe,Razer,Laptop,i3,NVIDIA GTX 1650,32,512,macOS,Blue,Reseller,Debit Card,Gamer,i3,GTX 1650,1,0.3925,1
Europe,Razer,Laptop,Ryzen 3,NVIDIA GTX 1650,32,1024,macOS,Silver,Reseller,PayPal,Enterprise,Ryzen 3,GTX 1650,0,0.39,1
North America,Asus,Desktop,i3,NVIDIA RTX 3060,4,1024,Linux,Silver,Retail Store,Credit Card,Student,i3,RTX 3060,0,0.3825,1
Europe,Dell,Desktop,Ryzen 3,AMD Radeon Vega,32,256,Windows 10,White,Retail Store,Debit Card,Enterprise,Ryzen 3,AMD Radeon Vega,0,0.4775,1
North America,HP,Desktop,Ryzen 9,NVIDIA RTX 3060,4,1024,Windows 11,Silver,Reseller,Debit Card,Enterprise,Ryzen 9,RTX 3060,1,0.3975,1
Asia-Pacific,Razer,Laptop,i7,NVIDIA RTX 3060,8,512,macOS,Black,Retail Store,Debit Card,Enterprise,i7,RTX 3060,0,0.4975,1
Asia-Pacific,Samsung,Desktop,i5,NVIDIA RTX 2060,8,2048,Windows 10,Blue,Reseller,Debit Card,Professional,i5,RTX 2060,1,0.48,1
Europe,Samsung,Laptop,i9,Intel UHD,16,256,Linux,Silver,Reseller,Credit Card,Student,i9,Intel UHD,1,0.435,1
Europe,Samsung,All-in-One,Ryzen 9,AMD Radeon Vega,8,256,macOS,Blue,Reseller,PayPal,Gamer,Ryzen 9,AMD Radeon Vega,0,0.3325,0
Asia-Pacific,Samsung,Desktop,i7,AMD Radeon Vega,8,256,macOS,Black,Retail Store,Bank Transfer,Professional,i7,AMD Radeon Vega,1,0.315,0
Asia-Pacific,Dell,Gaming Laptop,Ryzen 7,Intel Iris,32,256,Windows 11,Black,Online,Debit Card,Professional,Ryzen 7,Intel Iris,0,0.305,0
Europe,Acer,Desktop,Ryzen 9,AMD Radeon Vega,4,512,Windows 11,Blue,Retail Store,Bank Transfer,Student,Ryzen 9,AMD Radeon Vega,1,0.37,1
Europe,Lenovo,Gaming Laptop,M1,NVIDIA RTX 2060,32,1024,Windows 11,White,Online,Credit Card,Student,M1,RTX 2060,0,0.3575,1
North America,Asus,Laptop,i9,NVIDIA RTX 2060,16,1024,Windows 10,White,Reseller,Credit Card,Gamer,i9,RTX 2060,0,0.3275,0
Asia-Pacific,Acer,Desktop,i7,Intel UHD,8,2048,Windows 10,White,Retail Store,Bank Transfer,Gamer,i7,Intel UHD,0,0.4275,1
Europe,Microsoft,Laptop,Ryzen 3,NVIDIA GTX 1650,32,1024,Linux,White,Reseller,PayPal,Gamer,Ryzen 3,GTX 1650,0,0.305,0
Europe,Asus,Laptop,i3,Intel UHD,32,512,Windows 10,Silver,Online,Debit Card,Student,i3,Intel UHD,0,0.35,1
Asia-Pacific,HP,Gaming Laptop,Ryzen 3,Intel UHD,8,1024,macOS,Silver,Reseller,Bank Transfer,Enterprise,Ryzen 3,Intel UHD,1,0.325,0
Europe,Samsung,Gaming Laptop,i9,NVIDIA GTX 1650,16,256,Linux,Gray,Reseller,Debit Card,Student,i9,GTX 1650,1,0.41,1
Asia-Pacific,MSI,Gaming Laptop,Ryzen 9,AMD Radeon Vega,16,1024,Linux,White,Reseller,PayPal,Enterprise,Ryzen 9,AMD Radeon Vega,0,0.29,0
Asia-Pacific,Asus,Gaming Laptop,i5,NVIDIA RTX 3060,32,256,macOS,White,Retail Store,PayPal,Student,i5,RTX 3060,1,0.495,1
Europe,Acer,All-in-One,i9,Intel Iris,16,1024,macOS,Silver,Online,Credit Card,Enterprise,i9,Intel Iris,1,0.31,0
Europe,Acer,All-in-One,M2,NVIDIA RTX 3060,16,2048,Windows 10,Blue,Reseller,PayPal,Student,M2,RTX 3060,0,0.4225,1
North America,Microsoft,Laptop,M1,NVIDIA GTX 1650,4,512,macOS,White,Reseller,Credit Card,Enterprise,M1,GTX 1650,0,0.4625,1
Europe,Lenovo,Gaming Laptop,Ryzen 3,NVIDIA RTX 3060,32,512,macOS,White,Reseller,Credit Card,Student,Ryzen 3,RTX 3060,0,0.495,1
Europe,Microsoft,All-in-One,i3,Intel Iris,4,256,Windows 10,Silver,Retail Store,Bank Transfer,Gamer,i3,Intel Iris,0,0.3925,1
North America,Razer,All-in-One,Ryzen 3,AMD Radeon Vega,16,256,macOS,Blue,Reseller,Credit Card,Gamer,Ryzen 3,AMD Radeon Vega,1,0.48,1
North America,Acer,Desktop,Ryzen 5,NVIDIA GTX 1650,16,512,Linux,Blue,Online,Debit Card,Gamer,Ryzen 5,GTX 1650,0,0.4025,1
Europe,MSI,Desktop,i7,NVIDIA RTX 3060,16,2048,Windows 11,White,Online,PayPal,Student,i7,RTX 3060,0,0.47,1
Asia-Pacific,MSI,Gaming Laptop,Ryzen 7,NVIDIA RTX 2060,4,2048,Windows 10,Silver,Online,Credit Card,Enterprise,Ryzen 7,RTX 2060,0,0.3625,1
Europe,Apple,All-in-One,M2,NVIDIA RTX 3060,32,1024,macOS,White,Reseller,Credit Card,Enterprise,M2,RTX 3060,0,0.46,1
Europe,Samsung,Laptop,Ryzen 5,Intel Iris,32,512,Windows 11,Silver,Retail Store,PayPal,Gamer,Ryzen 5,Intel Iris,1,0.47,1
North America,Acer,All-in-One,M1,NVIDIA GTX 1650,16,1024,Linux,Silver,Online,Credit Card,Gamer,M1,GTX 1650,0,0.3025,0
North America,Dell,All-in-One,M2,Intel Iris,16,512,Linux,Black,Online,Bank Transfer,Gamer,M2,Intel Iris,1,0.4475,1
Europe,Asus,Desktop,i7,NVIDIA RTX 2060,4,512,Linux,White,Online,Credit Card,Enterprise,i7,RTX 2060,1,0.435,1
Asia-Pacific,HP,All-in-One,Ryzen 3,Intel Iris,32,2048,Linux,Silver,Online,Bank Transfer,Student,Ryzen 3,Intel Iris,1,0.3425,0
Asia-Pacific,Apple,Desktop,i9,AMD Radeon Vega,32,256,macOS,White,Retail Store,Credit Card,Enterprise,i9,AMD Radeon Vega,1,0.3825,1
Europe,Apple,All-in-One,M1,AMD Radeon Vega,16,1024,macOS,Black,Reseller,Bank Transfer,Student,M1,AMD Radeon Vega,0,0.4225,1
Asia-Pacific,Microsoft,All-in-One,i3,NVIDIA RTX 2060,32,256,Linux,White,Reseller,Bank Transfer,Gamer,i3,RTX 2060,1,0.375,1
North America,Acer,All-in-One,M2,NVIDIA RTX 2060,32,512,Windows 11,Blue,Online,Bank Transfer,Professional,M2,RTX 2060,1,0.38,1
North America,Asus,Gaming Laptop,Ryzen 9,Intel UHD,16,256,Windows 10,White,Reseller,PayPal,Student,Ryzen 9,Intel UHD,1,0.48,1
Asia-Pacific,MSI,Laptop,i5,NVIDIA GTX 1650,32,1024,Windows 11,Black,Reseller,Credit Card,Enterprise,i5,GTX 1650,1,0.2825,0
North America,Asus,Laptop,Ryzen 3,NVIDIA RTX 2060,8,256,macOS,Blue,Reseller,Bank Transfer,Gamer,Ryzen 3,RTX 2060,1,0.33,0
Asia-Pacific,Lenovo,Laptop,Ryzen 9,AMD Radeon Vega,16,256,Windows 10,Blue,Retail Store,Credit Card,Student,Ryzen 9,AMD Radeon Vega,1,0.4525,1
North America,Dell,Desktop,M2,Intel UHD,32,512,macOS,Black,Reseller,Credit Card,Enterprise,M2,Intel UHD,0,0.3475,0
North America,Microsoft,Desktop,M2,AMD Radeon Vega,32,1024,Windows 11,Blue,Reseller,Bank Transfer,Gamer,M2,AMD Radeon Vega,1,0.455,1
North America,Dell,Gaming Laptop,i3,NVIDIA RTX 2060,4,1024,Windows 11,White,Retail Store,PayPal,Gamer,i3,RTX 2060,1,0.39,1
Europe,Dell,Desktop,M1,NVIDIA RTX 3060,32,1024,Windows 11,White,Online,PayPal,Gamer,M1,RTX 3060,1,0.355,1
North America,Apple,All-in-One,i9,Intel UHD,32,256,macOS,Silver,Retail Store,Credit Card,Gamer,i9,Intel UHD,0,0.3675,1
Europe,Microsoft,Laptop,M2,NVIDIA GTX 1650,32,2048,macOS,Gray,Reseller,Bank Transfer,Student,M2,GTX 1650,1,0.36,1
Europe,Lenovo,All-in-One,i7,NVIDIA RTX 2060,8,256,macOS,White,Retail Store,Bank Transfer,Student,i7,RTX 2060,1,0.375,1
North America,HP,Laptop,Ryzen 7,NVIDIA RTX 2060,4,512,macOS,Silver,Retail Store,PayPal,Professional,Ryzen 7,RTX 2060,0,0.4175,1
Europe,Apple,Desktop,M2,AMD Radeon Vega,4,2048,macOS,Silver,Reseller,Credit Card,Professional,M2,AMD Radeon Vega,0,0.375,1
North America,Lenovo,Laptop,Ryzen 5,NVIDIA GTX 1650,4,512,Windows 11,Silver,Online,Debit Card,Gamer,Ryzen 5,GTX 1650,0,0.505,1
Europe,Acer,Gaming Laptop,Ryzen 5,Intel UHD,16,512,Linux,Black,Online,Bank Transfer,Enterprise,Ryzen 5,Intel UHD,0,0.405,1
Europe,Asus,Laptop,M2,NVIDIA GTX 1650,4,256,Linux,Gray,Reseller,Credit Card,Professional,M2,GTX 1650,0,0.4025,1
Asia-Pacific,Dell,Gaming Laptop,Ryzen 3,Intel UHD,16,1024,Windows 11,Blue,Retail Store,Credit Card,Student,Ryzen 3,Intel UHD,1,0.4475,1
Europe,HP,All-in-One,i3,NVIDIA RTX 2060,8,256,Windows 10,Blue,Reseller,PayPal,Enterprise,i3,RTX 2060,0,0.3725,1
Asia-Pacific,HP,All-in-One,Ryzen 3,Intel Iris,16,256,macOS,Black,Reseller,PayPal,Student,Ryzen 3,Intel Iris,1,0.5675,1
North America,Microsoft,Gaming Laptop,M2,Intel Iris,8,256,Linux,Black,Reseller,PayPal,Professional,M2,Intel Iris,1,0.3375,0
Asia-Pacific,Acer,Desktop,M1,AMD Radeon Vega,32,1024,Windows 11,White,Retail Store,Bank Transfer,Professional,M1,AMD Radeon Vega,1,0.4875,1
Asia-Pacific,MSI,Laptop,i9,AMD Radeon Vega,16,256,Linux,White,Retail Store,Credit Card,Student,i9,AMD Radeon Vega,1,0.3575,1
North America,Samsung,Gaming Laptop,Ryzen 5,Intel UHD,32,512,macOS,Silver,Retail Store,Debit Card,Enterprise,Ryzen 5,Intel UHD,0,0.365,1
Asia-Pacific,HP,All-in-One,M2,Intel Iris,32,1024,macOS,Silver,Online,Credit Card,Gamer,M2,Intel Iris,0,0.4875,1
Europe,Samsung,Laptop,M1,NVIDIA RTX 2060,8,256,Linux,Blue,Retail Store,Bank Transfer,Enterprise,M1,RTX 2060,1,0.3125,0
Europe,Samsung,Desktop,Ryzen 7,AMD Radeon Vega,16,2048,Linux,Silver,Online,PayPal,Enterprise,Ryzen 7,AMD Radeon Vega,1,0.3175,0
North America,Microsoft,Desktop,M1,NVIDIA RTX 2060,16,1024,Linux,Silver,Reseller,PayPal,Professional,M1,RTX 2060,0,0.365,1
North America,HP,Laptop,i7,NVIDIA GTX 1650,32,2048,Linux,Silver,Reseller,PayPal,Professional,i7,GTX 1650,1,0.57,1
Europe,Samsung,All-in-One,i7,NVIDIA RTX 3060,16,1024,Windows 10,Silver,Online,Credit Card,Professional,i7,RTX 3060,0,0.485,1
Asia-Pacific,Apple,All-in-One,i7,NVIDIA RTX 3060,16,512,macOS,Silver,Online,Bank Transfer,Gamer,i7,RTX 3060,0,0.3025,0
Europe,Apple,Gaming Laptop,i5,NVIDIA RTX 2060,8,512,macOS,Black,Online,PayPal,Gamer,i5,RTX 2060,0,0.415,1
Asia-Pacific,Razer,Desktop,i7,Intel UHD,16,512,Linux,Gray,Reseller,Credit Card,Enterprise,i7,Intel UHD,0,0.4125,1
North America,Samsung,Desktop,i7,NVIDIA RTX 2060,16,1024,Linux,White,Retail Store,Credit Card,Professional,i7,RTX 2060,0,0.4325,1
Europe,HP,Desktop,Ryzen 9,Intel Iris,8,2048,Linux,Silver,Reseller,Debit Card,Gamer,Ryzen 9,Intel Iris,0,0.185,0
North America,Asus,Desktop,i5,NVIDIA RTX 3060,32,1024,macOS,Silver,Retail Store,Credit Card,Gamer,i5,RTX 3060,1,0.5075,1
Asia-Pacific,Razer,All-in-One,Ryzen 9,NVIDIA RTX 2060,8,256,Windows 11,Blue,Online,Credit Card,Enterprise,Ryzen 9,RTX 2060,0,0.385,1
North America,Samsung,All-in-One,Ryzen 3,Intel UHD,32,1024,Windows 10,White,Reseller,Bank Transfer,Professional,Ryzen 3,Intel UHD,0,0.5275,1
Europe,Apple,All-in-One,M2,Intel Iris,8,256,macOS,White,Retail Store,PayPal,Gamer,M2,Intel Iris,0,0.335,0
North America,Lenovo,All-in-One,i3,Intel UHD,4,256,Windows 11,White,Reseller,Debit Card,Enterprise,i3,Intel UHD,0,0.565,1
Asia-Pacific,Lenovo,Desktop,i5,AMD Radeon Vega,32,2048,Linux,White,Retail Store,Credit Card,Gamer,i5,AMD Radeon Vega,0,0.3875,1
Europe,Asus,All-in-One,M1,NVIDIA GTX 1650,8,2048,Windows 11,Black,Online,PayPal,Enterprise,M1,GTX 1650,1,0.4525,1
Asia-Pacific,Samsung,All-in-One,Ryzen 9,Intel UHD,4,256,Windows 10,Silver,Online,PayPal,Gamer,Ryzen 9,Intel UHD,0,0.2175,0
Asia-Pacific,Acer,All-in-One,Ryzen 5,AMD Radeon Vega,16,1024,Windows 11,White,Reseller,Debit Card,Professional,Ryzen 5,AMD Radeon Vega,1,0.3475,0
Europe,Lenovo,All-in-One,Ryzen 9,NVIDIA RTX 3060,32,2048,Windows 10,Black,Retail Store,Credit Card,Student,Ryzen 9,RTX 3060,0,0.4575,1
Asia-Pacific,Lenovo,Desktop,M1,Intel Iris,32,2048,Linux,Black,Reseller,Credit Card,Professional,M1,Intel Iris,0,0.465,1
Asia-Pacific,Samsung,All-in-One,Ryzen 9,NVIDIA GTX 1650,16,1024,Linux,Gray,Online,PayPal,Professional,Ryzen 9,GTX 1650,1,0.3825,1
Europe,HP,Gaming Laptop,i5,NVIDIA RTX 2060,16,512,Windows 10,White,Online,Bank Transfer,Student,i5,RTX 2060,0,0.3175,0
Europe,Dell,Laptop,i7,NVIDIA RTX 2060,32,2048,Linux,Gray,Reseller,PayPal,Gamer,i7,RTX 2060,0,0.3425,0
North America,Lenovo,Laptop,i3,NVIDIA RTX 2060,8,2048,Windows 10,Silver,Online,Debit Card,Enterprise,i3,RTX 2060,0,0.515,1
Asia-Pacific,Asus,All-in-One,M1,NVIDIA RTX 2060,8,256,Windows 10,Blue,Retail Store,Bank Transfer,Enterprise,M1,RTX 2060,0,0.345,0
North America,Apple,All-in-One,i3,NVIDIA RTX 3060,8,1024,macOS,White,Reseller,Debit Card,Enterprise,i3,RTX 3060,0,0.4075,1
Asia-Pacific,Apple,All-in-One,M2,NVIDIA RTX 2060,4,1024,macOS,Gray,Retail Store,Bank Transfer,Enterprise,M2,RTX 2060,0,0.4675,1
Asia-Pacific,Dell,All-in-One,Ryzen 3,AMD Radeon Vega,32,2048,macOS,White,Online,Debit Card,Enterprise,Ryzen 3,AMD Radeon Vega,0,0.5475,1
North America,Dell,Desktop,Ryzen 3,NVIDIA GTX 1650,16,2048,Windows 11,Black,Reseller,PayPal,Gamer,Ryzen 3,GTX 1650,1,0.3375,0
Asia-Pacific,HP,Desktop,i3,Intel UHD,4,256,Windows 10,Blue,Reseller,Bank Transfer,Student,i3,Intel UHD,1,0.4425,1
Europe,Dell,Laptop,i9,Intel UHD,4,1024,Linux,Silver,Retail Store,Debit Card,Enterprise,i9,Intel UHD,0,0.545,1
Europe,Microsoft,All-in-One,i3,NVIDIA RTX 2060,8,1024,Linux,Blue,Online,Credit Card,Professional,i3,RTX 2060,0,0.3825,1
Asia-Pacific,HP,Gaming Laptop,Ryzen 3,NVIDIA RTX 2060,4,2048,Windows 11,Black,Online,Bank Transfer,Enterprise,Ryzen 3,RTX 2060,1,0.4075,1
Asia-Pacific,MSI,Laptop,i5,AMD Radeon Vega,16,512,Linux,Blue,Retail Store,Credit Card,Enterprise,i5,AMD Radeon Vega,0,0.285,0
Europe,Microsoft,Gaming Laptop,i9,NVIDIA RTX 3060,4,1024,Linux,Blue,Online,Credit Card,Professional,i9,RTX 3060,1,0.3125,0
Asia-Pacific,Acer,Desktop,Ryzen 7,NVIDIA RTX 3060,8,256,macOS,Silver,Online,Debit Card,Enterprise,Ryzen 7,RTX 3060,0,0.41,1
Europe,Acer,Laptop,i5,NVIDIA GTX 1650,8,512,Linux,White,Online,Credit Card,Enterprise,i5,GTX 1650,0,0.2275,0
Europe,Microsoft,Laptop,i9,Intel UHD,4,512,Linux,White,Reseller,Debit Card,Student,i9,Intel UHD,1,0.4775,1
Europe,Razer,Gaming Laptop,i3,Intel UHD,4,2048,macOS,White,Retail Store,Debit Card,Professional,i3,Intel UHD,0,0.31,0
North America,HP,All-in-One,Ryzen 5,Intel Iris,4,256,Windows 11,Black,Online,PayPal,Enterprise,Ryzen 5,Intel Iris,1,0.3425,0
North America,HP,All-in-One,M2,Intel Iris,32,512,macOS,Silver,Online,Bank Transfer,Gamer,M2,Intel Iris,0,0.4275,1
Asia-Pacific,Acer,Desktop,i3,Intel Iris,16,2048,macOS,White,Retail Store,Debit Card,Enterprise,i3,Intel Iris,0,0.4475,1
Asia-Pacific,Acer,Laptop,M1,NVIDIA GTX 1650,4,512,Windows 10,Black,Reseller,PayPal,Enterprise,M1,GTX 1650,0,0.4125,1
Asia-Pacific,Acer,Laptop,Ryzen 9,Intel UHD,16,2048,macOS,Black,Retail Store,Debit Card,Gamer,Ryzen 9,Intel UHD,1,0.33,0
North America,Acer,Desktop,i9,NVIDIA GTX 1650,32,512,macOS,Blue,Reseller,Bank Transfer,Gamer,i9,GTX 1650,0,0.2275,0
Asia-Pacific,MSI,Desktop,M2,Intel UHD,32,512,Windows 11,Silver,Retail Store,Debit Card,Gamer,M2,Intel UHD,1,0.4,1
Europe,MSI,Laptop,i7,NVIDIA RTX 2060,32,256,Windows 11,Black,Online,Bank Transfer,Enterprise,i7,RTX 2060,0,0.37,1
Asia-Pacific,Apple,All-in-One,M2,NVIDIA RTX 3060,32,2048,macOS,Black,Retail Store,Bank Transfer,Professional,M2,RTX 3060,0,0.47,1
Europe,Dell,Desktop,i5,Intel Iris,16,512,Windows 10,Blue,Reseller,Debit Card,Professional,i5,Intel Iris,1,0.4775,1
Europe,Samsung,Desktop,i9,Intel UHD,8,256,Windows 10,Gray,Retail Store,PayPal,Enterprise,i9,Intel UHD,1,0.3575,1
Europe,Samsung,Desktop,i5,Intel Iris,16,2048,Windows 11,White,Online,PayPal,Student,i5,Intel Iris,1,0.44,1
North America,Asus,Laptop,Ryzen 5,AMD Radeon Vega,32,256,Linux,Silver,Online,PayPal,Gamer,Ryzen 5,AMD Radeon Vega,0,0.465,1
North America,HP,All-in-One,Ryzen 3,NVIDIA RTX 2060,4,2048,Windows 11,Gray,Online,Credit Card,Gamer,Ryzen 3,RTX 2060,1,0.37,1
North America,Asus,Laptop,i3,Intel UHD,4,2048,Linux,Blue,Reseller,PayPal,Student,i3,Intel UHD,0,0.405,1
North America,MSI,Desktop,i9,NVIDIA GTX 1650,8,1024,Windows 11,Silver,Reseller,Debit Card,Student,i9,GTX 1650,0,0.3875,1
North America,Microsoft,Desktop,Ryzen 9,Intel Iris,32,2048,Windows 11,Black,Retail Store,Debit Card,Enterprise,Ryzen 9,Intel Iris,0,0.3025,0
North America,Dell,Desktop,Ryzen 5,Intel UHD,8,512,Windows 10,Blue,Reseller,Debit Card,Enterprise,Ryzen 5,Intel UHD,0,0.47,1
Asia-Pacific,Razer,Desktop,M2,NVIDIA RTX 3060,4,256,Linux,Gray,Online,PayPal,Student,M2,RTX 3060,0,0.485,1
Asia-Pacific,Samsung,All-in-One,i7,Intel UHD,8,1024,macOS,White,Reseller,Bank Transfer,Professional,i7,Intel UHD,1,0.4275,1
North America,Dell,Desktop,Ryzen 3,NVIDIA RTX 2060,4,256,Windows 10,Silver,Online,Credit Card,Student,Ryzen 3,RTX 2060,0,0.3275,0
Asia-Pacific,Dell,Laptop,i9,Intel UHD,8,256,macOS,White,Online,Debit Card,Student,i9,Intel UHD,0,0.455,1
Europe,MSI,All-in-One,Ryzen 9,AMD Radeon Vega,32,2048,Windows 10,White,Online,Bank Transfer,Professional,Ryzen 9,AMD Radeon Vega,1,0.425,1
Asia-Pacific,Acer,Gaming Laptop,i9,Intel Iris,8,256,Windows 11,Gray,Retail Store,Bank Transfer,Professional,i9,Intel Iris,1,0.4025,1
Asia-Pacific,Asus,Laptop,i3,NVIDIA GTX 1650,4,512,macOS,White,Retail Store,Credit Card,Gamer,i3,GTX 1650,1,0.245,0
North America,Samsung,Laptop,i3,NVIDIA RTX 2060,32,2048,Windows 11,Black,Reseller,Credit Card,Student,i3,RTX 2060,0,0.52,1
North America,Razer,All-in-One,i9,NVIDIA GTX 1650,16,512,Linux,Black,Reseller,Debit Card,Gamer,i9,GTX 1650,0,0.415,1
Asia-Pacific,Apple,Gaming Laptop,i3,NVIDIA RTX 2060,4,512,macOS,Black,Retail Store,Bank Transfer,Professional,i3,RTX 2060,0,0.4275,1
Asia-Pacific,Lenovo,Desktop,i7,Intel UHD,8,256,Windows 10,Silver,Retail Store,PayPal,Professional,i7,Intel UHD,1,0.4625,1
Europe,Asus,All-in-One,i9,NVIDIA RTX 2060,8,256,Windows 11,Gray,Retail Store,Debit Card,Professional,i9,RTX 2060,0,0.39,1
Europe,Asus,Desktop,Ryzen 3,Intel Iris,8,256,Windows 11,White,Reseller,PayPal,Student,Ryzen 3,Intel Iris,1,0.4775,1
North America,Samsung,Desktop,Ryzen 3,Intel UHD,16,512,Windows 10,Black,Online,PayPal,Gamer,Ryzen 3,Intel UHD,0,0.46,1
North America,HP,Laptop,M1,Intel Iris,4,1024,macOS,Gray,Online,Debit Card,Gamer,M1,Intel Iris,0,0.43,1
Europe,HP,Desktop,i7,Intel UHD,4,2048,macOS,White,Online,Bank Transfer,Student,i7,Intel UHD,0,0.3475,0
Asia-Pacific,HP,Laptop,M1,Intel Iris,4,2048,Windows 10,Gray,Retail Store,Bank Transfer,Gamer,M1,Intel Iris,1,0.4275,1
Europe,Razer,Desktop,Ryzen 7,AMD Radeon Vega,4,256,Linux,Silver,Retail Store,Credit Card,Enterprise,Ryzen 7,AMD Radeon Vega,1,0.42,1
Asia-Pacific,Microsoft,Gaming Laptop,Ryzen 9,Intel Iris,4,1024,macOS,Black,Reseller,Debit Card,Enterprise,Ryzen 9,Intel Iris,0,0.3425,0
North America,Samsung,Gaming Laptop,Ryzen 5,Intel UHD,16,2048,Windows 11,White,Reseller,Bank Transfer,Professional,Ryzen 5,Intel UHD,0,0.38,1
Europe,Lenovo,Laptop,M2,NVIDIA RTX 3060,8,256,Linux,Black,Retail Store,Debit Card,Enterprise,M2,RTX 3060,1,0.435,1
North America,Microsoft,Laptop,i5,NVIDIA GTX 1650,32,1024,Windows 11,White,Online,Credit Card,Gamer,i5,GTX 1650,1,0.2775,0
Europe,Acer,Gaming Laptop,Ryzen 3,Intel UHD,32,256,Windows 10,Gray,Online,Debit Card,Professional,Ryzen 3,Intel UHD,0,0.3725,1
Asia-Pacific,Samsung,All-in-One,i9,AMD Radeon Vega,16,2048,Windows 10,Silver,Online,Debit Card,Professional,i9,AMD Radeon Vega,1,0.375,1
Asia-Pacific,Samsung,All-in-One,i7,NVIDIA RTX 3060,8,2048,Linux,Black,Reseller,Debit Card,Professional,i7,RTX 3060,0,0.5425,1
Europe,Lenovo,All-in-One,M2,NVIDIA GTX 1650,8,512,Windows 10,White,Reseller,Credit Card,Gamer,M2,GTX 1650,0,0.3575,1
North America,Samsung,All-in-One,i5,Intel UHD,8,256,macOS,Silver,Reseller,Debit Card,Professional,i5,Intel UHD,0,0.5225,1
Asia-Pacific,Lenovo,Desktop,M1,Intel UHD,32,512,Windows 10,Black,Reseller,Debit Card,Student,M1,Intel UHD,0,0.3675,1
Europe,Samsung,All-in-One,M1,AMD Radeon Vega,32,2048,Windows 10,Black,Retail Store,Bank Transfer,Student,M1,AMD Radeon Vega,0,0.4325,1
Asia-Pacific,Lenovo,All-in-One,Ryzen 7,NVIDIA RTX 2060,4,2048,Windows 11,Blue,Reseller,PayPal,Professional,Ryzen 7,RTX 2060,0,0.3275,0
Asia-Pacific,Lenovo,Gaming Laptop,Ryzen 3,AMD Radeon Vega,4,512,Windows 10,Gray,Online,Bank Transfer,Gamer,Ryzen 3,AMD Radeon Vega,0,0.43,1
North America,Acer,Gaming Laptop,M2,NVIDIA RTX 2060,16,2048,Windows 11,Silver,Retail Store,Bank Transfer,Gamer,M2,RTX 2060,1,0.3525,1
North America,HP,Gaming Laptop,i9,Intel Iris,4,2048,macOS,Silver,Online,Credit Card,Professional,i9,Intel Iris,0,0.255,0
Asia-Pacific,MSI,All-in-One,i5,NVIDIA RTX 3060,16,2048,Windows 10,Black,Online,Credit Card,Enterprise,i5,RTX 3060,1,0.4525,1
Europe,Microsoft,Laptop,i5,Intel Iris,16,256,macOS,Gray,Retail Store,Debit Card,Student,i5,Intel Iris,0,0.33,0
Europe,Dell,Laptop,Ryzen 7,Intel Iris,16,1024,Linux,Silver,Online,Credit Card,Gamer,Ryzen 7,Intel Iris,1,0.3825,1
North America,Microsoft,Gaming Laptop,i5,NVIDIA RTX 3060,32,512,Windows 10,Black,Retail Store,Debit Card,Student,i5,RTX 3060,0,0.47,1
North America,Apple,All-in-One,i5,AMD Radeon Vega,8,2048,macOS,Gray,Retail Store,Debit Card,Student,i5,AMD Radeon Vega,0,0.4875,1
Europe,MSI,Gaming Laptop,i9,NVIDIA RTX 2060,4,1024,Linux,Silver,Reseller,Credit Card,Gamer,i9,RTX 2060,1,0.38,1
Europe,Acer,Laptop,M2,AMD Radeon Vega,4,256,Linux,Black,Reseller,Credit Card,Gamer,M2,AMD Radeon Vega,0,0.455,1
North America,Asus,Gaming Laptop,i7,NVIDIA RTX 3060,32,2048,Windows 10,White,Retail Store,Credit Card,Gamer,i7,RTX 3060,0,0.305,0
North America,Lenovo,Gaming Laptop,Ryzen 3,NVIDIA GTX 1650,8,512,Windows 10,Silver,Retail Store,PayPal,Enterprise,Ryzen 3,GTX 1650,1,0.4325,1
North America,Apple,Gaming Laptop,Ryzen 9,Intel Iris,16,256,macOS,Black,Online,PayPal,Gamer,Ryzen 9,Intel Iris,0,0.3875,1
North America,Microsoft,Desktop,Ryzen 3,NVIDIA GTX 1650,16,2048,Windows 10,Silver,Reseller,Bank Transfer,Enterprise,Ryzen 3,GTX 1650,1,0.295,0
Europe,MSI,Desktop,M2,AMD Radeon Vega,8,1024,Windows 10,Blue,Online,Debit Card,Enterprise,M2,AMD Radeon Vega,1,0.37,1
North America,MSI,Laptop,M1,AMD Radeon Vega,8,512,macOS,Blue,Reseller,Credit Card,Gamer,M1,AMD Radeon Vega,0,0.4175,1
Europe,Samsung,Laptop,Ryzen 3,Intel Iris,16,2048,Linux,Blue,Retail Store,Bank Transfer,Student,Ryzen 3,Intel Iris,0,0.4,1
North America,Microsoft,Gaming Laptop,Ryzen 5,Intel UHD,8,1024,Windows 11,White,Retail Store,Debit Card,Student,Ryzen 5,Intel UHD,0,0.4275,1
Asia-Pacific,HP,Gaming Laptop,M2,Intel UHD,8,1024,macOS,White,Reseller,Bank Transfer,Enterprise,M2,Intel UHD,0,0.41,1
North America,Dell,All-in-One,Ryzen 9,AMD Radeon Vega,16,1024,macOS,Gray,Online,Bank Transfer,Enterprise,Ryzen 9,AMD Radeon Vega,1,0.4325,1
Europe,Acer,Desktop,i9,NVIDIA RTX 3060,32,512,Windows 10,Gray,Reseller,Credit Card,Gamer,i9,RTX 3060,0,0.38,1
Asia-Pacific,Dell,Gaming Laptop,M1,NVIDIA GTX 1650,4,1024,Linux,Gray,Retail Store,Bank Transfer,Professional,M1,GTX 1650,1,0.3775,1
North America,Apple,Gaming Laptop,M1,AMD Radeon Vega,4,1024,macOS,Gray,Online,Credit Card,Student,M1,AMD Radeon Vega,1,0.4225,1
Asia-Pacific,Dell,Laptop,Ryzen 5,AMD Radeon Vega,16,1024,macOS,White,Retail Store,Credit Card,Enterprise,Ryzen 5,AMD Radeon Vega,1,0.365,1
North America,MSI,All-in-One,Ryzen 7,Intel UHD,8,1024,Linux,Gray,Retail Store,Bank Transfer,Enterprise,Ryzen 7,Intel UHD,0,0.3175,0
Asia-Pacific,Asus,Desktop,M1,NVIDIA RTX 2060,4,256,Windows 11,Black,Reseller,PayPal,Enterprise,M1,RTX 2060,0,0.355,1
Asia-Pacific,Asus,Gaming Laptop,i9,AMD Radeon Vega,4,2048,Windows 10,Blue,Retail Store,PayPal,Enterprise,i9,AMD Radeon Vega,1,0.315,0
Europe,Microsoft,All-in-One,i9,AMD Radeon Vega,32,256,macOS,Black,Online,Debit Card,Gamer,i9,AMD Radeon Vega,0,0.5025,1
Asia-Pacific,Lenovo,Gaming Laptop,i3,Intel UHD,16,1024,macOS,Blue,Reseller,Debit Card,Enterprise,i3,Intel UHD,0,0.48,1
Europe,Samsung,All-in-One,i7,AMD Radeon Vega,8,256,Windows 11,Blue,Retail Store,PayPal,Student,i7,AMD Radeon Vega,0,0.4425,1
Asia-Pacific,MSI,Gaming Laptop,i3,AMD Radeon Vega,32,2048,macOS,Silver,Reseller,Credit Card,Enterprise,i3,AMD Radeon Vega,1,0.41,1
Asia-Pacific,Samsung,Gaming Laptop,i5,Intel Iris,16,256,Linux,Gray,Online,Debit Card,Gamer,i5,Intel Iris,0,0.4025,1
North America,Samsung,Gaming Laptop,i9,AMD Radeon Vega,16,1024,Windows 10,White,Online,Bank Transfer,Gamer,i9,AMD Radeon Vega,0,0.3525,1
North America,HP,Laptop,i7,AMD Radeon Vega,32,2048,Windows 10,Black,Reseller,PayPal,Enterprise,i7,AMD Radeon Vega,0,0.3275,0
Europe,Apple,Gaming Laptop,Ryzen 9,AMD Radeon Vega,8,2048,macOS,Silver,Online,Credit Card,Gamer,Ryzen 9,AMD Radeon Vega,0,0.3175,0
Asia-Pacific,Apple,Laptop,i5,Intel UHD,4,1024,macOS,Silver,Retail Store,Bank Transfer,Professional,i5,Intel UHD,1,0.365,1
Europe,Lenovo,Laptop,Ryzen 3,Intel UHD,16,512,Windows 10,Blue,Retail Store,PayPal,Gamer,Ryzen 3,Intel UHD,0,0.26,0
North America,Razer,Gaming Laptop,M2,Intel UHD,8,256,macOS,Black,Reseller,Bank Transfer,Professional,M2,Intel UHD,0,0.48,1
Europe,Asus,Desktop,Ryzen 7,NVIDIA RTX 2060,16,1024,Windows 11,Gray,Reseller,Bank Transfer,Enterprise,Ryzen 7,RTX 2060,0,0.4025,1
North America,Lenovo,Desktop,Ryzen 7,NVIDIA RTX 2060,8,2048,Windows 10,White,Online,Bank Transfer,Gamer,Ryzen 7,RTX 2060,0,0.2625,0
Asia-Pacific,Apple,Desktop,Ryzen 5,Intel Iris,32,2048,macOS,Silver,Retail Store,Credit Card,Gamer,Ryzen 5,Intel Iris,1,0.3575,1
North America,Microsoft,Gaming Laptop,Ryzen 5,NVIDIA RTX 3060,16,256,Windows 11,Black,Reseller,Bank Transfer,Enterprise,Ryzen 5,RTX 3060,0,0.3675,1
Asia-Pacific,Acer,All-in-One,M1,AMD Radeon Vega,4,2048,Linux,Gray,Retail Store,Debit Card,Student,M1,AMD Radeon Vega,1,0.3675,1
Asia-Pacific,Acer,Laptop,i7,Intel Iris,4,256,macOS,Gray,Online,Debit Card,Gamer,i7,Intel Iris,1,0.5,1
Asia-Pacific,Apple,All-in-One,M2,NVIDIA RTX 3060,8,1024,macOS,Gray,Retail Store,PayPal,Enterprise,M2,RTX 3060,0,0.47,1
North America,Microsoft,Laptop,i5,Intel Iris,4,512,Windows 11,Gray,Reseller,PayPal,Gamer,i5,Intel Iris,0,0.3625,1
Asia-Pacific,Microsoft,Laptop,i9,NVIDIA GTX 1650,4,1024,macOS,Blue,Retail Store,Bank Transfer,Gamer,i9,GTX 1650,1,0.215,0
Asia-Pacific,Dell,Desktop,Ryzen 9,AMD Radeon Vega,4,512,Windows 11,Black,Online,Bank Transfer,Student,Ryzen 9,AMD Radeon Vega,0,0.4125,1
North America,Dell,Gaming Laptop,i9,NVIDIA GTX 1650,8,1024,Windows 10,White,Reseller,Credit Card,Gamer,i9,GTX 1650,0,0.18,0
Europe,Dell,Laptop,Ryzen 5,NVIDIA RTX 3060,8,256,macOS,Blue,Online,Credit Card,Enterprise,Ryzen 5,RTX 3060,0,0.395,1
Europe,Dell,Laptop,i9,Intel Iris,32,1024,Windows 11,Gray,Online,Debit Card,Student,i9,Intel Iris,0,0.455,1
North America,HP,Gaming Laptop,Ryzen 3,AMD Radeon Vega,4,1024,Linux,Blue,Reseller,Bank Transfer,Gamer,Ryzen 3,AMD Radeon Vega,0,0.295,0
North America,Samsung,Laptop,i5,NVIDIA RTX 3060,4,1024,macOS,Blue,Online,Debit Card,Gamer,i5,RTX 3060,1,0.555,1
Asia-Pacific,Asus,All-in-One,M1,NVIDIA GTX 1650,16,1024,Windows 10,Silver,Reseller,Debit Card,Enterprise,M1,GTX 1650,0,0.35,1
Europe,Lenovo,All-in-One,Ryzen 7,AMD Radeon Vega,4,2048,Linux,Silver,Retail Store,Bank Transfer,Gamer,Ryzen 7,AMD Radeon Vega,0,0.365,1
North America,MSI,Laptop,i3,NVIDIA GTX 1650,4,256,macOS,Silver,Reseller,Debit Card,Student,i3,GTX 1650,0,0.4425,1
Europe,Razer,Desktop,Ryzen 7,NVIDIA RTX 2060,16,512,Linux,Black,Online,PayPal,Enterprise,Ryzen 7,RTX 2060,1,0.2825,0
Asia-Pacific,Dell,Laptop,i7,NVIDIA RTX 3060,4,512,Linux,Black,Retail Store,Bank Transfer,Student,i7,RTX 3060,0,0.5775,1
North America,Lenovo,Laptop,Ryzen 7,Intel Iris,16,512,Windows 10,Black,Retail Store,Debit Card,Professional,Ryzen 7,Intel Iris,0,0.5175,1
North America,Asus,Laptop,Ryzen 9,Intel Iris,4,512,macOS,Black,Reseller,Credit Card,Professional,Ryzen 9,Intel Iris,1,0.4725,1
Asia-Pacific,Lenovo,All-in-One,Ryzen 5,NVIDIA RTX 2060,8,256,Windows 10,Silver,Retail Store,Bank Transfer,Professional,Ryzen 5,RTX 2060,0,0.34,0
Asia-Pacific,Acer,Laptop,Ryzen 7,Intel UHD,8,512,Linux,Blue,Retail Store,Bank Transfer,Enterprise,Ryzen 7,Intel UHD,1,0.29,0
North America,HP,All-in-One,i5,NVIDIA RTX 3060,32,256,Linux,Blue,Online,Credit Card,Professional,i5,RTX 3060,0,0.5025,1
Asia-Pacific,Samsung,Desktop,i3,NVIDIA RTX 2060,8,2048,Windows 10,White,Online,PayPal,Gamer,i3,RTX 2060,0,0.4,1
Europe,Asus,Desktop,i5,Intel Iris,32,2048,Windows 11,Gray,Online,Credit Card,Professional,i5,Intel Iris,1,0.3925,1
Europe,Asus,Desktop,Ryzen 7,Intel UHD,8,512,Windows 11,Black,Retail Store,PayPal,Professional,Ryzen 7,Intel UHD,0,0.3475,0
Asia-Pacific,Dell,Laptop,i3,NVIDIA RTX 3060,32,2048,macOS,Silver,Retail Store,PayPal,Enterprise,i3,RTX 3060,0,0.4225,1
Asia-Pacific,Microsoft,Desktop,i3,Intel UHD,32,2048,Linux,Gray,Reseller,Debit Card,Gamer,i3,Intel UHD,0,0.3775,1
Asia-Pacific,Dell,All-in-One,Ryzen 7,AMD Radeon Vega,32,512,macOS,Silver,Online,PayPal,Gamer,Ryzen 7,AMD Radeon Vega,0,0.4675,1
Asia-Pacific,Apple,Laptop,Ryzen 7,Intel UHD,32,512,macOS,Silver,Reseller,Bank Transfer,Gamer,Ryzen 7,Intel UHD,1,0.375,1
North America,Samsung,Gaming Laptop,i5,Intel UHD,32,512,Linux,White,Reseller,PayPal,Enterprise,i5,Intel UHD,1,0.3625,1
North America,MSI,Desktop,i5,Intel Iris,4,512,macOS,Black,Online,Bank Transfer,Professional,i5,Intel Iris,0,0.315,0
North America,Microsoft,All-in-One,Ryzen 9,Intel Iris,16,512,Linux,Gray,Online,Debit Card,Enterprise,Ryzen 9,Intel Iris,1,0.425,1
North America,Lenovo,Gaming Laptop,Ryzen 7,NVIDIA GTX 1650,4,2048,Windows 10,Silver,Retail Store,PayPal,Gamer,Ryzen 7,GTX 1650,0,0.4175,1
North America,Microsoft,Desktop,Ryzen 3,Intel UHD,4,1024,Windows 11,Gray,Retail Store,Bank Transfer,Enterprise,Ryzen 3,Intel UHD,0,0.305,0
Asia-Pacific,Acer,Desktop,Ryzen 3,Intel Iris,32,512,Windows 11,Silver,Retail Store,PayPal,Student,Ryzen 3,Intel Iris,0,0.5125,1
North America,MSI,All-in-One,M1,NVIDIA RTX 3060,8,1024,macOS,Silver,Online,PayPal,Enterprise,M1,RTX 3060,0,0.5225,1
North America,Razer,Gaming Laptop,i3,NVIDIA GTX 1650,4,2048,Windows 10,White,Online,Credit Card,Gamer,i3,GTX 1650,0,0.38,1
Europe,Acer,Gaming Laptop,Ryzen 9,Intel Iris,8,2048,macOS,White,Online,Debit Card,Student,Ryzen 9,Intel Iris,0,0.3,0
Europe,Microsoft,Desktop,M1,AMD Radeon Vega,4,512,Windows 10,Gray,Reseller,PayPal,Gamer,M1,AMD Radeon Vega,0,0.3425,0
Asia-Pacific,Lenovo,Laptop,Ryzen 7,AMD Radeon Vega,4,512,Windows 11,Silver,Retail Store,Bank Transfer,Enterprise,Ryzen 7,AMD Radeon Vega,0,0.415,1
North America,HP,All-in-One,i5,NVIDIA RTX 3060,4,2048,macOS,Blue,Online,PayPal,Student,i5,RTX 3060,0,0.39,1
Europe,Lenovo,All-in-One,Ryzen 5,Intel UHD,32,2048,macOS,White,Retail Store,Bank Transfer,Enterprise,Ryzen 5,Intel UHD,0,0.36,1
Europe,MSI,Laptop,Ryzen 3,NVIDIA RTX 2060,4,512,Linux,White,Online,Debit Card,Professional,Ryzen 3,RTX 2060,0,0.35,1
Asia-Pacific,Microsoft,Laptop,Ryzen 7,NVIDIA RTX 2060,8,1024,Windows 10,Black,Retail Store,Bank Transfer,Professional,Ryzen 7,RTX 2060,1,0.4525,1
North America,HP,Desktop,i7,NVIDIA GTX 1650,32,512,Linux,White,Retail Store,Bank Transfer,Professional,i7,GTX 1650,0,0.4425,1
Asia-Pacific,Razer,All-in-One,i9,Intel Iris,8,2048,Windows 11,White,Online,Bank Transfer,Professional,i9,Intel Iris,1,0.3775,1
Europe,Microsoft,Desktop,i7,NVIDIA GTX 1650,32,256,Windows 10,White,Retail Store,Debit Card,Professional,i7,GTX 1650,1,0.4575,1
Asia-Pacific,Microsoft,Gaming Laptop,M2,NVIDIA RTX 2060,16,1024,macOS,White,Online,Bank Transfer,Professional,M2,RTX 2060,0,0.33,0
North America,Lenovo,All-in-One,M1,NVIDIA RTX 2060,16,1024,Windows 11,White,Reseller,Credit Card,Gamer,M1,RTX 2060,1,0.49,1
Asia-Pacific,MSI,Gaming Laptop,M1,Intel UHD,4,512,Windows 11,Black,Retail Store,Debit Card,Gamer,M1,Intel UHD,0,0.3825,1
Europe,Microsoft,Gaming Laptop,Ryzen 3,Intel Iris,8,512,Linux,Silver,Online,PayPal,Student,Ryzen 3,Intel Iris,0,0.4175,1
North America,Acer,Desktop,i7,NVIDIA RTX 3060,16,512,Linux,Black,Reseller,Debit Card,Professional,i7,RTX 3060,1,0.495,1
Europe,HP,Desktop,i7,NVIDIA RTX 3060,16,512,Windows 11,Gray,Retail Store,Bank Transfer,Student,i7,RTX 3060,1,0.385,1
Europe,Dell,Gaming Laptop,Ryzen 7,NVIDIA RTX 3060,4,256,Windows 11,White,Retail Store,PayPal,Gamer,Ryzen 7,RTX 3060,0,0.28,0
Asia-Pacific,Apple,Laptop,i9,AMD Radeon Vega,16,1024,macOS,White,Retail Store,Bank Transfer,Gamer,i9,AMD Radeon Vega,0,0.2875,0
North America,Lenovo,Desktop,Ryzen 3,NVIDIA GTX 1650,4,512,macOS,Gray,Online,Debit Card,Enterprise,Ryzen 3,GTX 1650,0,0.51,1
North America,Razer,Laptop,i9,NVIDIA GTX 1650,4,512,Linux,White,Reseller,Bank Transfer,Gamer,i9,GTX 1650,0,0.3325,0
Europe,MSI,Gaming Laptop,i5,AMD Radeon Vega,8,1024,Linux,Black,Retail Store,Bank Transfer,Gamer,i5,AMD Radeon Vega,0,0.4175,1
Europe,Microsoft,All-in-One,M2,Intel Iris,32,256,Linux,Silver,Reseller,Bank Transfer,Gamer,M2,Intel Iris,1,0.43,1
Asia-Pacific,MSI,Gaming Laptop,Ryzen 7,Intel UHD,16,2048,macOS,Black,Online,Credit Card,Enterprise,Ryzen 7,Intel UHD,0,0.4275,1
Asia-Pacific,Microsoft,Gaming Laptop,Ryzen 9,AMD Radeon Vega,32,512,Linux,Blue,Online,Credit Card,Student,Ryzen 9,AMD Radeon Vega,0,0.4275,1
North America,Lenovo,Desktop,M2,Intel Iris,8,256,Windows 11,Gray,Retail Store,Credit Card,Enterprise,M2,Intel Iris,1,0.4025,1
Europe,Microsoft,Laptop,Ryzen 3,Intel UHD,16,1024,Linux,Silver,Online,PayPal,Professional,Ryzen 3,Intel UHD,1,0.5075,1
Europe,Asus,Desktop,i3,Intel UHD,4,2048,macOS,Blue,Online,PayPal,Professional,i3,Intel UHD,0,0.285,0
Europe,Samsung,Gaming Laptop,i7,NVIDIA GTX 1650,4,256,Windows 10,White,Retail Store,Credit Card,Student,i7,GTX 1650,1,0.31,0
Europe,Lenovo,All-in-One,Ryzen 5,NVIDIA RTX 3060,16,256,Windows 11,Silver,Reseller,Credit Card,Student,Ryzen 5,RTX 3060,1,0.29,0
Europe,Asus,Desktop,i9,Intel UHD,32,256,Linux,Silver,Online,Debit Card,Gamer,i9,Intel UHD,1,0.27,0
North America,MSI,Laptop,M2,Intel Iris,32,512,Windows 11,Silver,Reseller,Debit Card,Gamer,M2,Intel Iris,1,0.5325,1
Asia-Pacific,Asus,All-in-One,Ryzen 5,AMD Radeon Vega,4,1024,macOS,Black,Reseller,PayPal,Student,Ryzen 5,AMD Radeon Vega,0,0.4725,1
Europe,Lenovo,Gaming Laptop,Ryzen 9,NVIDIA RTX 3060,16,256,Windows 11,White,Reseller,PayPal,Student,Ryzen 9,RTX 3060,0,0.34,0
Asia-Pacific,Lenovo,Desktop,M1,NVIDIA RTX 3060,32,256,macOS,Gray,Online,Credit Card,Gamer,M1,RTX 3060,0,0.32,0
Europe,Dell,All-in-One,Ryzen 7,NVIDIA RTX 3060,8,1024,Windows 10,Silver,Online,Credit Card,Gamer,Ryzen 7,RTX 3060,1,0.25,0
Europe,HP,Gaming Laptop,i9,AMD Radeon Vega,32,256,Windows 11,Black,Reseller,Bank Transfer,Gamer,i9,AMD Radeon Vega,0,0.445,1
Europe,Razer,Gaming Laptop,M2,NVIDIA RTX 2060,16,256,Windows 10,Black,Reseller,PayPal,Student,M2,RTX 2060,0,0.345,0
Europe,HP,Gaming Laptop,i3,NVIDIA RTX 3060,4,1024,Linux,Silver,Online,Credit Card,Professional,i3,RTX 3060,0,0.355,1
Europe,Microsoft,Laptop,Ryzen 7,AMD Radeon Vega,32,512,macOS,Gray,Reseller,Credit Card,Student,Ryzen 7,AMD Radeon Vega,0,0.3725,1
Europe,Dell,Laptop,M1,Intel Iris,16,256,Windows 11,Gray,Online,Bank Transfer,Professional,M1,Intel Iris,0,0.46,1
Europe,HP,Desktop,i3,NVIDIA GTX 1650,8,256,Linux,Silver,Online,Bank Transfer,Student,i3,GTX 1650,1,0.45,1
Asia-Pacific,Microsoft,Gaming Laptop,Ryzen 3,NVIDIA RTX 2060,16,256,macOS,Silver,Retail Store,Debit Card,Professional,Ryzen 3,RTX 2060,1,0.3675,1
Europe,Apple,Laptop,Ryzen 7,AMD Radeon Vega,8,2048,macOS,Gray,Reseller,Credit Card,Professional,Ryzen 7,AMD Radeon Vega,0,0.4275,1
Asia-Pacific,MSI,Desktop,M2,Intel Iris,4,2048,macOS,Silver,Online,Debit Card,Student,M2,Intel Iris,0,0.51,1
North America,HP,All-in-One,i9,Intel Iris,8,512,macOS,Black,Reseller,PayPal,Enterprise,i9,Intel Iris,0,0.435,1
Asia-Pacific,Dell,Gaming Laptop,i5,Intel UHD,4,512,Windows 10,Gray,Retail Store,PayPal,Student,i5,Intel UHD,0,0.4675,1
North America,Acer,Gaming Laptop,Ryzen 9,NVIDIA GTX 1650,8,1024,Linux,Blue,Retail Store,Debit Card,Enterprise,Ryzen 9,GTX 1650,1,0.265,0
Europe,Apple,All-in-One,M2,NVIDIA GTX 1650,4,1024,macOS,Silver,Reseller,Bank Transfer,Enterprise,M2,GTX 1650,0,0.3125,0
Asia-Pacific,Lenovo,Laptop,Ryzen 5,AMD Radeon Vega,8,512,Linux,Black,Retail Store,Debit Card,Enterprise,Ryzen 5,AMD Radeon Vega,1,0.4825,1
Europe,Acer,All-in-One,M1,Intel UHD,16,2048,macOS,Gray,Reseller,Bank Transfer,Gamer,M1,Intel UHD,1,0.3325,0
Asia-Pacific,Acer,Laptop,Ryzen 9,Intel Iris,4,256,Windows 10,Gray,Reseller,Debit Card,Enterprise,Ryzen 9,Intel Iris,0,0.4425,1
North America,HP,All-in-One,Ryzen 7,NVIDIA RTX 3060,32,1024,Windows 11,Black,Retail Store,Credit Card,Professional,Ryzen 7,RTX 3060,1,0.3075,0
Asia-Pacific,Samsung,Gaming Laptop,Ryzen 7,NVIDIA RTX 2060,4,2048,Windows 10,White,Reseller,Debit Card,Enterprise,Ryzen 7,RTX 2060,1,0.3075,0
Asia-Pacific,MSI,Laptop,i3,NVIDIA GTX 1650,32,2048,Linux,Silver,Reseller,Bank Transfer,Student,i3,GTX 1650,0,0.4,1
Asia-Pacific,HP,Laptop,Ryzen 3,Intel Iris,4,512,Linux,Silver,Retail Store,Bank Transfer,Professional,Ryzen 3,Intel Iris,0,0.51,1
Asia-Pacific,HP,Laptop,i7,Intel UHD,16,1024,Windows 10,Silver,Online,Credit Card,Student,i7,Intel UHD,0,0.42,1
Europe,Razer,Gaming Laptop,Ryzen 9,Intel Iris,16,1024,Linux,Gray,Retail Store,Bank Transfer,Student,Ryzen 9,Intel Iris,0,0.4425,1
Asia-Pacific,Samsung,Gaming Laptop,i3,Intel UHD,8,256,Windows 10,Silver,Retail Store,Credit Card,Gamer,i3,Intel UHD,0,0.3975,1
North America,Dell,Laptop,M2,Intel Iris,32,256,Windows 10,Gray,Online,Bank Transfer,Gamer,M2,Intel Iris,1,0.3625,1
Europe,Razer,Laptop,M2,Intel Iris,8,256,Windows 10,Blue,Online,PayPal,Professional,M2,Intel Iris,1,0.5325,1
Europe,Razer,Gaming Laptop,M1,AMD Radeon Vega,16,2048,Windows 11,Blue,Reseller,Debit Card,Enterprise,M1,AMD Radeon Vega,0,0.4225,1
Asia-Pacific,Apple,Laptop,i3,NVIDIA GTX 1650,8,1024,macOS,Blue,Retail Store,Debit Card,Professional,i3,GTX 1650,0,0.3475,0
Europe,Samsung,Desktop,M2,AMD Radeon Vega,8,1024,Windows 11,Black,Online,PayPal,Professional,M2,AMD Radeon Vega,0,0.41,1
Asia-Pacific,Razer,All-in-One,Ryzen 3,NVIDIA GTX 1650,8,1024,Windows 11,Silver,Retail Store,PayPal,Enterprise,Ryzen 3,GTX 1650,0,0.535,1
North America,HP,All-in-One,i9,Intel Iris,4,512,Windows 10,Black,Reseller,PayPal,Student,i9,Intel Iris,0,0.4225,1
Europe,Asus,Desktop,Ryzen 3,AMD Radeon Vega,32,512,Windows 11,Silver,Online,Bank Transfer,Enterprise,Ryzen 3,AMD Radeon Vega,0,0.365,1
Asia-Pacific,Apple,Desktop,Ryzen 9,NVIDIA GTX 1650,8,2048,macOS,White,Retail Store,Debit Card,Enterprise,Ryzen 9,GTX 1650,1,0.3775,1
Asia-Pacific,Lenovo,Laptop,M2,NVIDIA RTX 2060,4,256,macOS,Black,Online,Debit Card,Enterprise,M2,RTX 2060,0,0.37,1
Europe,Razer,Desktop,M2,Intel UHD,16,256,Windows 11,White,Retail Store,Credit Card,Professional,M2,Intel UHD,1,0.465,1
Asia-Pacific,Razer,Desktop,i7,Intel Iris,8,2048,Windows 11,Gray,Reseller,Credit Card,Student,i7,Intel Iris,1,0.45,1
North America,Samsung,All-in-One,M1,Intel UHD,32,256,Linux,White,Retail Store,Bank Transfer,Gamer,M1,Intel UHD,0,0.3675,1
Asia-Pacific,HP,Desktop,Ryzen 9,Intel UHD,16,256,Windows 10,Gray,Online,Bank Transfer,Gamer,Ryzen 9,Intel UHD,0,0.335,0
North America,Samsung,Gaming Laptop,Ryzen 7,NVIDIA RTX 2060,4,512,Windows 10,Blue,Online,Debit Card,Gamer,Ryzen 7,RTX 2060,0,0.2275,0
Asia-Pacific,Microsoft,Desktop,M2,AMD Radeon Vega,16,512,Windows 11,Silver,Reseller,Bank Transfer,Student,M2,AMD Radeon Vega,1,0.32,0
Europe,Lenovo,Desktop,M2,NVIDIA GTX 1650,16,512,Linux,Gray,Retail Store,Bank Transfer,Gamer,M2,GTX 1650,0,0.55,1
Asia-Pacific,Apple,Desktop,i7,NVIDIA GTX 1650,4,512,macOS,Black,Online,Credit Card,Gamer,i7,GTX 1650,0,0.3125,0
North America,Apple,Desktop,M1,AMD Radeon Vega,8,1024,macOS,Silver,Online,Debit Card,Student,M1,AMD Radeon Vega,0,0.425,1
Europe,HP,All-in-One,Ryzen 7,NVIDIA GTX 1650,4,2048,macOS,Gray,Reseller,Debit Card,Professional,Ryzen 7,GTX 1650,0,0.45,1
Europe,MSI,Laptop,Ryzen 5,Intel Iris,8,1024,Windows 10,White,Retail Store,Credit Card,Enterprise,Ryzen 5,Intel Iris,1,0.33,0
North America,Razer,All-in-One,i7,NVIDIA RTX 3060,16,2048,Windows 11,Black,Online,Credit Card,Professional,i7,RTX 3060,1,0.5725,1
Asia-Pacific,Apple,Desktop,i5,Intel Iris,16,256,macOS,Black,Retail Store,PayPal,Gamer,i5,Intel Iris,0,0.39,1
Europe,Razer,All-in-One,Ryzen 5,NVIDIA RTX 2060,4,512,Windows 10,Silver,Online,Bank Transfer,Enterprise,Ryzen 5,RTX 2060,1,0.4,1
Asia-Pacific,Lenovo,All-in-One,Ryzen 3,NVIDIA RTX 3060,4,512,Linux,Gray,Reseller,Credit Card,Enterprise,Ryzen 3,RTX 3060,0,0.265,0
Asia-Pacific,Asus,All-in-One,Ryzen 7,NVIDIA RTX 3060,32,256,macOS,White,Reseller,PayPal,Gamer,Ryzen 7,RTX 3060,0,0.345,0
North America,Razer,Laptop,Ryzen 9,Intel Iris,16,256,Linux,Silver,Online,PayPal,Enterprise,Ryzen 9,Intel Iris,1,0.395,1
Europe,Microsoft,All-in-One,Ryzen 5,NVIDIA RTX 3060,32,2048,macOS,Silver,Online,PayPal,Professional,Ryzen 5,RTX 3060,1,0.43,1
North America,Lenovo,All-in-One,M2,Intel UHD,16,256,Windows 10,Blue,Retail Store,Debit Card,Student,M2,Intel UHD,1,0.46,1
North America,Microsoft,Desktop,Ryzen 5,NVIDIA RTX 3060,8,1024,macOS,Silver,Reseller,Credit Card,Professional,Ryzen 5,RTX 3060,1,0.31,0
North America,Apple,Laptop,i7,NVIDIA RTX 3060,16,1024,macOS,Silver,Online,Debit Card,Gamer,i7,RTX 3060,0,0.3475,0
North America,Apple,Desktop,Ryzen 9,Intel UHD,32,256,macOS,Black,Online,Credit Card,Gamer,Ryzen 9,Intel UHD,1,0.2975,0
North America,Asus,All-in-One,i9,NVIDIA RTX 2060,4,2048,Linux,Silver,Reseller,PayPal,Student,i9,RTX 2060,0,0.4625,1
Europe,Acer,Desktop,i9,Intel Iris,16,1024,macOS,Black,Online,PayPal,Enterprise,i9,Intel Iris,0,0.3275,0
Asia-Pacific,Razer,Laptop,M1,NVIDIA RTX 3060,4,2048,Windows 11,Blue,Online,Bank Transfer,Professional,M1,RTX 3060,0,0.465,1
Asia-Pacific,MSI,Desktop,i7,NVIDIA GTX 1650,16,1024,Windows 10,Black,Online,Debit Card,Student,i7,GTX 1650,0,0.255,0
Europe,Microsoft,All-in-One,i7,NVIDIA RTX 3060,4,1024,Windows 10,Gray,Online,Credit Card,Professional,i7,RTX 3060,0,0.365,1
North America,Asus,Laptop,i7,NVIDIA RTX 3060,16,512,Windows 10,White,Online,Credit Card,Gamer,i7,RTX 3060,0,0.41,1
Europe,Microsoft,Desktop,i9,AMD Radeon Vega,8,512,Windows 11,Gray,Online,Debit Card,Professional,i9,AMD Radeon Vega,0,0.3975,1
Europe,HP,Desktop,Ryzen 3,Intel Iris,4,2048,Windows 11,Silver,Online,Credit Card,Student,Ryzen 3,Intel Iris,0,0.4375,1
Europe,Microsoft,Laptop,Ryzen 9,NVIDIA RTX 3060,16,256,Linux,Gray,Retail Store,Bank Transfer,Student,Ryzen 9,RTX 3060,0,0.3625,1
Asia-Pacific,Lenovo,Gaming Laptop,i3,NVIDIA GTX 1650,4,2048,macOS,Black,Online,Credit Card,Gamer,i3,GTX 1650,0,0.3325,0
Europe,Lenovo,Desktop,Ryzen 5,AMD Radeon Vega,32,1024,Windows 11,Silver,Retail Store,Credit Card,Gamer,Ryzen 5,AMD Radeon Vega,0,0.4875,1
Europe,MSI,Laptop,Ryzen 7,NVIDIA RTX 3060,4,512,Windows 10,Blue,Online,PayPal,Student,Ryzen 7,RTX 3060,1,0.3825,1
Asia-Pacific,Asus,Laptop,M2,Intel Iris,8,1024,Windows 10,White,Reseller,Bank Transfer,Enterprise,M2,Intel Iris,1,0.44,1
Europe,Samsung,Laptop,M2,NVIDIA GTX 1650,8,1024,Linux,White,Online,Debit Card,Gamer,M2,GTX 1650,0,0.365,1
Asia-Pacific,Asus,Laptop,Ryzen 3,Intel UHD,32,512,Windows 11,White,Online,Debit Card,Gamer,Ryzen 3,Intel UHD,0,0.3775,1
Europe,MSI,Desktop,i5,NVIDIA RTX 2060,16,256,Linux,Silver,Online,Bank Transfer,Enterprise,i5,RTX 2060,0,0.385,1
North America,Asus,Gaming Laptop,i9,Intel UHD,8,256,macOS,Silver,Retail Store,Bank Transfer,Enterprise,i9,Intel UHD,0,0.2675,0
Europe,Razer,Laptop,i9,AMD Radeon Vega,8,256,Windows 11,Silver,Online,Credit Card,Enterprise,i9,AMD Radeon Vega,0,0.395,1
Europe,Asus,Gaming Laptop,i7,NVIDIA GTX 1650,8,256,Linux,Black,Retail Store,Credit Card,Student,i7,GTX 1650,0,0.3425,0
Asia-Pacific,Acer,All-in-One,M1,NVIDIA GTX 1650,16,256,Windows 11,Black,Reseller,PayPal,Gamer,M1,GTX 1650,0,0.285,0
Asia-Pacific,HP,All-in-One,i5,NVIDIA GTX 1650,16,2048,Windows 11,White,Reseller,Bank Transfer,Student,i5,GTX 1650,0,0.3525,1
North America,Acer,All-in-One,Ryzen 9,Intel UHD,16,512,macOS,Black,Online,PayPal,Professional,Ryzen 9,Intel UHD,1,0.405,1
Europe,Asus,Gaming Laptop,Ryzen 3,Intel UHD,16,2048,Windows 10,Silver,Retail Store,Debit Card,Professional,Ryzen 3,Intel UHD,1,0.425,1
North America,HP,Gaming Laptop,i5,NVIDIA RTX 2060,4,2048,Linux,Black,Reseller,Credit Card,Gamer,i5,RTX 2060,0,0.3825,1
Europe,Asus,Gaming Laptop,M2,AMD Radeon Vega,8,512,macOS,Gray,Online,Debit Card,Student,M2,AMD Radeon Vega,1,0.4275,1
Europe,HP,Gaming Laptop,i9,NVIDIA RTX 3060,4,1024,Windows 11,Silver,Reseller,Credit Card,Student,i9,RTX 3060,1,0.405,1
North America,Lenovo,Gaming Laptop,i9,Intel Iris,4,512,Windows 11,Silver,Retail Store,PayPal,Enterprise,i9,Intel Iris,1,0.3975,1
Asia-Pacific,MSI,Gaming Laptop,i9,Intel UHD,32,256,Windows 11,Silver,Retail Store,PayPal,Gamer,i9,Intel UHD,0,0.3775,1
North America,Razer,Laptop,Ryzen 5,Intel UHD,8,2048,Windows 11,Silver,Retail Store,PayPal,Student,Ryzen 5,Intel UHD,0,0.25,0
Asia-Pacific,Samsung,Gaming Laptop,M1,NVIDIA RTX 3060,8,512,macOS,Blue,Reseller,Bank Transfer,Enterprise,M1,RTX 3060,0,0.455,1
Europe,MSI,Laptop,i7,Intel Iris,32,512,Linux,Blue,Online,Bank Transfer,Gamer,i7,Intel Iris,0,0.385,1
Europe,Samsung,Desktop,Ryzen 7,NVIDIA RTX 2060,16,512,Windows 11,Silver,Online,Debit Card,Enterprise,Ryzen 7,RTX 2060,0,0.34,0
Europe,Asus,Gaming Laptop,Ryzen 7,AMD Radeon Vega,4,256,Windows 11,Black,Online,Credit Card,Enterprise,Ryzen 7,AMD Radeon Vega,0,0.3525,1
Europe,HP,All-in-One,M2,Intel UHD,4,256,Windows 10,Gray,Reseller,Credit Card,Enterprise,M2,Intel UHD,1,0.4175,1
Europe,Dell,Laptop,Ryzen 7,Intel UHD,8,256,macOS,White,Reseller,Bank Transfer,Student,Ryzen 7,Intel UHD,0,0.45,1
Europe,Acer,Gaming Laptop,i3,NVIDIA GTX 1650,32,1024,macOS,Silver,Retail Store,Credit Card,Gamer,i3,GTX 1650,0,0.2525,0
Europe,Lenovo,Gaming Laptop,M2,NVIDIA RTX 2060,16,256,Windows 11,Silver,Online,PayPal,Gamer,M2,RTX 2060,0,0.295,0
North America,MSI,Laptop,Ryzen 9,NVIDIA RTX 2060,4,2048,Windows 10,White,Retail Store,Bank Transfer,Professional,Ryzen 9,RTX 2060,0,0.4125,1
Europe,Razer,Laptop,Ryzen 3,Intel Iris,4,1024,Linux,White,Online,Debit Card,Professional,Ryzen 3,Intel Iris,1,0.38,1
Asia-Pacific,Razer,Desktop,i5,AMD Radeon Vega,4,2048,Windows 11,Gray,Retail Store,Debit Card,Professional,i5,AMD Radeon Vega,1,0.3925,1
North America,Microsoft,All-in-One,i7,AMD Radeon Vega,4,1024,Windows 10,Black,Reseller,Debit Card,Professional,i7,AMD Radeon Vega,0,0.2925,0
Europe,Dell,Desktop,Ryzen 7,NVIDIA RTX 2060,16,2048,Linux,White,Online,Bank Transfer,Gamer,Ryzen 7,RTX 2060,0,0.295,0
Asia-Pacific,Lenovo,All-in-One,i9,NVIDIA GTX 1650,16,512,Windows 11,Silver,Reseller,PayPal,Gamer,i9,GTX 1650,1,0.4475,1
Asia-Pacific,HP,All-in-One,i9,NVIDIA RTX 2060,8,512,Windows 10,Black,Retail Store,Debit Card,Student,i9,RTX 2060,0,0.335,0
Europe,Asus,All-in-One,i3,NVIDIA RTX 3060,32,2048,macOS,Silver,Reseller,Credit Card,Enterprise,i3,RTX 3060,1,0.4825,1
Europe,Apple,Desktop,i9,NVIDIA RTX 3060,4,1024,macOS,Gray,Online,Bank Transfer,Gamer,i9,RTX 3060,0,0.365,1
North America,Acer,Laptop,Ryzen 7,NVIDIA RTX 3060,32,512,Linux,Silver,Online,PayPal,Student,Ryzen 7,RTX 3060,0,0.34,0
North America,Acer,Laptop,Ryzen 7,NVIDIA GTX 1650,32,2048,macOS,White,Online,Debit Card,Enterprise,Ryzen 7,GTX 1650,0,0.3075,0
Asia-Pacific,Lenovo,Gaming Laptop,M1,Intel Iris,32,256,macOS,Blue,Online,PayPal,Student,M1,Intel Iris,1,0.4575,1
Asia-Pacific,HP,All-in-One,i9,Intel Iris,8,512,Linux,Gray,Reseller,Bank Transfer,Professional,i9,Intel Iris,1,0.355,1
Europe,Acer,Desktop,Ryzen 9,NVIDIA RTX 2060,16,1024,Windows 10,Gray,Reseller,Debit Card,Gamer,Ryzen 9,RTX 2060,1,0.31,0
Europe,Dell,Laptop,M2,AMD Radeon Vega,16,512,macOS,Gray,Online,PayPal,Gamer,M2,AMD Radeon Vega,1,0.495,1
Europe,Microsoft,All-in-One,i5,NVIDIA RTX 2060,32,256,Windows 10,Blue,Retail Store,Debit Card,Student,i5,RTX 2060,1,0.285,0
Europe,Dell,Laptop,Ryzen 7,AMD Radeon Vega,8,1024,Linux,Gray,Retail Store,Bank Transfer,Professional,Ryzen 7,AMD Radeon Vega,0,0.5025,1
Europe,Dell,Gaming Laptop,M2,NVIDIA GTX 1650,32,1024,Linux,White,Online,Debit Card,Professional,M2,GTX 1650,1,0.5025,1
Asia-Pacific,Apple,Gaming Laptop,i7,NVIDIA RTX 3060,8,512,macOS,Black,Reseller,Credit Card,Gamer,i7,RTX 3060,1,0.3775,1
Asia-Pacific,Microsoft,Desktop,i9,NVIDIA RTX 3060,32,512,macOS,Black,Retail Store,Debit Card,Gamer,i9,RTX 3060,1,0.4325,1
Europe,Apple,Laptop,Ryzen 5,AMD Radeon Vega,32,256,macOS,Silver,Online,PayPal,Professional,Ryzen 5,AMD Radeon Vega,0,0.62,1
Europe,Samsung,Gaming Laptop,M1,Intel Iris,4,2048,Linux,Blue,Retail Store,Bank Transfer,Student,M1,Intel Iris,1,0.3625,1
North America,MSI,Laptop,Ryzen 3,Intel Iris,16,2048,Linux,Gray,Retail Store,Bank Transfer,Professional,Ryzen 3,Intel Iris,1,0.3925,1
Europe,MSI,All-in-One,i3,Intel UHD,16,256,Linux,Blue,Reseller,Bank Transfer,Professional,i3,Intel UHD,0,0.4875,1
Europe,Asus,Laptop,Ryzen 3,Intel UHD,16,512,Linux,White,Reseller,Credit Card,Student,Ryzen 3,Intel UHD,1,0.6725,1
Europe,Asus,Laptop,Ryzen 9,NVIDIA GTX 1650,4,1024,macOS,Blue,Reseller,Credit Card,Professional,Ryzen 9,GTX 1650,0,0.4625,1
Asia-Pacific,Acer,Gaming Laptop,Ryzen 9,Intel Iris,8,2048,Windows 10,Silver,Reseller,PayPal,Student,Ryzen 9,Intel Iris,0,0.335,0
North America,Microsoft,Desktop,i9,NVIDIA RTX 3060,4,2048,macOS,White,Reseller,PayPal,Gamer,i9,RTX 3060,0,0.395,1
Europe,Microsoft,Desktop,Ryzen 7,NVIDIA GTX 1650,32,1024,Windows 10,White,Retail Store,Credit Card,Gamer,Ryzen 7,GTX 1650,1,0.4925,1
Asia-Pacific,Razer,Laptop,Ryzen 3,NVIDIA RTX 3060,16,256,Windows 11,Blue,Online,Debit Card,Professional,Ryzen 3,RTX 3060,1,0.64,1
Europe,Asus,Desktop,M1,AMD Radeon Vega,4,1024,Linux,Blue,Reseller,Bank Transfer,Student,M1,AMD Radeon Vega,0,0.43,1
Asia-Pacific,Apple,Desktop,Ryzen 3,NVIDIA RTX 2060,4,2048,macOS,Silver,Reseller,PayPal,Gamer,Ryzen 3,RTX 2060,1,0.385,1
Asia-Pacific,Microsoft,Laptop,M1,Intel UHD,32,256,Windows 11,Silver,Reseller,Bank Transfer,Professional,M1,Intel UHD,1,0.35,1
Asia-Pacific,Microsoft,Laptop,i3,NVIDIA RTX 2060,16,1024,Windows 10,Blue,Retail Store,Credit Card,Gamer,i3,RTX 2060,1,0.3675,1
Europe,HP,Desktop,i7,AMD Radeon Vega,4,1024,Linux,Silver,Reseller,PayPal,Enterprise,i7,AMD Radeon Vega,1,0.4225,1
Asia-Pacific,MSI,Gaming Laptop,Ryzen 3,Intel UHD,8,1024,Windows 10,Silver,Retail Store,PayPal,Professional,Ryzen 3,Intel UHD,0,0.4225,1
North America,Apple,Gaming Laptop,M2,NVIDIA RTX 3060,32,2048,macOS,Silver,Online,Credit Card,Enterprise,M2,RTX 3060,0,0.5025,1
Asia-Pacific,Acer,Gaming Laptop,M2,Intel Iris,32,512,Linux,Black,Online,Debit Card,Gamer,M2,Intel Iris,1,0.5375,1
North America,Razer,All-in-One,i9,Intel Iris,16,256,Windows 11,Blue,Retail Store,Debit Card,Gamer,i9,Intel Iris,1,0.395,1
Asia-Pacific,Dell,All-in-One,Ryzen 7,Intel Iris,16,2048,Linux,White,Retail Store,Bank Transfer,Enterprise,Ryzen 7,Intel Iris,0,0.3625,1
Europe,Microsoft,Laptop,i5,Intel UHD,16,1024,Linux,Black,Retail Store,Credit Card,Professional,i5,Intel UHD,0,0.4375,1
Asia-Pacific,Lenovo,Desktop,i5,NVIDIA GTX 1650,16,2048,Linux,Black,Online,PayPal,Enterprise,i5,GTX 1650,0,0.3325,0
Europe,Samsung,Laptop,i3,AMD Radeon Vega,32,256,macOS,Gray,Online,Bank Transfer,Professional,i3,AMD Radeon Vega,1,0.5,1
Asia-Pacific,Acer,Desktop,i7,Intel UHD,32,2048,macOS,Silver,Retail Store,Debit Card,Student,i7,Intel UHD,1,0.325,0
North America,Dell,Laptop,Ryzen 3,AMD Radeon Vega,4,256,Windows 11,Black,Online,PayPal,Student,Ryzen 3,AMD Radeon Vega,0,0.4625,1
Europe,Razer,All-in-One,M1,NVIDIA GTX 1650,4,1024,Windows 10,Blue,Online,Bank Transfer,Student,M1,GTX 1650,0,0.305,0
Europe,Dell,Gaming Laptop,i3,NVIDIA RTX 2060,8,1024,Linux,White,Reseller,PayPal,Enterprise,i3,RTX 2060,0,0.355,1
Europe,Lenovo,Desktop,Ryzen 7,NVIDIA GTX 1650,32,512,Windows 10,Blue,Retail Store,Credit Card,Enterprise,Ryzen 7,GTX 1650,0,0.395,1
Europe,HP,Desktop,i7,Intel UHD,32,1024,Windows 10,Silver,Retail Store,Bank Transfer,Student,i7,Intel UHD,1,0.35,1
North America,Dell,All-in-One,Ryzen 7,NVIDIA GTX 1650,32,1024,Windows 10,Gray,Online,Bank Transfer,Gamer,Ryzen 7,GTX 1650,0,0.3475,0
Asia-Pacific,HP,Laptop,M2,NVIDIA RTX 3060,16,512,Windows 10,Gray,Retail Store,Credit Card,Professional,M2,RTX 3060,0,0.4525,1
Europe,Acer,Gaming Laptop,i3,NVIDIA RTX 2060,16,1024,Windows 10,Black,Online,PayPal,Gamer,i3,RTX 2060,0,0.3575,1
Asia-Pacific,Razer,Desktop,i5,NVIDIA GTX 1650,16,512,Windows 11,White,Reseller,PayPal,Professional,i5,GTX 1650,0,0.5475,1
Asia-Pacific,Microsoft,All-in-One,Ryzen 5,AMD Radeon Vega,8,256,Windows 10,White,Online,PayPal,Gamer,Ryzen 5,AMD Radeon Vega,0,0.55,1
Asia-Pacific,Acer,All-in-One,i7,NVIDIA RTX 3060,4,2048,Windows 11,Gray,Online,Credit Card,Student,i7,RTX 3060,0,0.455,1
Asia-Pacific,HP,All-in-One,i9,NVIDIA RTX 2060,32,512,Windows 11,Silver,Retail Store,Bank Transfer,Enterprise,i9,RTX 2060,1,0.4575,1
Asia-Pacific,Samsung,Gaming Laptop,M2,NVIDIA RTX 2060,32,1024,Linux,Gray,Reseller,Credit Card,Professional,M2,RTX 2060,1,0.33,0
North America,HP,All-in-One,i3,Intel Iris,16,256,Linux,Blue,Reseller,Bank Transfer,Professional,i3,Intel Iris,1,0.46,1
Europe,Dell,Gaming Laptop,i9,Intel UHD,16,512,Windows 10,Silver,Online,PayPal,Student,i9,Intel UHD,0,0.31,0
North America,Apple,Gaming Laptop,i3,Intel Iris,8,512,macOS,Gray,Online,Bank Transfer,Gamer,i3,Intel Iris,1,0.435,1
Europe,Samsung,Gaming Laptop,i3,NVIDIA RTX 3060,32,256,Linux,Blue,Retail Store,Bank Transfer,Gamer,i3,RTX 3060,0,0.395,1
North America,Apple,All-in-One,Ryzen 3,Intel UHD,4,1024,macOS,Gray,Retail Store,Debit Card,Professional,Ryzen 3,Intel UHD,0,0.4375,1
North America,Samsung,Laptop,i3,NVIDIA RTX 2060,8,1024,Linux,Silver,Retail Store,Bank Transfer,Gamer,i3,RTX 2060,1,0.42,1
Europe,Apple,Desktop,Ryzen 7,AMD Radeon Vega,8,1024,macOS,White,Retail Store,Bank Transfer,Enterprise,Ryzen 7,AMD Radeon Vega,0,0.49,1
Asia-Pacific,Acer,Gaming Laptop,Ryzen 7,Intel Iris,16,256,Windows 11,Black,Reseller,Debit Card,Student,Ryzen 7,Intel Iris,0,0.4225,1
Asia-Pacific,Samsung,All-in-One,M1,AMD Radeon Vega,8,512,macOS,Black,Retail Store,PayPal,Student,M1,AMD Radeon Vega,0,0.4325,1
North America,Acer,All-in-One,M1,Intel Iris,4,256,macOS,Gray,Retail Store,Credit Card,Gamer,M1,Intel Iris,0,0.3825,1
North America,Apple,Gaming Laptop,i9,AMD Radeon Vega,32,512,macOS,Blue,Retail Store,Bank Transfer,Enterprise,i9,AMD Radeon Vega,1,0.4475,1
Europe,Samsung,Desktop,Ryzen 5,NVIDIA GTX 1650,8,512,Windows 10,Blue,Reseller,Credit Card,Enterprise,Ryzen 5,GTX 1650,0,0.24,0
Europe,Microsoft,All-in-One,i3,Intel UHD,16,256,Linux,Silver,Online,PayPal,Gamer,i3,Intel UHD,0,0.2875,0
North America,HP,All-in-One,i7,Intel Iris,8,2048,Linux,Black,Online,PayPal,Professional,i7,Intel Iris,1,0.3875,1
Asia-Pacific,Acer,All-in-One,i7,NVIDIA GTX 1650,8,256,macOS,Blue,Online,Debit Card,Professional,i7,GTX 1650,0,0.3775,1
North America,Razer,Gaming Laptop,Ryzen 9,NVIDIA GTX 1650,16,2048,Windows 10,Silver,Reseller,PayPal,Enterprise,Ryzen 9,GTX 1650,0,0.5275,1
North America,MSI,All-in-One,i5,Intel Iris,8,512,Windows 11,Gray,Retail Store,Bank Transfer,Enterprise,i5,Intel Iris,0,0.3575,1
Asia-Pacific,Microsoft,Gaming Laptop,Ryzen 5,Intel Iris,32,512,Linux,Silver,Retail Store,Credit Card,Gamer,Ryzen 5,Intel Iris,0,0.4575,1
Asia-Pacific,Lenovo,Desktop,i7,NVIDIA RTX 3060,4,2048,Windows 10,White,Retail Store,PayPal,Student,i7,RTX 3060,0,0.3325,0
Europe,Acer,Laptop,i5,Intel Iris,32,512,Windows 11,Blue,Reseller,PayPal,Enterprise,i5,Intel Iris,1,0.3475,0
Asia-Pacific,Lenovo,All-in-One,Ryzen 9,Intel Iris,32,2048,Linux,Silver,Retail Store,Bank Transfer,Gamer,Ryzen 9,Intel Iris,0,0.375,1
Asia-Pacific,HP,Desktop,i3,Intel UHD,16,512,macOS,Black,Retail Store,PayPal,Student,i3,Intel UHD,0,0.4575,1
Asia-Pacific,Dell,All-in-One,M2,NVIDIA GTX 1650,16,2048,macOS,White,Reseller,PayPal,Student,M2,GTX 1650,0,0.4475,1
Europe,Razer,Desktop,i5,NVIDIA RTX 2060,32,2048,Linux,Blue,Retail Store,Debit Card,Student,i5,RTX 2060,0,0.3025,0
Asia-Pacific,Asus,All-in-One,i5,NVIDIA GTX 1650,4,512,Windows 11,Gray,Retail Store,Credit Card,Gamer,i5,GTX 1650,0,0.31,0
Europe,Lenovo,Gaming Laptop,i3,Intel Iris,4,2048,Linux,White,Online,PayPal,Enterprise,i3,Intel Iris,0,0.4875,1
North America,Lenovo,Gaming Laptop,i3,AMD Radeon Vega,16,256,Windows 11,Blue,Retail Store,Bank Transfer,Student,i3,AMD Radeon Vega,1,0.4975,1
Asia-Pacific,Acer,All-in-One,M2,NVIDIA RTX 2060,4,1024,Linux,Blue,Retail Store,Debit Card,Enterprise,M2,RTX 2060,0,0.4975,1
Asia-Pacific,Samsung,All-in-One,Ryzen 7,Intel Iris,8,2048,macOS,Black,Retail Store,Debit Card,Professional,Ryzen 7,Intel Iris,0,0.4475,1
Europe,Microsoft,All-in-One,i3,Intel UHD,32,512,macOS,White,Online,Bank Transfer,Enterprise,i3,Intel UHD,1,0.5075,1
Europe,HP,All-in-One,i3,NVIDIA GTX 1650,4,1024,Linux,Gray,Online,Credit Card,Student,i3,GTX 1650,1,0.425,1
North America,Dell,Laptop,i7,Intel Iris,32,1024,Windows 11,White,Reseller,Credit Card,Gamer,i7,Intel Iris,1,0.335,0
North America,MSI,All-in-One,i9,NVIDIA GTX 1650,16,2048,Windows 10,Gray,Reseller,Credit Card,Professional,i9,GTX 1650,1,0.3425,0
Europe,Apple,All-in-One,Ryzen 3,NVIDIA GTX 1650,32,256,macOS,Black,Retail Store,PayPal,Gamer,Ryzen 3,GTX 1650,0,0.5275,1
Europe,Lenovo,Desktop,i7,NVIDIA RTX 3060,16,2048,Windows 11,Gray,Reseller,PayPal,Professional,i7,RTX 3060,0,0.375,1
North America,Razer,All-in-One,M1,Intel Iris,16,256,macOS,Gray,Online,Bank Transfer,Student,M1,Intel Iris,0,0.33,0
Europe,Lenovo,Desktop,i5,AMD Radeon Vega,4,256,Windows 11,Silver,Retail Store,Debit Card,Gamer,i5,AMD Radeon Vega,0,0.3625,1
North America,Dell,Desktop,Ryzen 3,AMD Radeon Vega,32,1024,macOS,Gray,Retail Store,Bank Transfer,Student,Ryzen 3,AMD Radeon Vega,0,0.3725,1
Europe,HP,Gaming Laptop,Ryzen 7,NVIDIA RTX 3060,4,512,Windows 10,Black,Retail Store,PayPal,Enterprise,Ryzen 7,RTX 3060,1,0.4075,1
Asia-Pacific,Razer,Desktop,Ryzen 3,NVIDIA RTX 3060,16,2048,Windows 11,Black,Retail Store,Debit Card,Gamer,Ryzen 3,RTX 3060,1,0.545,1
Europe,Asus,Gaming Laptop,Ryzen 9,NVIDIA RTX 2060,4,256,macOS,Gray,Reseller,PayPal,Professional,Ryzen 9,RTX 2060,1,0.49,1
Asia-Pacific,Dell,Desktop,Ryzen 9,Intel Iris,4,1024,macOS,Black,Retail Store,Credit Card,Student,Ryzen 9,Intel Iris,1,0.455,1
Europe,Lenovo,Laptop,M2,NVIDIA RTX 3060,16,256,Windows 10,Blue,Online,Bank Transfer,Gamer,M2,RTX 3060,0,0.2925,0
Asia-Pacific,Dell,Gaming Laptop,Ryzen 7,Intel UHD,16,512,macOS,Gray,Reseller,PayPal,Gamer,Ryzen 7,Intel UHD,1,0.3725,1
Europe,Dell,All-in-One,Ryzen 5,AMD Radeon Vega,4,512,Linux,Gray,Online,Debit Card,Gamer,Ryzen 5,AMD Radeon Vega,1,0.655,1
Asia-Pacific,Asus,Laptop,Ryzen 5,NVIDIA RTX 2060,16,512,Linux,Gray,Reseller,Bank Transfer,Professional,Ryzen 5,RTX 2060,0,0.465,1
North America,Apple,Desktop,i5,NVIDIA RTX 3060,32,512,macOS,Gray,Retail Store,PayPal,Professional,i5,RTX 3060,0,0.5575,1
Asia-Pacific,Samsung,All-in-One,Ryzen 5,Intel UHD,16,1024,macOS,White,Retail Store,Debit Card,Gamer,Ryzen 5,Intel UHD,1,0.3825,1
North America,Acer,Gaming Laptop,M1,Intel Iris,4,2048,macOS,Black,Reseller,Bank Transfer,Student,M1,Intel Iris,0,0.43,1
Asia-Pacific,Asus,Desktop,i9,Intel UHD,4,1024,Windows 11,Blue,Reseller,PayPal,Student,i9,Intel UHD,1,0.45,1
Europe,Apple,All-in-One,M2,NVIDIA RTX 3060,4,512,macOS,Gray,Online,Credit Card,Enterprise,M2,RTX 3060,1,0.3525,1
Europe,Samsung,All-in-One,Ryzen 3,Intel Iris,4,1024,Windows 10,Blue,Online,Debit Card,Professional,Ryzen 3,Intel Iris,1,0.425,1
Europe,Dell,All-in-One,Ryzen 9,NVIDIA GTX 1650,4,1024,Windows 11,Gray,Retail Store,Debit Card,Professional,Ryzen 9,GTX 1650,1,0.3425,0
Europe,Asus,Desktop,Ryzen 9,AMD Radeon Vega,4,256,Windows 10,Gray,Retail Store,Bank Transfer,Student,Ryzen 9,AMD Radeon Vega,0,0.3375,0
Europe,Asus,Gaming Laptop,i3,NVIDIA RTX 2060,8,2048,macOS,Silver,Reseller,Credit Card,Gamer,i3,RTX 2060,1,0.3275,0
North America,Samsung,Laptop,Ryzen 3,NVIDIA RTX 2060,32,512,Windows 10,White,Reseller,Credit Card,Professional,Ryzen 3,RTX 2060,1,0.3925,1
North America,Apple,All-in-One,i7,NVIDIA GTX 1650,32,256,macOS,Blue,Online,Credit Card,Enterprise,i7,GTX 1650,0,0.2875,0
Europe,Razer,Desktop,i7,NVIDIA RTX 3060,32,1024,Linux,Blue,Retail Store,Debit Card,Student,i7,RTX 3060,0,0.465,1
North America,MSI,Laptop,i9,Intel UHD,4,2048,Windows 10,White,Retail Store,Debit Card,Enterprise,i9,Intel UHD,0,0.56,1
Europe,Microsoft,All-in-One,i9,NVIDIA GTX 1650,32,2048,Windows 10,Silver,Retail Store,Bank Transfer,Professional,i9,GTX 1650,1,0.345,0
North America,Acer,Desktop,M1,Intel UHD,4,512,macOS,Black,Retail Store,Debit Card,Enterprise,M1,Intel UHD,0,0.285,0
Asia-Pacific,MSI,Laptop,i7,Intel UHD,32,2048,Windows 11,Gray,Reseller,Credit Card,Student,i7,Intel UHD,1,0.435,1
Asia-Pacific,Asus,Gaming Laptop,i7,NVIDIA RTX 2060,4,512,Windows 10,Black,Reseller,Bank Transfer,Student,i7,RTX 2060,1,0.365,1
Europe,Microsoft,Desktop,M1,Intel Iris,8,512,Linux,White,Online,Credit Card,Student,M1,Intel Iris,0,0.3775,1
North America,Razer,All-in-One,Ryzen 5,AMD Radeon Vega,16,1024,Windows 11,Black,Online,Debit Card,Student,Ryzen 5,AMD Radeon Vega,0,0.6675,1
Europe,Razer,All-in-One,Ryzen 5,NVIDIA RTX 2060,4,512,Linux,Gray,Retail Store,Bank Transfer,Professional,Ryzen 5,RTX 2060,0,0.465,1
Asia-Pacific,Samsung,Gaming Laptop,i9,NVIDIA RTX 3060,16,2048,macOS,Gray,Retail Store,PayPal,Enterprise,i9,RTX 3060,1,0.4575,1
Asia-Pacific,MSI,Gaming Laptop,Ryzen 5,NVIDIA RTX 3060,4,256,Linux,Gray,Reseller,Credit Card,Gamer,Ryzen 5,RTX 3060,0,0.32,0
North America,HP,Laptop,Ryzen 5,NVIDIA GTX 1650,16,512,macOS,Black,Retail Store,Bank Transfer,Enterprise,Ryzen 5,GTX 1650,0,0.36,1
North America,Apple,Gaming Laptop,i9,Intel Iris,32,256,macOS,White,Reseller,PayPal,Gamer,i9,Intel Iris,0,0.37,1
Europe,HP,Desktop,M1,NVIDIA RTX 3060,32,1024,macOS,White,Retail Store,Debit Card,Student,M1,RTX 3060,0,0.4775,1
North America,Lenovo,Laptop,i5,Intel UHD,32,2048,macOS,Gray,Reseller,Bank Transfer,Enterprise,i5,Intel UHD,0,0.435,1
North America,HP,Desktop,i3,NVIDIA RTX 2060,16,2048,Windows 11,Gray,Retail Store,PayPal,Professional,i3,RTX 2060,1,0.3725,1
Europe,Apple,Desktop,i3,NVIDIA RTX 2060,32,512,macOS,White,Reseller,Bank Transfer,Professional,i3,RTX 2060,0,0.455,1
Europe,Microsoft,Laptop,M1,AMD Radeon Vega,16,2048,Windows 10,White,Online,Credit Card,Gamer,M1,AMD Radeon Vega,0,0.415,1
Asia-Pacific,Dell,All-in-One,i5,Intel Iris,8,1024,macOS,Black,Online,Debit Card,Enterprise,i5,Intel Iris,0,0.5325,1
Europe,Lenovo,Laptop,i5,Intel UHD,16,1024,Windows 11,White,Reseller,Bank Transfer,Enterprise,i5,Intel UHD,0,0.42,1
Europe,Razer,Laptop,i9,AMD Radeon Vega,4,2048,Windows 10,Silver,Retail Store,Bank Transfer,Student,i9,AMD Radeon Vega,1,0.36,1
North America,Acer,All-in-One,M1,AMD Radeon Vega,8,2048,Linux,Black,Reseller,Bank Transfer,Student,M1,AMD Radeon Vega,0,0.48,1
Europe,Dell,All-in-One,i9,Intel UHD,32,1024,Windows 11,White,Online,PayPal,Student,i9,Intel UHD,1,0.405,1
Europe,Microsoft,Gaming Laptop,i5,Intel UHD,4,512,Windows 11,Gray,Retail Store,Bank Transfer,Gamer,i5,Intel UHD,0,0.3825,1
Europe,Razer,Desktop,M1,NVIDIA GTX 1650,4,256,Windows 10,White,Online,Debit Card,Professional,M1,GTX 1650,1,0.3625,1
North America,Apple,All-in-One,i5,Intel Iris,4,512,macOS,Blue,Online,Credit Card,Gamer,i5,Intel Iris,1,0.4925,1
Europe,HP,Desktop,Ryzen 5,Intel UHD,16,2048,Windows 11,Silver,Retail Store,Bank Transfer,Student,Ryzen 5,Intel UHD,1,0.2875,0
North America,Lenovo,Desktop,i3,Intel UHD,32,1024,Linux,Gray,Online,Credit Card,Enterprise,i3,Intel UHD,0,0.52,1
Asia-Pacific,Samsung,All-in-One,i9,NVIDIA RTX 2060,16,256,Windows 10,Gray,Online,PayPal,Professional,i9,RTX 2060,1,0.3,0
North America,MSI,Laptop,Ryzen 7,NVIDIA RTX 3060,16,2048,Linux,White,Reseller,Credit Card,Professional,Ryzen 7,RTX 3060,1,0.3325,0
Asia-Pacific,Asus,Laptop,M2,AMD Radeon Vega,4,512,Linux,Gray,Retail Store,Bank Transfer,Professional,M2,AMD Radeon Vega,0,0.375,1
Europe,Microsoft,Desktop,i5,Intel Iris,32,256,Linux,Gray,Retail Store,Bank Transfer,Professional,i5,Intel Iris,1,0.415,1
North America,Dell,Gaming Laptop,Ryzen 7,Intel Iris,32,256,Linux,White,Online,Credit Card,Student,Ryzen 7,Intel Iris,1,0.41,1
North America,MSI,Gaming Laptop,i3,NVIDIA GTX 1650,4,1024,Linux,Silver,Reseller,Credit Card,Professional,i3,GTX 1650,0,0.4575,1
Asia-Pacific,Apple,Laptop,i5,NVIDIA RTX 2060,8,256,macOS,Gray,Online,PayPal,Gamer,i5,RTX 2060,1,0.405,1
Asia-Pacific,Dell,Desktop,M2,Intel Iris,32,512,Windows 11,Gray,Reseller,Debit Card,Enterprise,M2,Intel Iris,0,0.4775,1
Asia-Pacific,Razer,Gaming Laptop,M2,AMD Radeon Vega,4,2048,Windows 10,Silver,Retail Store,Bank Transfer,Professional,M2,AMD Radeon Vega,0,0.2675,0
Europe,Microsoft,All-in-One,Ryzen 3,Intel UHD,32,2048,Windows 11,Silver,Reseller,Debit Card,Professional,Ryzen 3,Intel UHD,1,0.3575,1
Asia-Pacific,Asus,Laptop,i7,Intel Iris,8,1024,Linux,Gray,Reseller,Debit Card,Enterprise,i7,Intel Iris,1,0.3925,1
Asia-Pacific,MSI,Gaming Laptop,i5,Intel UHD,32,2048,Windows 10,Gray,Online,Debit Card,Gamer,i5,Intel UHD,0,0.41,1
Europe,Dell,Gaming Laptop,Ryzen 7,NVIDIA RTX 2060,4,256,Windows 11,Black,Online,PayPal,Student,Ryzen 7,RTX 2060,1,0.3,0
Europe,Samsung,Desktop,Ryzen 9,NVIDIA GTX 1650,32,1024,macOS,Gray,Retail Store,PayPal,Enterprise,Ryzen 9,GTX 1650,0,0.3875,1
Asia-Pacific,Apple,Laptop,Ryzen 3,Intel Iris,16,512,macOS,Blue,Reseller,Debit Card,Professional,Ryzen 3,Intel Iris,0,0.305,0
North America,Asus,Desktop,Ryzen 9,AMD Radeon Vega,4,1024,Linux,Gray,Reseller,Credit Card,Gamer,Ryzen 9,AMD Radeon Vega,0,0.38,1
Europe,Dell,Gaming Laptop,Ryzen 5,NVIDIA RTX 2060,4,512,Windows 10,Blue,Retail Store,Credit Card,Professional,Ryzen 5,RTX 2060,1,0.41,1
Europe,Samsung,All-in-One,Ryzen 5,Intel UHD,4,256,Linux,Black,Online,Credit Card,Student,Ryzen 5,Intel UHD,0,0.3925,1
Europe,Asus,All-in-One,i7,Intel UHD,32,2048,Windows 11,Blue,Retail Store,Debit Card,Enterprise,i7,Intel UHD,0,0.3675,1
Asia-Pacific,HP,Desktop,Ryzen 3,NVIDIA RTX 2060,32,2048,Linux,Blue,Online,PayPal,Enterprise,Ryzen 3,RTX 2060,1,0.3175,0
Europe,Apple,Desktop,Ryzen 9,NVIDIA GTX 1650,8,2048,macOS,Black,Online,Debit Card,Professional,Ryzen 9,GTX 1650,1,0.4775,1
Europe,MSI,Gaming Laptop,M2,NVIDIA GTX 1650,4,1024,Windows 10,Gray,Retail Store,Bank Transfer,Professional,M2,GTX 1650,1,0.355,1
Europe,Asus,Desktop,M1,Intel Iris,4,512,Windows 10,Silver,Online,Debit Card,Enterprise,M1,Intel Iris,0,0.35,1
Europe,Microsoft,Desktop,M1,NVIDIA RTX 3060,32,512,Windows 11,Gray,Online,Debit Card,Student,M1,RTX 3060,0,0.3425,0
Europe,Acer,All-in-One,Ryzen 7,NVIDIA RTX 2060,4,1024,Windows 10,Black,Reseller,Credit Card,Gamer,Ryzen 7,RTX 2060,1,0.4275,1
Europe,Dell,All-in-One,Ryzen 3,Intel UHD,32,512,macOS,Black,Reseller,Credit Card,Professional,Ryzen 3,Intel UHD,0,0.4775,1
Europe,Dell,All-in-One,M1,NVIDIA RTX 3060,16,512,macOS,Silver,Reseller,PayPal,Student,M1,RTX 3060,1,0.4725,1
North America,HP,Gaming Laptop,i3,NVIDIA GTX 1650,32,256,Windows 10,Black,Retail Store,Bank Transfer,Student,i3,GTX 1650,0,0.4075,1
North America,Asus,All-in-One,M2,NVIDIA GTX 1650,32,1024,Windows 10,Blue,Reseller,PayPal,Gamer,M2,GTX 1650,0,0.3775,1
North America,Acer,All-in-One,M2,Intel Iris,16,256,macOS,Silver,Reseller,Bank Transfer,Gamer,M2,Intel Iris,1,0.4225,1
Europe,HP,Laptop,Ryzen 3,NVIDIA GTX 1650,8,512,Linux,White,Retail Store,Debit Card,Enterprise,Ryzen 3,GTX 1650,1,0.3625,1
Europe,Microsoft,Desktop,Ryzen 9,NVIDIA RTX 3060,4,2048,macOS,White,Online,PayPal,Gamer,Ryzen 9,RTX 3060,1,0.355,1
North America,Lenovo,Desktop,i3,NVIDIA RTX 3060,4,256,Linux,Black,Reseller,Credit Card,Enterprise,i3,RTX 3060,0,0.445,1
Asia-Pacific,MSI,Laptop,i7,Intel UHD,8,1024,Linux,Gray,Reseller,Bank Transfer,Professional,i7,Intel UHD,0,0.45,1
Europe,MSI,Gaming Laptop,i5,NVIDIA GTX 1650,8,256,macOS,Silver,Online,Bank Transfer,Gamer,i5,GTX 1650,0,0.33,0
Europe,Asus,Gaming Laptop,Ryzen 3,NVIDIA RTX 2060,16,1024,Linux,Blue,Retail Store,Debit Card,Student,Ryzen 3,RTX 2060,1,0.3025,0
Asia-Pacific,Dell,Laptop,M1,NVIDIA GTX 1650,4,2048,Windows 11,Blue,Reseller,Debit Card,Professional,M1,GTX 1650,0,0.385,1
Europe,Asus,Desktop,i3,NVIDIA RTX 3060,4,512,macOS,White,Retail Store,Debit Card,Enterprise,i3,RTX 3060,1,0.32,0
Asia-Pacific,Lenovo,Gaming Laptop,Ryzen 5,NVIDIA RTX 3060,8,2048,Linux,White,Reseller,Bank Transfer,Gamer,Ryzen 5,RTX 3060,0,0.2725,0
North America,Microsoft,Gaming Laptop,i3,AMD Radeon Vega,16,256,macOS,Blue,Online,Bank Transfer,Student,i3,AMD Radeon Vega,1,0.4725,1
Asia-Pacific,MSI,Laptop,i7,NVIDIA RTX 3060,16,512,Linux,Silver,Online,Bank Transfer,Student,i7,RTX 3060,0,0.5625,1
North America,Apple,Laptop,i7,AMD Radeon Vega,8,256,macOS,Silver,Retail Store,Debit Card,Gamer,i7,AMD Radeon Vega,1,0.3275,0
Asia-Pacific,Razer,All-in-One,Ryzen 9,Intel Iris,4,512,Windows 10,Black,Reseller,Bank Transfer,Gamer,Ryzen 9,Intel Iris,0,0.295,0
Asia-Pacific,Acer,Desktop,Ryzen 9,NVIDIA RTX 2060,4,512,Windows 11,White,Reseller,Bank Transfer,Gamer,Ryzen 9,RTX 2060,1,0.2875,0
Asia-Pacific,Asus,Gaming Laptop,M2,AMD Radeon Vega,4,2048,Windows 10,Gray,Retail Store,Debit Card,Student,M2,AMD Radeon Vega,1,0.3775,1
Europe,Lenovo,Desktop,i7,Intel UHD,32,1024,Linux,Black,Reseller,Bank Transfer,Student,i7,Intel UHD,0,0.365,1
North America,HP,All-in-One,M1,Intel UHD,32,1024,macOS,White,Reseller,Debit Card,Professional,M1,Intel UHD,0,0.36,1
Europe,Acer,Gaming Laptop,Ryzen 3,AMD Radeon Vega,16,1024,macOS,Blue,Reseller,Debit Card,Enterprise,Ryzen 3,AMD Radeon Vega,0,0.4875,1
Asia-Pacific,Asus,Gaming Laptop,i3,NVIDIA RTX 2060,32,512,Windows 11,Gray,Online,PayPal,Student,i3,RTX 2060,1,0.4175,1
North America,Acer,Laptop,i5,Intel UHD,16,1024,Linux,White,Retail Store,Debit Card,Professional,i5,Intel UHD,1,0.4675,1
Asia-Pacific,Samsung,Desktop,Ryzen 3,NVIDIA RTX 2060,4,512,Windows 10,Silver,Online,PayPal,Student,Ryzen 3,RTX 2060,0,0.385,1
North America,Acer,Gaming Laptop,i5,NVIDIA RTX 2060,8,256,Windows 11,Black,Reseller,Bank Transfer,Gamer,i5,RTX 2060,1,0.3375,0
Asia-Pacific,Lenovo,Gaming Laptop,i5,NVIDIA GTX 1650,8,2048,macOS,White,Online,Debit Card,Student,i5,GTX 1650,1,0.3625,1
Europe,Asus,Gaming Laptop,i5,Intel Iris,8,2048,Windows 11,Blue,Retail Store,Debit Card,Gamer,i5,Intel Iris,1,0.405,1
Asia-Pacific,Asus,All-in-One,Ryzen 7,AMD Radeon Vega,8,512,Windows 11,Black,Online,Bank Transfer,Gamer,Ryzen 7,AMD Radeon Vega,0,0.3925,1
Asia-Pacific,Acer,Laptop,i7,Intel UHD,8,512,Windows 10,Blue,Online,Bank Transfer,Student,i7,Intel UHD,0,0.3925,1
Europe,HP,Gaming Laptop,i3,AMD Radeon Vega,16,1024,Windows 11,Silver,Reseller,Bank Transfer,Gamer,i3,AMD Radeon Vega,0,0.36,1
Asia-Pacific,Lenovo,Desktop,i9,AMD Radeon Vega,4,256,Windows 11,Gray,Reseller,Credit Card,Enterprise,i9,AMD Radeon Vega,0,0.375,1
Europe,Lenovo,Laptop,i3,NVIDIA RTX 2060,32,1024,Windows 11,Blue,Retail Store,Debit Card,Enterprise,i3,RTX 2060,0,0.4425,1
North America,Samsung,Gaming Laptop,i9,AMD Radeon Vega,8,256,Linux,Silver,Online,Debit Card,Gamer,i9,AMD Radeon Vega,0,0.4325,1
North America,Razer,All-in-One,Ryzen 5,Intel UHD,16,2048,macOS,Gray,Reseller,Credit Card,Professional,Ryzen 5,Intel UHD,0,0.495,1
Asia-Pacific,Razer,Desktop,Ryzen 7,AMD Radeon Vega,16,256,macOS,Blue,Reseller,Bank Transfer,Gamer,Ryzen 7,AMD Radeon Vega,0,0.495,1
Europe,MSI,Desktop,i3,Intel Iris,8,2048,Windows 11,Blue,Retail Store,Credit Card,Student,i3,Intel Iris,0,0.54,1
North America,MSI,All-in-One,Ryzen 3,NVIDIA GTX 1650,16,256,macOS,Gray,Online,Debit Card,Professional,Ryzen 3,GTX 1650,1,0.54,1
Europe,Dell,Laptop,i3,NVIDIA RTX 2060,8,1024,macOS,Silver,Reseller,Debit Card,Gamer,i3,RTX 2060,0,0.345,0
Asia-Pacific,MSI,All-in-One,Ryzen 3,NVIDIA GTX 1650,32,512,Windows 11,White,Online,Debit Card,Gamer,Ryzen 3,GTX 1650,0,0.3975,1
North America,Lenovo,Desktop,M2,Intel Iris,32,1024,Windows 11,Blue,Retail Store,Debit Card,Student,M2,Intel Iris,1,0.495,1
Europe,HP,Laptop,M1,AMD Radeon Vega,32,256,macOS,Gray,Retail Store,PayPal,Gamer,M1,AMD Radeon Vega,1,0.32,0
Asia-Pacific,Acer,Laptop,i3,NVIDIA RTX 3060,16,256,Linux,White,Online,PayPal,Student,i3,RTX 3060,1,0.4775,1
Europe,Lenovo,Gaming Laptop,i5,NVIDIA GTX 1650,16,1024,Linux,White,Retail Store,Credit Card,Professional,i5,GTX 1650,1,0.3675,1
Europe,Dell,Desktop,i3,NVIDIA RTX 2060,16,1024,macOS,Black,Online,PayPal,Professional,i3,RTX 2060,0,0.43,1
Asia-Pacific,Razer,Laptop,Ryzen 3,AMD Radeon Vega,8,1024,macOS,Silver,Online,Credit Card,Gamer,Ryzen 3,AMD Radeon Vega,0,0.3375,0
Asia-Pacific,Acer,Gaming Laptop,i7,Intel Iris,8,512,macOS,Silver,Retail Store,Bank Transfer,Student,i7,Intel Iris,0,0.4175,1
Europe,HP,Gaming Laptop,Ryzen 3,Intel UHD,4,256,macOS,Black,Retail Store,Credit Card,Enterprise,Ryzen 3,Intel UHD,1,0.41,1
North America,Razer,Laptop,Ryzen 7,NVIDIA RTX 2060,4,1024,macOS,Blue,Retail Store,PayPal,Gamer,Ryzen 7,RTX 2060,0,0.2425,0
North America,Razer,Desktop,Ryzen 9,Intel UHD,8,1024,Linux,White,Retail Store,Credit Card,Student,Ryzen 9,Intel UHD,1,0.4025,1
Asia-Pacific,Samsung,Desktop,i3,Intel Iris,8,256,Linux,Silver,Retail Store,Credit Card,Professional,i3,Intel Iris,1,0.395,1
Europe,Acer,Laptop,Ryzen 3,NVIDIA GTX 1650,8,256,Linux,Blue,Reseller,PayPal,Student,Ryzen 3,GTX 1650,0,0.4325,1
Asia-Pacific,Apple,Desktop,i9,Intel Iris,32,2048,macOS,Gray,Online,Debit Card,Professional,i9,Intel Iris,0,0.28,0
Europe,Samsung,Gaming Laptop,Ryzen 5,NVIDIA RTX 2060,16,2048,macOS,Gray,Reseller,Debit Card,Student,Ryzen 5,RTX 2060,1,0.32,0
North America,Apple,Gaming Laptop,M2,NVIDIA GTX 1650,16,256,macOS,Silver,Retail Store,PayPal,Gamer,M2,GTX 1650,1,0.4075,1
Europe,Samsung,Laptop,i7,NVIDIA RTX 2060,8,512,Windows 10,Gray,Online,Credit Card,Enterprise,i7,RTX 2060,1,0.34,0
Europe,Asus,Laptop,i5,NVIDIA GTX 1650,8,256,Windows 11,Silver,Online,Credit Card,Gamer,i5,GTX 1650,0,0.325,0
North America,MSI,Desktop,Ryzen 3,AMD Radeon Vega,32,512,macOS,Blue,Online,PayPal,Enterprise,Ryzen 3,AMD Radeon Vega,0,0.36,1
Europe,Dell,Laptop,i9,NVIDIA RTX 3060,16,256,Windows 10,White,Online,Bank Transfer,Enterprise,i9,RTX 3060,0,0.365,1
Asia-Pacific,Microsoft,Laptop,i5,AMD Radeon Vega,4,1024,Windows 10,Blue,Retail Store,Credit Card,Gamer,i5,AMD Radeon Vega,0,0.53,1
Asia-Pacific,Samsung,Laptop,M1,NVIDIA RTX 2060,16,512,Windows 11,White,Reseller,Bank Transfer,Enterprise,M1,RTX 2060,0,0.5075,1
North America,Lenovo,All-in-One,i7,NVIDIA RTX 2060,16,1024,Windows 10,White,Online,Bank Transfer,Gamer,i7,RTX 2060,1,0.46,1
North America,Microsoft,Gaming Laptop,M2,Intel UHD,4,2048,macOS,Gray,Online,PayPal,Enterprise,M2,Intel UHD,1,0.3125,0
Europe,Apple,All-in-One,i5,NVIDIA RTX 3060,4,2048,macOS,Black,Retail Store,Debit Card,Student,i5,RTX 3060,0,0.4675,1
North America,Microsoft,Laptop,Ryzen 3,NVIDIA RTX 3060,8,512,Linux,Gray,Online,PayPal,Student,Ryzen 3,RTX 3060,1,0.52,1
Asia-Pacific,Razer,Desktop,Ryzen 7,NVIDIA GTX 1650,16,1024,Linux,Blue,Reseller,Debit Card,Professional,Ryzen 7,GTX 1650,0,0.4575,1
North America,Samsung,All-in-One,Ryzen 5,NVIDIA GTX 1650,8,512,Linux,Black,Online,PayPal,Student,Ryzen 5,GTX 1650,0,0.53,1
Europe,Asus,Desktop,Ryzen 9,NVIDIA GTX 1650,32,2048,macOS,Gray,Retail Store,Credit Card,Gamer,Ryzen 9,GTX 1650,0,0.305,0
Europe,HP,Gaming Laptop,Ryzen 5,AMD Radeon Vega,32,512,Linux,Silver,Reseller,PayPal,Professional,Ryzen 5,AMD Radeon Vega,1,0.3775,1
Europe,MSI,Gaming Laptop,Ryzen 5,Intel UHD,16,512,macOS,Blue,Retail Store,Credit Card,Enterprise,Ryzen 5,Intel UHD,1,0.3475,0
North America,Microsoft,All-in-One,Ryzen 7,NVIDIA RTX 3060,8,2048,macOS,Gray,Reseller,Credit Card,Gamer,Ryzen 7,RTX 3060,1,0.3175,0
Europe,Apple,Laptop,Ryzen 5,NVIDIA GTX 1650,16,512,macOS,Blue,Reseller,Credit Card,Professional,Ryzen 5,GTX 1650,1,0.4075,1
North America,HP,All-in-One,Ryzen 5,Intel Iris,16,2048,Windows 11,Black,Online,Credit Card,Professional,Ryzen 5,Intel Iris,1,0.355,1
Europe,Lenovo,Laptop,i9,Intel Iris,8,256,Windows 10,White,Online,Credit Card,Student,i9,Intel Iris,0,0.2675,0
Europe,Samsung,Desktop,i5,AMD Radeon Vega,32,256,Windows 10,White,Retail Store,PayPal,Professional,i5,AMD Radeon Vega,0,0.4125,1
North America,Apple,Desktop,Ryzen 7,AMD Radeon Vega,4,512,macOS,White,Retail Store,Bank Transfer,Gamer,Ryzen 7,AMD Radeon Vega,1,0.4725,1
North America,HP,Desktop,i5,NVIDIA GTX 1650,8,256,macOS,White,Online,Debit Card,Professional,i5,GTX 1650,0,0.5025,1
Europe,Dell,Desktop,i9,Intel UHD,4,512,Windows 10,Silver,Reseller,Bank Transfer,Professional,i9,Intel UHD,1,0.43,1
North America,Lenovo,Laptop,i3,NVIDIA GTX 1650,16,256,Linux,Black,Online,Debit Card,Gamer,i3,GTX 1650,0,0.45,1
North America,Acer,Gaming Laptop,i7,AMD Radeon Vega,4,2048,Linux,White,Online,Bank Transfer,Gamer,i7,AMD Radeon Vega,0,0.3525,1
Europe,Acer,Laptop,i9,Intel Iris,32,512,macOS,Gray,Online,Debit Card,Enterprise,i9,Intel Iris,0,0.385,1
Asia-Pacific,Razer,Desktop,Ryzen 7,Intel Iris,8,512,macOS,Gray,Reseller,Credit Card,Professional,Ryzen 7,Intel Iris,1,0.4525,1
North America,Lenovo,Desktop,Ryzen 9,AMD Radeon Vega,8,512,Linux,Black,Retail Store,Debit Card,Gamer,Ryzen 9,AMD Radeon Vega,0,0.4175,1
Asia-Pacific,Asus,Laptop,M1,NVIDIA RTX 3060,16,512,macOS,White,Online,Bank Transfer,Gamer,M1,RTX 3060,0,0.4325,1
Europe,Asus,All-in-One,i7,Intel UHD,16,1024,Linux,Gray,Reseller,Credit Card,Gamer,i7,Intel UHD,1,0.4475,1
Asia-Pacific,HP,Laptop,Ryzen 3,AMD Radeon Vega,8,1024,Windows 11,White,Retail Store,Bank Transfer,Student,Ryzen 3,AMD Radeon Vega,0,0.3375,0
Asia-Pacific,Asus,Gaming Laptop,Ryzen 7,AMD Radeon Vega,4,2048,Windows 11,Gray,Reseller,Bank Transfer,Enterprise,Ryzen 7,AMD Radeon Vega,0,0.43,1
Europe,Razer,All-in-One,M2,NVIDIA GTX 1650,4,1024,macOS,Silver,Retail Store,Debit Card,Enterprise,M2,GTX 1650,0,0.46,1
Asia-Pacific,Lenovo,Gaming Laptop,M1,Intel UHD,8,2048,macOS,Blue,Retail Store,Debit Card,Enterprise,M1,Intel UHD,1,0.3175,0
Europe,HP,Gaming Laptop,Ryzen 7,Intel Iris,32,1024,Windows 11,Blue,Online,Credit Card,Gamer,Ryzen 7,Intel Iris,0,0.32,0
North America,MSI,Desktop,Ryzen 5,NVIDIA RTX 3060,8,512,Linux,White,Reseller,Credit Card,Professional,Ryzen 5,RTX 3060,0,0.2925,0
Europe,Apple,All-in-One,Ryzen 3,Intel Iris,16,512,macOS,Silver,Reseller,Bank Transfer,Professional,Ryzen 3,Intel Iris,0,0.3875,1
North America,Acer,All-in-One,Ryzen 3,NVIDIA GTX 1650,8,2048,Windows 10,White,Online,Debit Card,Professional,Ryzen 3,GTX 1650,1,0.57,1
Europe,Asus,Laptop,i5,NVIDIA RTX 2060,32,512,Linux,Silver,Online,PayPal,Enterprise,i5,RTX 2060,0,0.2725,0
North America,Lenovo,Desktop,M2,AMD Radeon Vega,16,1024,Windows 11,White,Online,Debit Card,Professional,M2,AMD Radeon Vega,0,0.39,1
North America,Dell,All-in-One,i5,Intel Iris,8,2048,macOS,Black,Retail Store,PayPal,Professional,i5,Intel Iris,0,0.4075,1
North America,Microsoft,All-in-One,i5,AMD Radeon Vega,32,2048,macOS,Silver,Retail Store,Debit Card,Student,i5,AMD Radeon Vega,1,0.3325,0
Asia-Pacific,Razer,All-in-One,i5,NVIDIA RTX 3060,16,512,macOS,Blue,Retail Store,Bank Transfer,Gamer,i5,RTX 3060,0,0.3575,1
North America,HP,Desktop,i5,AMD Radeon Vega,16,1024,Linux,White,Online,Bank Transfer,Gamer,i5,AMD Radeon Vega,1,0.415,1
Asia-Pacific,Microsoft,All-in-One,Ryzen 7,NVIDIA RTX 3060,8,512,macOS,Black,Reseller,Bank Transfer,Enterprise,Ryzen 7,RTX 3060,0,0.5,1
Asia-Pacific,Microsoft,All-in-One,Ryzen 7,NVIDIA RTX 2060,16,1024,Windows 11,Black,Retail Store,PayPal,Gamer,Ryzen 7,RTX 2060,0,0.2975,0
Europe,Dell,All-in-One,Ryzen 9,NVIDIA GTX 1650,4,1024,Windows 11,Gray,Retail Store,Debit Card,Gamer,Ryzen 9,GTX 1650,0,0.405,1
Europe,Razer,Laptop,M1,NVIDIA RTX 2060,8,2048,Windows 11,Gray,Online,Credit Card,Enterprise,M1,RTX 2060,0,0.3225,0
North America,Lenovo,All-in-One,i3,AMD Radeon Vega,16,1024,macOS,White,Reseller,Bank Transfer,Gamer,i3,AMD Radeon Vega,0,0.43,1
Europe,Dell,Laptop,i9,AMD Radeon Vega,4,2048,Windows 10,Silver,Reseller,Debit Card,Professional,i9,AMD Radeon Vega,0,0.425,1
North America,Dell,All-in-One,i9,NVIDIA GTX 1650,16,1024,Windows 11,Blue,Retail Store,PayPal,Gamer,i9,GTX 1650,1,0.365,1
Asia-Pacific,HP,Laptop,M1,NVIDIA RTX 3060,4,1024,macOS,Silver,Retail Store,Bank Transfer,Student,M1,RTX 3060,1,0.425,1
Asia-Pacific,Samsung,All-in-One,Ryzen 9,AMD Radeon Vega,16,256,Windows 11,Blue,Online,Bank Transfer,Professional,Ryzen 9,AMD Radeon Vega,0,0.3425,0
North America,Acer,Laptop,M2,Intel UHD,4,2048,macOS,White,Online,PayPal,Gamer,M2,Intel UHD,1,0.265,0
Asia-Pacific,Acer,Gaming Laptop,i3,NVIDIA RTX 2060,4,1024,Windows 10,Black,Retail Store,PayPal,Enterprise,i3,RTX 2060,0,0.3475,0
Asia-Pacific,Apple,Gaming Laptop,Ryzen 9,AMD Radeon Vega,4,512,macOS,Blue,Reseller,PayPal,Professional,Ryzen 9,AMD Radeon Vega,1,0.3975,1
North America,Microsoft,Gaming Laptop,i3,Intel Iris,8,512,macOS,White,Retail Store,PayPal,Student,i3,Intel Iris,0,0.3325,0
Europe,MSI,Gaming Laptop,Ryzen 5,AMD Radeon Vega,8,2048,macOS,Gray,Online,PayPal,Student,Ryzen 5,AMD Radeon Vega,0,0.505,1
Asia-Pacific,Samsung,Laptop,Ryzen 7,NVIDIA RTX 2060,4,1024,macOS,Black,Reseller,PayPal,Enterprise,Ryzen 7,RTX 2060,0,0.385,1
Asia-Pacific,Acer,All-in-One,i9,NVIDIA RTX 3060,4,256,macOS,Silver,Online,Debit Card,Enterprise,i9,RTX 3060,0,0.3575,1
North America,MSI,Desktop,i5,Intel Iris,4,1024,Linux,Silver,Retail Store,Debit Card,Student,i5,Intel Iris,1,0.51,1
Asia-Pacific,Apple,Gaming Laptop,i5,NVIDIA RTX 3060,16,256,macOS,White,Online,Bank Transfer,Student,i5,RTX 3060,1,0.575,1
Europe,Acer,Laptop,i3,NVIDIA RTX 3060,4,1024,macOS,Black,Online,PayPal,Gamer,i3,RTX 3060,0,0.29,0
Europe,HP,Gaming Laptop,i5,NVIDIA GTX 1650,16,1024,Linux,Black,Online,Credit Card,Student,i5,GTX 1650,0,0.4,1
Europe,Acer,Gaming Laptop,Ryzen 7,AMD Radeon Vega,32,256,Linux,Black,Online,Credit Card,Enterprise,Ryzen 7,AMD Radeon Vega,0,0.3425,0
Europe,HP,All-in-One,i3,Intel UHD,32,2048,Windows 10,White,Reseller,PayPal,Professional,i3,Intel UHD,0,0.4475,1
North America,Microsoft,Desktop,M1,AMD Radeon Vega,16,2048,Windows 11,Gray,Reseller,PayPal,Professional,M1,AMD Radeon Vega,1,0.39,1
Europe,Dell,Desktop,Ryzen 5,NVIDIA GTX 1650,32,1024,macOS,White,Reseller,Debit Card,Professional,Ryzen 5,GTX 1650,0,0.415,1
North America,Lenovo,Laptop,M1,Intel UHD,16,256,Windows 10,Silver,Retail Store,PayPal,Enterprise,M1,Intel UHD,0,0.3625,1
North America,Microsoft,All-in-One,M2,NVIDIA RTX 3060,8,1024,Windows 10,White,Retail Store,PayPal,Student,M2,RTX 3060,1,0.315,0
Asia-Pacific,Apple,Laptop,Ryzen 3,Intel UHD,16,256,macOS,Silver,Reseller,Credit Card,Student,Ryzen 3,Intel UHD,1,0.4625,1
Europe,HP,Desktop,i7,Intel UHD,8,1024,Windows 10,Silver,Reseller,Bank Transfer,Enterprise,i7,Intel UHD,1,0.37,1
Europe,Razer,Desktop,i7,NVIDIA GTX 1650,4,1024,Windows 10,White,Retail Store,PayPal,Professional,i7,GTX 1650,0,0.41,1
North America,Samsung,All-in-One,M1,NVIDIA RTX 2060,16,512,Windows 11,Black,Online,Debit Card,Enterprise,M1,RTX 2060,1,0.355,1
Asia-Pacific,Microsoft,Gaming Laptop,i3,NVIDIA GTX 1650,4,1024,macOS,Silver,Retail Store,PayPal,Enterprise,i3,GTX 1650,0,0.415,1
Europe,Samsung,Desktop,i7,Intel UHD,8,1024,macOS,Black,Reseller,Debit Card,Enterprise,i7,Intel UHD,0,0.33,0
Europe,Razer,Laptop,Ryzen 5,NVIDIA RTX 3060,16,2048,macOS,Silver,Retail Store,Bank Transfer,Student,Ryzen 5,RTX 3060,0,0.34,0
Europe,Lenovo,Desktop,M1,NVIDIA GTX 1650,32,256,Windows 10,White,Online,Credit Card,Enterprise,M1,GTX 1650,0,0.37,1
Asia-Pacific,Razer,Gaming Laptop,i7,NVIDIA RTX 3060,8,512,Windows 11,White,Reseller,PayPal,Professional,i7,RTX 3060,0,0.425,1
Asia-Pacific,Razer,Laptop,i7,AMD Radeon Vega,8,512,macOS,White,Reseller,Bank Transfer,Gamer,i7,AMD Radeon Vega,1,0.34,0
Asia-Pacific,Lenovo,All-in-One,i5,AMD Radeon Vega,32,1024,macOS,Gray,Online,Debit Card,Gamer,i5,AMD Radeon Vega,1,0.4075,1
Europe,Lenovo,Desktop,Ryzen 9,AMD Radeon Vega,8,512,macOS,Blue,Retail Store,PayPal,Enterprise,Ryzen 9,AMD Radeon Vega,1,0.4525,1
Asia-Pacific,Samsung,All-in-One,i5,NVIDIA RTX 2060,8,512,Windows 11,Gray,Reseller,Credit Card,Student,i5,RTX 2060,1,0.46,1
Europe,Microsoft,Gaming Laptop,i3,NVIDIA GTX 1650,16,1024,Windows 10,Blue,Reseller,Debit Card,Student,i3,GTX 1650,0,0.39,1
North America,Microsoft,Desktop,Ryzen 5,NVIDIA GTX 1650,8,1024,macOS,White,Online,Credit Card,Gamer,Ryzen 5,GTX 1650,0,0.3725,1
Asia-Pacific,MSI,All-in-One,i9,NVIDIA GTX 1650,8,512,Windows 11,Gray,Reseller,Debit Card,Student,i9,GTX 1650,0,0.3925,1
Europe,Asus,Gaming Laptop,i7,Intel UHD,8,256,Windows 10,Silver,Reseller,Bank Transfer,Enterprise,i7,Intel UHD,0,0.325,0
North America,MSI,Desktop,Ryzen 3,Intel Iris,16,2048,Windows 11,Gray,Retail Store,Debit Card,Gamer,Ryzen 3,Intel Iris,1,0.35,1
Asia-Pacific,Dell,All-in-One,Ryzen 5,NVIDIA RTX 2060,8,256,Windows 10,Blue,Online,PayPal,Enterprise,Ryzen 5,RTX 2060,0,0.4675,1
Europe,Microsoft,Gaming Laptop,Ryzen 9,Intel Iris,16,1024,Windows 11,White,Reseller,Credit Card,Enterprise,Ryzen 9,Intel Iris,0,0.4075,1
Asia-Pacific,Asus,Laptop,Ryzen 7,NVIDIA GTX 1650,32,1024,Windows 10,Black,Reseller,PayPal,Enterprise,Ryzen 7,GTX 1650,0,0.2225,0
Asia-Pacific,Samsung,All-in-One,Ryzen 5,Intel Iris,8,512,Linux,White,Retail Store,Debit Card,Enterprise,Ryzen 5,Intel Iris,0,0.375,1
Asia-Pacific,Samsung,Desktop,i9,NVIDIA GTX 1650,16,512,Windows 10,Silver,Reseller,PayPal,Gamer,i9,GTX 1650,0,0.3775,1
Europe,Acer,Desktop,Ryzen 5,NVIDIA RTX 3060,4,2048,Windows 11,Silver,Retail Store,Credit Card,Student,Ryzen 5,RTX 3060,0,0.365,1
North America,Dell,Desktop,i9,Intel Iris,4,256,Windows 11,Blue,Retail Store,PayPal,Student,i9,Intel Iris,1,0.4225,1
Europe,HP,All-in-One,M1,Intel UHD,8,2048,Windows 11,Blue,Retail Store,Credit Card,Gamer,M1,Intel UHD,0,0.42,1
Europe,HP,Gaming Laptop,i5,NVIDIA GTX 1650,32,512,Linux,White,Online,Bank Transfer,Enterprise,i5,GTX 1650,0,0.375,1
Europe,Razer,All-in-One,i3,Intel Iris,4,256,macOS,White,Reseller,Credit Card,Enterprise,i3,Intel Iris,1,0.465,1
Europe,Acer,All-in-One,Ryzen 5,NVIDIA GTX 1650,32,2048,Linux,Black,Online,Bank Transfer,Professional,Ryzen 5,GTX 1650,0,0.3575,1
Europe,MSI,All-in-One,i3,Intel Iris,32,1024,macOS,Blue,Online,Debit Card,Gamer,i3,Intel Iris,0,0.4425,1
Asia-Pacific,MSI,Desktop,Ryzen 7,NVIDIA GTX 1650,4,1024,Windows 11,Gray,Online,Bank Transfer,Gamer,Ryzen 7,GTX 1650,1,0.3525,1
Europe,Lenovo,Desktop,i5,Intel Iris,4,256,Linux,Gray,Retail Store,Bank Transfer,Student,i5,Intel Iris,1,0.4125,1
Europe,Asus,Laptop,Ryzen 3,Intel Iris,4,512,macOS,Silver,Reseller,PayPal,Gamer,Ryzen 3,Intel Iris,1,0.255,0
North America,Razer,Desktop,Ryzen 5,NVIDIA GTX 1650,16,1024,Linux,White,Online,PayPal,Enterprise,Ryzen 5,GTX 1650,0,0.4675,1
North America,Razer,Desktop,Ryzen 7,Intel Iris,4,512,Linux,Blue,Retail Store,Debit Card,Student,Ryzen 7,Intel Iris,0,0.385,1
North America,HP,All-in-One,Ryzen 3,NVIDIA RTX 3060,8,1024,macOS,Silver,Retail Store,Bank Transfer,Gamer,Ryzen 3,RTX 3060,0,0.22,0
Europe,Acer,Desktop,i9,Intel UHD,4,1024,Windows 10,White,Online,Bank Transfer,Enterprise,i9,Intel UHD,1,0.3625,1
North America,Apple,All-in-One,Ryzen 7,NVIDIA RTX 3060,32,512,macOS,Silver,Retail Store,PayPal,Gamer,Ryzen 7,RTX 3060,1,0.255,0
Asia-Pacific,Apple,Laptop,i9,Intel UHD,4,2048,macOS,Silver,Retail Store,Bank Transfer,Professional,i9,Intel UHD,1,0.1925,0
North America,MSI,Desktop,Ryzen 7,NVIDIA GTX 1650,8,1024,Windows 10,White,Online,PayPal,Professional,Ryzen 7,GTX 1650,0,0.3975,1
Asia-Pacific,Apple,Desktop,i7,NVIDIA GTX 1650,32,2048,macOS,Gray,Reseller,Debit Card,Gamer,i7,GTX 1650,1,0.3075,0
North America,Acer,All-in-One,Ryzen 9,NVIDIA RTX 2060,32,2048,Linux,Black,Reseller,Credit Card,Student,Ryzen 9,RTX 2060,0,0.4725,1
Europe,Samsung,All-in-One,M1,NVIDIA GTX 1650,4,1024,Linux,Blue,Reseller,PayPal,Enterprise,M1,GTX 1650,0,0.445,1
Asia-Pacific,Razer,Gaming Laptop,Ryzen 7,Intel UHD,8,2048,Linux,Blue,Reseller,Credit Card,Student,Ryzen 7,Intel UHD,0,0.39,1
Europe,Dell,Laptop,i9,NVIDIA RTX 3060,4,2048,Linux,Silver,Online,Credit Card,Student,i9,RTX 3060,0,0.32,0
Asia-Pacific,Asus,Desktop,Ryzen 5,AMD Radeon Vega,16,512,Linux,White,Reseller,Credit Card,Professional,Ryzen 5,AMD Radeon Vega,0,0.41,1
North America,Asus,All-in-One,i7,NVIDIA RTX 3060,8,1024,macOS,Silver,Reseller,Credit Card,Enterprise,i7,RTX 3060,1,0.46,1
Asia-Pacific,Lenovo,Gaming Laptop,Ryzen 3,Intel Iris,32,512,Windows 10,Blue,Reseller,Credit Card,Professional,Ryzen 3,Intel Iris,1,0.3675,1
Europe,Lenovo,Gaming Laptop,M1,Intel UHD,32,512,Linux,White,Online,Credit Card,Gamer,M1,Intel UHD,0,0.305,0
Europe,Lenovo,Gaming Laptop,M2,NVIDIA GTX 1650,16,512,Linux,White,Online,Bank Transfer,Student,M2,GTX 1650,1,0.415,1
Europe,Razer,All-in-One,M1,Intel Iris,16,512,Windows 11,Black,Online,PayPal,Enterprise,M1,Intel Iris,1,0.435,1
Asia-Pacific,Lenovo,Gaming Laptop,i7,NVIDIA GTX 1650,4,2048,Linux,White,Retail Store,Credit Card,Professional,i7,GTX 1650,1,0.3275,0
North America,Razer,Laptop,i3,Intel UHD,4,512,macOS,Gray,Retail Store,Bank Transfer,Professional,i3,Intel UHD,0,0.5175,1
Europe,Dell,Gaming Laptop,M1,NVIDIA RTX 3060,8,2048,Linux,Silver,Online,Bank Transfer,Enterprise,M1,RTX 3060,0,0.3375,0
North America,Samsung,Desktop,i5,AMD Radeon Vega,8,256,Windows 10,Gray,Reseller,PayPal,Student,i5,AMD Radeon Vega,1,0.4225,1
Asia-Pacific,HP,All-in-One,M2,NVIDIA RTX 3060,16,256,Windows 10,Blue,Reseller,Credit Card,Enterprise,M2,RTX 3060,1,0.32,0
Asia-Pacific,Microsoft,All-in-One,i7,Intel UHD,8,2048,Windows 10,White,Retail Store,Debit Card,Student,i7,Intel UHD,1,0.36,1
Europe,Asus,Gaming Laptop,Ryzen 5,NVIDIA RTX 3060,16,512,Windows 10,Silver,Retail Store,Credit Card,Professional,Ryzen 5,RTX 3060,0,0.4375,1
Asia-Pacific,MSI,All-in-One,i7,NVIDIA RTX 3060,4,512,Windows 11,Black,Reseller,PayPal,Student,i7,RTX 3060,0,0.425,1
Europe,Lenovo,Laptop,Ryzen 3,Intel UHD,16,1024,macOS,White,Online,Credit Card,Gamer,Ryzen 3,Intel UHD,1,0.35,1
Europe,HP,Laptop,Ryzen 7,AMD Radeon Vega,8,512,macOS,Silver,Online,Credit Card,Gamer,Ryzen 7,AMD Radeon Vega,0,0.355,1
Asia-Pacific,Dell,Desktop,i5,NVIDIA GTX 1650,32,512,macOS,Black,Online,PayPal,Student,i5,GTX 1650,0,0.4175,1
Asia-Pacific,Lenovo,All-in-One,Ryzen 7,NVIDIA RTX 2060,16,1024,Windows 10,Black,Retail Store,Credit Card,Enterprise,Ryzen 7,RTX 2060,1,0.2825,0
Europe,MSI,All-in-One,M1,Intel Iris,32,512,macOS,White,Reseller,Debit Card,Professional,M1,Intel Iris,0,0.43,1
Europe,Acer,All-in-One,Ryzen 7,NVIDIA RTX 2060,16,512,Linux,Silver,Reseller,Credit Card,Enterprise,Ryzen 7,RTX 2060,0,0.375,1
Europe,HP,Desktop,Ryzen 3,AMD Radeon Vega,4,512,Windows 11,Black,Online,Debit Card,Student,Ryzen 3,AMD Radeon Vega,0,0.49,1
North America,Apple,Laptop,Ryzen 5,NVIDIA RTX 3060,32,1024,macOS,Silver,Retail Store,Debit Card,Student,Ryzen 5,RTX 3060,0,0.3525,1
North America,HP,All-in-One,Ryzen 5,NVIDIA GTX 1650,32,512,Windows 10,White,Retail Store,Bank Transfer,Enterprise,Ryzen 5,GTX 1650,0,0.3675,1
Europe,MSI,Desktop,i7,Intel Iris,4,512,macOS,White,Retail Store,Debit Card,Professional,i7,Intel Iris,1,0.415,1
Asia-Pacific,Apple,All-in-One,Ryzen 5,NVIDIA RTX 2060,32,2048,macOS,Black,Retail Store,Credit Card,Professional,Ryzen 5,RTX 2060,1,0.325,0
Asia-Pacific,Samsung,All-in-One,Ryzen 5,Intel Iris,16,2048,Windows 10,Silver,Online,PayPal,Professional,Ryzen 5,Intel Iris,0,0.3475,0
Asia-Pacific,Samsung,Desktop,Ryzen 9,Intel UHD,32,2048,Windows 10,Blue,Online,PayPal,Gamer,Ryzen 9,Intel UHD,1,0.2825,0
Asia-Pacific,Razer,Gaming Laptop,Ryzen 3,NVIDIA GTX 1650,4,1024,Windows 10,White,Online,Credit Card,Enterprise,Ryzen 3,GTX 1650,0,0.34,0
Europe,MSI,Laptop,Ryzen 9,AMD Radeon Vega,4,512,Linux,Black,Online,Bank Transfer,Professional,Ryzen 9,AMD Radeon Vega,0,0.44,1
Europe,MSI,All-in-One,Ryzen 3,Intel Iris,16,2048,Linux,Silver,Retail Store,PayPal,Professional,Ryzen 3,Intel Iris,0,0.38,1
Europe,HP,Laptop,M2,AMD Radeon Vega,32,512,macOS,White,Retail Store,PayPal,Student,M2,AMD Radeon Vega,0,0.3475,0
Europe,Asus,Laptop,Ryzen 9,AMD Radeon Vega,16,256,Windows 10,Gray,Retail Store,PayPal,Gamer,Ryzen 9,AMD Radeon Vega,0,0.4275,1
Europe,Microsoft,Laptop,M1,NVIDIA RTX 3060,8,512,Windows 10,Blue,Retail Store,Debit Card,Student,M1,RTX 3060,0,0.4725,1
Asia-Pacific,Apple,Desktop,Ryzen 7,Intel Iris,32,2048,macOS,Gray,Reseller,Credit Card,Professional,Ryzen 7,Intel Iris,0,0.42,1
North America,HP,Laptop,i7,AMD Radeon Vega,4,1024,Windows 10,Gray,Online,Credit Card,Professional,i7,AMD Radeon Vega,0,0.36,1
Asia-Pacific,MSI,Laptop,Ryzen 3,Intel Iris,8,1024,Windows 10,Silver,Online,Debit Card,Enterprise,Ryzen 3,Intel Iris,0,0.4675,1
Europe,Asus,Laptop,Ryzen 9,NVIDIA RTX 2060,16,1024,Linux,Gray,Online,Credit Card,Gamer,Ryzen 9,RTX 2060,0,0.395,1
Europe,Asus,All-in-One,Ryzen 5,AMD Radeon Vega,16,512,Windows 10,White,Retail Store,Bank Transfer,Enterprise,Ryzen 5,AMD Radeon Vega,0,0.365,1
North America,Dell,All-in-One,i9,AMD Radeon Vega,4,2048,Windows 10,Silver,Retail Store,Debit Card,Student,i9,AMD Radeon Vega,0,0.395,1
Europe,Acer,Gaming Laptop,Ryzen 9,Intel UHD,4,1024,Linux,Gray,Reseller,Bank Transfer,Student,Ryzen 9,Intel UHD,1,0.2825,0
Europe,Lenovo,Laptop,Ryzen 5,Intel Iris,32,256,Windows 10,Gray,Reseller,Debit Card,Student,Ryzen 5,Intel Iris,0,0.395,1
Europe,Lenovo,Desktop,M1,NVIDIA GTX 1650,16,256,Windows 10,Black,Retail Store,PayPal,Gamer,M1,GTX 1650,1,0.38,1
Europe,Apple,Laptop,M1,NVIDIA RTX 3060,8,512,macOS,Gray,Reseller,Bank Transfer,Gamer,M1,RTX 3060,1,0.3125,0
North America,Asus,All-in-One,i7,NVIDIA RTX 3060,4,512,Windows 10,White,Reseller,Bank Transfer,Professional,i7,RTX 3060,1,0.3575,1
North America,Lenovo,Desktop,M1,NVIDIA RTX 2060,4,512,Windows 11,Blue,Reseller,Debit Card,Gamer,M1,RTX 2060,1,0.38,1
Europe,MSI,Laptop,i9,Intel UHD,8,256,macOS,Black,Reseller,Credit Card,Gamer,i9,Intel UHD,0,0.335,0
North America,Apple,All-in-One,Ryzen 5,NVIDIA RTX 2060,4,256,macOS,Black,Online,Debit Card,Student,Ryzen 5,RTX 2060,0,0.55,1
North America,Razer,Desktop,i3,Intel Iris,8,512,macOS,Black,Reseller,Bank Transfer,Gamer,i3,Intel Iris,0,0.545,1
North America,Lenovo,Laptop,i3,Intel UHD,16,1024,Windows 11,White,Reseller,PayPal,Professional,i3,Intel UHD,0,0.5625,1
Asia-Pacific,Lenovo,Laptop,Ryzen 7,AMD Radeon Vega,4,1024,macOS,Blue,Online,PayPal,Student,Ryzen 7,AMD Radeon Vega,0,0.355,1
Europe,Dell,Gaming Laptop,M1,NVIDIA RTX 2060,4,1024,Windows 11,Blue,Reseller,Credit Card,Gamer,M1,RTX 2060,0,0.3525,1
Europe,Razer,Gaming Laptop,Ryzen 9,NVIDIA RTX 2060,8,2048,Windows 11,Blue,Reseller,PayPal,Student,Ryzen 9,RTX 2060,1,0.3675,1
Asia-Pacific,Asus,Desktop,i9,AMD Radeon Vega,32,1024,Windows 10,Blue,Reseller,PayPal,Student,i9,AMD Radeon Vega,0,0.35,1
Asia-Pacific,HP,Laptop,Ryzen 7,NVIDIA RTX 3060,4,2048,Linux,Blue,Online,Credit Card,Student,Ryzen 7,RTX 3060,1,0.415,1
Europe,Dell,All-in-One,M1,NVIDIA GTX 1650,16,1024,Linux,Blue,Reseller,Credit Card,Professional,M1,GTX 1650,0,0.395,1
Europe,Razer,Gaming Laptop,Ryzen 5,Intel UHD,16,512,macOS,Black,Retail Store,Credit Card,Enterprise,Ryzen 5,Intel UHD,1,0.375,1
North America,HP,Desktop,Ryzen 5,NVIDIA RTX 3060,32,1024,Linux,Gray,Online,PayPal,Enterprise,Ryzen 5,RTX 3060,0,0.3725,1
Europe,Acer,Gaming Laptop,i9,NVIDIA RTX 2060,4,2048,Linux,Blue,Online,PayPal,Student,i9,RTX 2060,1,0.22,0
North America,HP,All-in-One,Ryzen 5,AMD Radeon Vega,4,256,Windows 10,Silver,Online,Credit Card,Professional,Ryzen 5,AMD Radeon Vega,1,0.375,1
Europe,Asus,Desktop,Ryzen 7,NVIDIA GTX 1650,32,2048,Linux,Black,Retail Store,Bank Transfer,Student,Ryzen 7,GTX 1650,0,0.395,1
North America,Microsoft,Desktop,Ryzen 3,NVIDIA GTX 1650,32,2048,Windows 11,Black,Reseller,Bank Transfer,Professional,Ryzen 3,GTX 1650,1,0.4075,1
Asia-Pacific,Dell,Desktop,i9,NVIDIA GTX 1650,32,2048,macOS,Silver,Reseller,Bank Transfer,Student,i9,GTX 1650,1,0.305,0
Asia-Pacific,Asus,Desktop,Ryzen 7,Intel UHD,8,512,macOS,Black,Reseller,Credit Card,Gamer,Ryzen 7,Intel UHD,0,0.4225,1
Europe,Microsoft,All-in-One,i7,NVIDIA RTX 2060,8,2048,Linux,Silver,Online,Debit Card,Professional,i7,RTX 2060,0,0.4125,1
North America,Razer,Gaming Laptop,i5,AMD Radeon Vega,16,1024,Windows 10,Gray,Reseller,Bank Transfer,Enterprise,i5,AMD Radeon Vega,0,0.35,1
Asia-Pacific,Dell,Laptop,Ryzen 7,Intel UHD,16,1024,macOS,Gray,Reseller,Bank Transfer,Enterprise,Ryzen 7,Intel UHD,0,0.435,1
Asia-Pacific,MSI,Laptop,i7,AMD Radeon Vega,16,512,Linux,Black,Online,Debit Card,Enterprise,i7,AMD Radeon Vega,0,0.5,1
Europe,Acer,Desktop,M2,NVIDIA RTX 3060,4,512,Linux,Blue,Online,Bank Transfer,Professional,M2,RTX 3060,1,0.2825,0
Asia-Pacific,Asus,Desktop,Ryzen 3,Intel UHD,4,512,Windows 11,Gray,Retail Store,PayPal,Gamer,Ryzen 3,Intel UHD,1,0.385,1
North America,Razer,Laptop,i3,Intel Iris,32,256,Windows 10,Black,Online,Bank Transfer,Student,i3,Intel Iris,0,0.4825,1
Europe,Asus,Laptop,Ryzen 3,Intel Iris,4,1024,Windows 11,Blue,Retail Store,Credit Card,Student,Ryzen 3,Intel Iris,0,0.39,1
North America,MSI,Desktop,M2,NVIDIA RTX 2060,16,1024,Linux,White,Retail Store,Credit Card,Enterprise,M2,RTX 2060,0,0.52,1
Europe,HP,Desktop,Ryzen 7,Intel UHD,8,512,Windows 10,Silver,Online,PayPal,Gamer,Ryzen 7,Intel UHD,1,0.2425,0
North America,MSI,All-in-One,Ryzen 9,Intel UHD,4,256,Windows 10,Silver,Reseller,Debit Card,Student,Ryzen 9,Intel UHD,1,0.37,1
North America,HP,Gaming Laptop,M2,AMD Radeon Vega,4,256,macOS,White,Online,PayPal,Professional,M2,AMD Radeon Vega,1,0.42,1
Asia-Pacific,Dell,Gaming Laptop,Ryzen 5,Intel Iris,8,256,Linux,Silver,Reseller,PayPal,Enterprise,Ryzen 5,Intel Iris,0,0.33,0
North America,Razer,Laptop,i9,NVIDIA RTX 3060,32,1024,Windows 10,Black,Online,Bank Transfer,Gamer,i9,RTX 3060,1,0.2675,0
North America,Asus,Gaming Laptop,Ryzen 9,NVIDIA RTX 3060,32,512,Linux,White,Reseller,Debit Card,Enterprise,Ryzen 9,RTX 3060,0,0.365,1
Asia-Pacific,Microsoft,Gaming Laptop,Ryzen 9,AMD Radeon Vega,4,1024,Windows 10,Silver,Reseller,Debit Card,Gamer,Ryzen 9,AMD Radeon Vega,1,0.29,0
Asia-Pacific,Dell,Laptop,Ryzen 7,AMD Radeon Vega,4,2048,Linux,Silver,Retail Store,Credit Card,Professional,Ryzen 7,AMD Radeon Vega,0,0.3975,1
Asia-Pacific,HP,All-in-One,i3,Intel Iris,8,2048,Linux,White,Online,Credit Card,Gamer,i3,Intel Iris,1,0.41,1
Europe,Asus,All-in-One,M2,Intel UHD,4,1024,Windows 10,White,Online,PayPal,Enterprise,M2,Intel UHD,0,0.385,1
Europe,Dell,Desktop,i7,AMD Radeon Vega,4,1024,Windows 10,Blue,Online,PayPal,Enterprise,i7,AMD Radeon Vega,1,0.4775,1
North America,Asus,Laptop,Ryzen 7,NVIDIA RTX 3060,32,1024,macOS,Black,Retail Store,Bank Transfer,Gamer,Ryzen 7,RTX 3060,0,0.2975,0
Europe,Asus,Gaming Laptop,M2,Intel Iris,32,1024,Windows 11,Blue,Online,Debit Card,Professional,M2,Intel Iris,1,0.3975,1
North America,Apple,Laptop,Ryzen 5,Intel UHD,32,1024,macOS,Silver,Reseller,Debit Card,Professional,Ryzen 5,Intel UHD,1,0.3575,1
North America,MSI,Desktop,Ryzen 9,NVIDIA RTX 2060,8,1024,macOS,Blue,Online,Credit Card,Gamer,Ryzen 9,RTX 2060,1,0.4125,1
North America,Acer,Gaming Laptop,Ryzen 5,AMD Radeon Vega,32,2048,Linux,White,Reseller,Debit Card,Professional,Ryzen 5,AMD Radeon Vega,0,0.45,1
Europe,Razer,Gaming Laptop,i9,NVIDIA RTX 2060,8,2048,Linux,Blue,Reseller,Debit Card,Gamer,i9,RTX 2060,1,0.2875,0
Asia-Pacific,Apple,Gaming Laptop,i5,Intel UHD,32,512,macOS,Blue,Online,Debit Card,Gamer,i5,Intel UHD,1,0.4075,1
North America,Acer,Laptop,M2,AMD Radeon Vega,32,256,Linux,Silver,Online,PayPal,Gamer,M2,AMD Radeon Vega,0,0.4275,1
North America,Asus,Gaming Laptop,i7,Intel Iris,8,1024,macOS,Black,Online,PayPal,Student,i7,Intel Iris,0,0.325,0
Asia-Pacific,Microsoft,Gaming Laptop,M1,Intel UHD,16,1024,Linux,Silver,Online,Debit Card,Professional,M1,Intel UHD,1,0.2875,0
North America,Razer,Laptop,Ryzen 5,Intel Iris,8,2048,Windows 10,Blue,Reseller,Credit Card,Enterprise,Ryzen 5,Intel Iris,0,0.3925,1
Asia-Pacific,Asus,Laptop,i9,Intel Iris,4,256,Windows 11,White,Reseller,Credit Card,Professional,i9,Intel Iris,1,0.495,1
Europe,Microsoft,Desktop,Ryzen 7,Intel UHD,16,512,macOS,White,Reseller,PayPal,Student,Ryzen 7,Intel UHD,1,0.3175,0
North America,Dell,Desktop,Ryzen 9,Intel UHD,4,256,Linux,Blue,Retail Store,Debit Card,Enterprise,Ryzen 9,Intel UHD,0,0.4,1
Asia-Pacific,Asus,All-in-One,Ryzen 5,Intel Iris,16,256,macOS,Black,Retail Store,Debit Card,Professional,Ryzen 5,Intel Iris,1,0.4325,1
North America,MSI,Laptop,Ryzen 5,Intel Iris,8,1024,Windows 11,White,Online,Debit Card,Gamer,Ryzen 5,Intel Iris,1,0.4725,1
North America,HP,Laptop,i3,Intel UHD,8,2048,Windows 11,Black,Reseller,Credit Card,Enterprise,i3,Intel UHD,1,0.405,1
Asia-Pacific,Lenovo,Laptop,Ryzen 5,NVIDIA GTX 1650,4,2048,Windows 10,Gray,Retail Store,PayPal,Student,Ryzen 5,GTX 1650,0,0.3075,0
Asia-Pacific,Microsoft,Laptop,Ryzen 5,NVIDIA RTX 2060,8,512,Linux,Gray,Reseller,Debit Card,Gamer,Ryzen 5,RTX 2060,0,0.41,1
North America,Samsung,Gaming Laptop,Ryzen 9,AMD Radeon Vega,32,1024,Linux,Blue,Online,Debit Card,Enterprise,Ryzen 9,AMD Radeon Vega,0,0.4375,1
Asia-Pacific,Apple,All-in-One,M1,NVIDIA GTX 1650,4,256,macOS,Blue,Online,PayPal,Gamer,M1,GTX 1650,0,0.4475,1
Asia-Pacific,Lenovo,Gaming Laptop,Ryzen 9,Intel UHD,32,512,Windows 11,Black,Retail Store,PayPal,Gamer,Ryzen 9,Intel UHD,1,0.38,1
Asia-Pacific,Acer,Gaming Laptop,i5,Intel UHD,8,512,Linux,White,Reseller,Bank Transfer,Student,i5,Intel UHD,0,0.4575,1
Asia-Pacific,MSI,Desktop,M1,Intel Iris,4,256,macOS,White,Reseller,Bank Transfer,Enterprise,M1,Intel Iris,0,0.405,1
North America,HP,Desktop,i5,AMD Radeon Vega,32,2048,Windows 10,Black,Online,Bank Transfer,Gamer,i5,AMD Radeon Vega,0,0.405,1
North America,Microsoft,Gaming Laptop,Ryzen 9,Intel UHD,32,256,Windows 10,Black,Retail Store,PayPal,Enterprise,Ryzen 9,Intel UHD,0,0.46,1
Europe,Lenovo,Laptop,i9,AMD Radeon Vega,32,1024,macOS,Silver,Retail Store,PayPal,Student,i9,AMD Radeon Vega,0,0.5175,1
Europe,Apple,Laptop,i5,Intel UHD,4,256,macOS,Gray,Retail Store,Debit Card,Professional,i5,Intel UHD,0,0.3475,0
North America,HP,Desktop,i5,NVIDIA RTX 3060,32,512,Windows 11,Silver,Reseller,Debit Card,Gamer,i5,RTX 3060,0,0.3925,1
Asia-Pacific,Asus,All-in-One,i3,Intel UHD,16,2048,Linux,Silver,Retail Store,Debit Card,Student,i3,Intel UHD,1,0.3825,1
Europe,Samsung,Laptop,i9,Intel UHD,16,256,Windows 10,Gray,Online,Credit Card,Professional,i9,Intel UHD,0,0.2675,0
North America,HP,All-in-One,i3,Intel UHD,4,1024,Linux,White,Reseller,PayPal,Gamer,i3,Intel UHD,1,0.44,1
Asia-Pacific,Asus,Desktop,i3,AMD Radeon Vega,16,512,Linux,Silver,Online,Credit Card,Enterprise,i3,AMD Radeon Vega,1,0.32,0
Europe,Dell,Laptop,Ryzen 9,AMD Radeon Vega,32,512,Linux,Gray,Reseller,PayPal,Student,Ryzen 9,AMD Radeon Vega,0,0.4275,1
Europe,HP,Gaming Laptop,M2,NVIDIA RTX 3060,8,512,Windows 10,Gray,Reseller,Credit Card,Student,M2,RTX 3060,0,0.385,1
Asia-Pacific,Razer,All-in-One,M1,AMD Radeon Vega,8,256,Windows 10,White,Online,Credit Card,Enterprise,M1,AMD Radeon Vega,1,0.4375,1
Asia-Pacific,Microsoft,All-in-One,Ryzen 7,NVIDIA RTX 2060,32,256,Linux,Black,Retail Store,Debit Card,Student,Ryzen 7,RTX 2060,0,0.2725,0
North America,Samsung,Gaming Laptop,Ryzen 9,AMD Radeon Vega,16,256,macOS,Silver,Reseller,Debit Card,Professional,Ryzen 9,AMD Radeon Vega,0,0.4675,1
Europe,MSI,Laptop,i7,NVIDIA GTX 1650,32,1024,Windows 11,Gray,Online,Bank Transfer,Enterprise,i7,GTX 1650,1,0.4775,1
Europe,MSI,All-in-One,Ryzen 5,Intel Iris,4,512,Windows 11,Gray,Online,Debit Card,Gamer,Ryzen 5,Intel Iris,0,0.4325,1
Asia-Pacific,Apple,Laptop,M2,AMD Radeon Vega,4,512,macOS,Gray,Online,Bank Transfer,Enterprise,M2,AMD Radeon Vega,1,0.375,1
North America,HP,All-in-One,Ryzen 9,NVIDIA RTX 3060,8,512,macOS,Gray,Retail Store,Debit Card,Enterprise,Ryzen 9,RTX 3060,0,0.375,1
North America,Microsoft,Laptop,i5,NVIDIA GTX 1650,16,512,Windows 11,White,Reseller,PayPal,Enterprise,i5,GTX 1650,0,0.3225,0
North America,Asus,All-in-One,i7,Intel Iris,32,256,Windows 10,Gray,Reseller,PayPal,Enterprise,i7,Intel Iris,0,0.29,0
Europe,Acer,All-in-One,Ryzen 3,AMD Radeon Vega,4,512,Windows 11,Black,Retail Store,Bank Transfer,Gamer,Ryzen 3,AMD Radeon Vega,1,0.3325,0
Asia-Pacific,Samsung,Desktop,M1,NVIDIA RTX 3060,4,1024,Windows 11,Gray,Retail Store,Debit Card,Professional,M1,RTX 3060,0,0.4375,1
Europe,Razer,Desktop,Ryzen 9,NVIDIA GTX 1650,8,1024,macOS,Blue,Online,Credit Card,Gamer,Ryzen 9,GTX 1650,0,0.2575,0
Asia-Pacific,Apple,Laptop,Ryzen 7,Intel Iris,8,1024,macOS,Gray,Reseller,Debit Card,Student,Ryzen 7,Intel Iris,1,0.455,1
Europe,Asus,All-in-One,i9,Intel Iris,4,1024,Windows 10,Black,Retail Store,Credit Card,Professional,i9,Intel Iris,0,0.3025,0
North America,HP,Laptop,M1,NVIDIA GTX 1650,8,512,Linux,White,Reseller,Debit Card,Gamer,M1,GTX 1650,0,0.295,0
North America,Dell,Laptop,Ryzen 7,NVIDIA GTX 1650,8,512,Windows 10,Blue,Reseller,Credit Card,Student,Ryzen 7,GTX 1650,1,0.3825,1
North America,Samsung,Desktop,i9,NVIDIA RTX 2060,16,1024,Windows 10,Black,Online,Debit Card,Student,i9,RTX 2060,0,0.39,1
Europe,MSI,Desktop,i7,NVIDIA RTX 2060,8,1024,Windows 11,Black,Online,Bank Transfer,Enterprise,i7,RTX 2060,1,0.455,1
Europe,MSI,Gaming Laptop,i7,AMD Radeon Vega,8,256,Linux,Blue,Online,Credit Card,Student,i7,AMD Radeon Vega,0,0.3575,1
Europe,Razer,Desktop,Ryzen 3,NVIDIA RTX 2060,8,256,Linux,Blue,Online,Debit Card,Gamer,Ryzen 3,RTX 2060,1,0.39,1
Europe,Microsoft,All-in-One,Ryzen 5,Intel UHD,32,512,macOS,Black,Retail Store,PayPal,Professional,Ryzen 5,Intel UHD,0,0.4175,1
Asia-Pacific,HP,Gaming Laptop,i7,Intel Iris,8,512,Linux,Blue,Reseller,Bank Transfer,Student,i7,Intel Iris,1,0.3975,1
Europe,MSI,Gaming Laptop,i3,Intel UHD,16,2048,macOS,White,Retail Store,Debit Card,Enterprise,i3,Intel UHD,0,0.355,1
North America,Dell,Gaming Laptop,Ryzen 9,AMD Radeon Vega,32,1024,Windows 10,Blue,Reseller,PayPal,Enterprise,Ryzen 9,AMD Radeon Vega,0,0.355,1
Europe,MSI,Desktop,i7,AMD Radeon Vega,4,1024,macOS,Blue,Retail Store,Debit Card,Professional,i7,AMD Radeon Vega,0,0.3475,0
Europe,MSI,Desktop,i5,NVIDIA RTX 3060,8,512,Windows 11,Black,Reseller,Debit Card,Student,i5,RTX 3060,0,0.5025,1
Europe,Lenovo,Laptop,i9,NVIDIA RTX 3060,4,256,Windows 10,Gray,Reseller,PayPal,Gamer,i9,RTX 3060,0,0.3025,0
Asia-Pacific,Microsoft,Laptop,i9,Intel UHD,4,256,Windows 10,Gray,Reseller,Credit Card,Enterprise,i9,Intel UHD,0,0.485,1
North America,HP,Gaming Laptop,i5,NVIDIA RTX 3060,16,256,Windows 11,Silver,Online,Debit Card,Enterprise,i5,RTX 3060,1,0.505,1
Asia-Pacific,Razer,Gaming Laptop,M1,NVIDIA GTX 1650,8,1024,Windows 11,Black,Online,PayPal,Professional,M1,GTX 1650,0,0.3975,1
Europe,HP,Gaming Laptop,Ryzen 5,NVIDIA GTX 1650,16,512,Windows 11,Gray,Reseller,Bank Transfer,Enterprise,Ryzen 5,GTX 1650,1,0.3375,0
North America,Asus,Laptop,M2,NVIDIA RTX 2060,4,2048,Windows 11,Silver,Retail Store,Credit Card,Student,M2,RTX 2060,0,0.3175,0
North America,Asus,All-in-One,i3,NVIDIA RTX 2060,32,2048,Windows 11,Silver,Reseller,Credit Card,Gamer,i3,RTX 2060,0,0.445,1
Asia-Pacific,Samsung,Gaming Laptop,i7,Intel Iris,16,256,macOS,White,Reseller,Credit Card,Gamer,i7,Intel Iris,1,0.2725,0
Asia-Pacific,HP,Desktop,M2,Intel Iris,32,512,Windows 10,Blue,Retail Store,Credit Card,Professional,M2,Intel Iris,0,0.385,1
Europe,Samsung,Gaming Laptop,Ryzen 5,Intel UHD,8,512,Windows 10,Blue,Online,Debit Card,Enterprise,Ryzen 5,Intel UHD,0,0.33,0
Asia-Pacific,Samsung,Desktop,Ryzen 7,Intel Iris,32,256,Linux,Blue,Online,Bank Transfer,Gamer,Ryzen 7,Intel Iris,0,0.43,1
Asia-Pacific,Asus,All-in-One,i5,NVIDIA RTX 2060,4,2048,Windows 10,Gray,Online,Bank Transfer,Enterprise,i5,RTX 2060,1,0.45,1
North America,Microsoft,All-in-One,Ryzen 3,Intel Iris,32,1024,Linux,Silver,Online,PayPal,Gamer,Ryzen 3,Intel Iris,0,0.405,1
Europe,Apple,All-in-One,M1,NVIDIA RTX 2060,32,256,macOS,Silver,Online,Credit Card,Enterprise,M1,RTX 2060,0,0.365,1
Europe,Asus,Desktop,Ryzen 9,NVIDIA GTX 1650,8,2048,Linux,White,Reseller,Credit Card,Professional,Ryzen 9,GTX 1650,0,0.345,0
Asia-Pacific,MSI,Gaming Laptop,i9,AMD Radeon Vega,16,1024,Linux,Gray,Online,Debit Card,Professional,i9,AMD Radeon Vega,0,0.3425,0
Asia-Pacific,Samsung,Gaming Laptop,i9,NVIDIA RTX 3060,8,1024,Windows 10,Gray,Online,Debit Card,Student,i9,RTX 3060,0,0.345,0
North America,MSI,Laptop,Ryzen 9,Intel Iris,32,256,Windows 10,White,Online,Bank Transfer,Gamer,Ryzen 9,Intel Iris,1,0.3375,0
Europe,Asus,Desktop,Ryzen 9,AMD Radeon Vega,16,1024,Linux,White,Online,PayPal,Student,Ryzen 9,AMD Radeon Vega,0,0.405,1
Asia-Pacific,MSI,Laptop,i3,NVIDIA RTX 3060,32,512,Windows 11,Gray,Retail Store,Debit Card,Professional,i3,RTX 3060,0,0.39,1
North America,HP,Desktop,Ryzen 3,NVIDIA RTX 3060,4,256,macOS,White,Retail Store,Debit Card,Student,Ryzen 3,RTX 3060,0,0.4075,1
Europe,Acer,All-in-One,M2,Intel UHD,8,256,Windows 11,White,Retail Store,Credit Card,Gamer,M2,Intel UHD,1,0.3375,0
Europe,Acer,All-in-One,i7,AMD Radeon Vega,32,256,Windows 11,Silver,Online,Debit Card,Student,i7,AMD Radeon Vega,1,0.3975,1
Europe,MSI,Desktop,i9,NVIDIA RTX 3060,32,2048,Windows 10,Black,Retail Store,PayPal,Professional,i9,RTX 3060,0,0.375,1
Europe,HP,Gaming Laptop,i5,NVIDIA GTX 1650,32,1024,macOS,White,Online,PayPal,Gamer,i5,GTX 1650,1,0.3725,1
Asia-Pacific,HP,Desktop,i3,AMD Radeon Vega,4,2048,Linux,Silver,Retail Store,PayPal,Gamer,i3,AMD Radeon Vega,0,0.375,1
North America,HP,Gaming Laptop,Ryzen 9,NVIDIA RTX 3060,8,2048,Linux,Silver,Retail Store,Credit Card,Professional,Ryzen 9,RTX 3060,1,0.3975,1
North America,Microsoft,Desktop,Ryzen 7,Intel UHD,4,512,Linux,Blue,Retail Store,Credit Card,Gamer,Ryzen 7,Intel UHD,0,0.2425,0
Europe,Microsoft,Gaming Laptop,Ryzen 3,NVIDIA RTX 3060,32,1024,Windows 10,Gray,Reseller,Credit Card,Gamer,Ryzen 3,RTX 3060,0,0.54,1
Europe,Microsoft,Desktop,Ryzen 9,NVIDIA RTX 2060,16,2048,Linux,Gray,Reseller,Debit Card,Student,Ryzen 9,RTX 2060,0,0.375,1
Europe,Dell,All-in-One,M2,Intel Iris,32,512,macOS,Silver,Retail Store,Credit Card,Gamer,M2,Intel Iris,0,0.3675,1
North America,Acer,Desktop,M2,NVIDIA RTX 3060,4,512,Linux,Silver,Retail Store,Debit Card,Professional,M2,RTX 3060,0,0.5425,1
Europe,Lenovo,Laptop,M2,NVIDIA GTX 1650,4,1024,Windows 11,Silver,Retail Store,Bank Transfer,Student,M2,GTX 1650,1,0.5625,1
Europe,Dell,All-in-One,Ryzen 7,Intel UHD,32,512,Linux,Blue,Reseller,Bank Transfer,Gamer,Ryzen 7,Intel UHD,1,0.2275,0
Asia-Pacific,Microsoft,Laptop,Ryzen 3,NVIDIA RTX 2060,4,1024,Linux,Gray,Online,Bank Transfer,Student,Ryzen 3,RTX 2060,1,0.3025,0
Europe,Samsung,Gaming Laptop,i3,Intel UHD,4,512,Windows 10,White,Reseller,PayPal,Student,i3,Intel UHD,0,0.4725,1
Europe,Dell,Gaming Laptop,i7,Intel UHD,8,256,Linux,Black,Retail Store,PayPal,Enterprise,i7,Intel UHD,1,0.4,1
Asia-Pacific,Razer,Gaming Laptop,M2,AMD Radeon Vega,8,512,Linux,White,Online,Debit Card,Professional,M2,AMD Radeon Vega,1,0.36,1
Asia-Pacific,Razer,Laptop,i9,NVIDIA GTX 1650,32,2048,macOS,White,Retail Store,PayPal,Professional,i9,GTX 1650,0,0.415,1
Europe,Microsoft,All-in-One,Ryzen 9,NVIDIA RTX 3060,32,2048,macOS,Gray,Online,PayPal,Enterprise,Ryzen 9,RTX 3060,0,0.35,1
Asia-Pacific,MSI,Gaming Laptop,Ryzen 9,Intel Iris,32,512,Windows 11,Blue,Retail Store,PayPal,Enterprise,Ryzen 9,Intel Iris,0,0.48,1
North America,Microsoft,All-in-One,Ryzen 3,Intel UHD,4,256,macOS,Gray,Retail Store,Debit Card,Enterprise,Ryzen 3,Intel UHD,0,0.465,1
Europe,Samsung,All-in-One,Ryzen 9,Intel Iris,32,1024,Linux,Gray,Reseller,Debit Card,Enterprise,Ryzen 9,Intel Iris,0,0.3575,1
North America,Microsoft,Desktop,Ryzen 5,Intel Iris,32,512,Linux,White,Retail Store,PayPal,Gamer,Ryzen 5,Intel Iris,0,0.4425,1
North America,Razer,Desktop,M1,NVIDIA RTX 3060,8,512,Windows 11,Gray,Retail Store,Credit Card,Professional,M1,RTX 3060,0,0.4025,1
Asia-Pacific,Dell,Laptop,i5,NVIDIA RTX 3060,16,512,macOS,Black,Reseller,Credit Card,Enterprise,i5,RTX 3060,0,0.4175,1
North America,Asus,All-in-One,Ryzen 5,NVIDIA RTX 2060,32,2048,Linux,Gray,Reseller,PayPal,Gamer,Ryzen 5,RTX 2060,1,0.4075,1
Asia-Pacific,Apple,Desktop,Ryzen 3,NVIDIA RTX 2060,32,1024,macOS,Black,Reseller,Bank Transfer,Enterprise,Ryzen 3,RTX 2060,0,0.3975,1
Europe,Acer,All-in-One,i5,NVIDIA RTX 2060,32,512,Linux,Black,Reseller,PayPal,Enterprise,i5,RTX 2060,0,0.395,1
North America,Samsung,Gaming Laptop,Ryzen 3,AMD Radeon Vega,4,256,Linux,Silver,Retail Store,Debit Card,Student,Ryzen 3,AMD Radeon Vega,1,0.515,1
Europe,Asus,All-in-One,Ryzen 5,AMD Radeon Vega,4,2048,Linux,White,Online,PayPal,Professional,Ryzen 5,AMD Radeon Vega,0,0.4625,1
Asia-Pacific,Asus,Gaming Laptop,M1,NVIDIA RTX 2060,16,256,macOS,Black,Retail Store,PayPal,Enterprise,M1,RTX 2060,0,0.34,0
Asia-Pacific,Lenovo,Laptop,i5,Intel UHD,4,256,Linux,Gray,Online,Credit Card,Student,i5,Intel UHD,1,0.3125,0
North America,Asus,Laptop,i3,NVIDIA RTX 2060,16,2048,Windows 10,Gray,Reseller,PayPal,Student,i3,RTX 2060,1,0.34,0
Asia-Pacific,Acer,Desktop,i3,Intel Iris,4,1024,Linux,Black,Reseller,Credit Card,Professional,i3,Intel Iris,1,0.35,1
Europe,Apple,Gaming Laptop,Ryzen 7,NVIDIA GTX 1650,8,512,macOS,White,Retail Store,PayPal,Student,Ryzen 7,GTX 1650,0,0.2875,0
North America,MSI,Laptop,i7,Intel UHD,8,1024,Windows 11,White,Online,Bank Transfer,Professional,i7,Intel UHD,0,0.38,1
Europe,Asus,All-in-One,i5,AMD Radeon Vega,32,2048,macOS,Silver,Reseller,Debit Card,Student,i5,AMD Radeon Vega,0,0.3725,1
Asia-Pacific,Apple,Desktop,i3,Intel Iris,32,256,macOS,Gray,Retail Store,Debit Card,Professional,i3,Intel Iris,0,0.475,1
Europe,HP,Desktop,i9,NVIDIA RTX 3060,8,256,Windows 11,Gray,Online,Credit Card,Gamer,i9,RTX 3060,1,0.3725,1
Asia-Pacific,MSI,All-in-One,i3,Intel Iris,16,2048,macOS,Blue,Reseller,Bank Transfer,Enterprise,i3,Intel Iris,0,0.43,1
Asia-Pacific,Acer,All-in-One,M1,NVIDIA RTX 3060,32,1024,Linux,White,Reseller,PayPal,Gamer,M1,RTX 3060,1,0.275,0
North America,Dell,Gaming Laptop,Ryzen 5,NVIDIA RTX 3060,8,512,Linux,White,Online,Bank Transfer,Enterprise,Ryzen 5,RTX 3060,1,0.345,0
North America,Acer,Laptop,i9,NVIDIA RTX 2060,16,256,Linux,Silver,Reseller,Debit Card,Enterprise,i9,RTX 2060,0,0.38,1
Europe,Lenovo,Gaming Laptop,M1,Intel Iris,4,1024,Windows 11,Gray,Retail Store,PayPal,Gamer,M1,Intel Iris,1,0.4175,1
North America,Asus,Laptop,M2,NVIDIA RTX 3060,4,256,Linux,Silver,Retail Store,Bank Transfer,Professional,M2,RTX 3060,1,0.4075,1
North America,Acer,Desktop,Ryzen 7,Intel Iris,8,256,Linux,White,Reseller,Debit Card,Student,Ryzen 7,Intel Iris,0,0.3625,1
Asia-Pacific,Acer,All-in-One,M2,NVIDIA RTX 2060,16,256,Windows 11,Black,Online,PayPal,Student,M2,RTX 2060,0,0.4225,1
North America,Acer,Laptop,i9,Intel Iris,16,1024,macOS,Black,Reseller,Bank Transfer,Enterprise,i9,Intel Iris,0,0.3775,1
North America,Acer,All-in-One,M1,NVIDIA GTX 1650,8,2048,Linux,Black,Reseller,Bank Transfer,Gamer,M1,GTX 1650,0,0.4725,1
Europe,Razer,Desktop,M2,NVIDIA GTX 1650,8,512,macOS,Black,Retail Store,PayPal,Enterprise,M2,GTX 1650,1,0.415,1
Europe,Razer,Desktop,Ryzen 3,NVIDIA RTX 2060,4,1024,Windows 11,Black,Retail Store,PayPal,Student,Ryzen 3,RTX 2060,0,0.385,1
Europe,MSI,Laptop,i9,Intel UHD,4,512,macOS,Gray,Retail Store,Bank Transfer,Professional,i9,Intel UHD,0,0.31,0
Asia-Pacific,Lenovo,Desktop,Ryzen 7,Intel UHD,32,1024,Windows 11,Silver,Retail Store,Debit Card,Professional,Ryzen 7,Intel UHD,0,0.4125,1
Asia-Pacific,Razer,All-in-One,M1,NVIDIA RTX 3060,8,2048,Windows 11,Silver,Retail Store,Debit Card,Enterprise,M1,RTX 3060,0,0.415,1
Asia-Pacific,Razer,Laptop,M2,NVIDIA RTX 2060,4,512,macOS,White,Reseller,Debit Card,Professional,M2,RTX 2060,0,0.27,0
North America,MSI,Gaming Laptop,i5,Intel Iris,8,2048,macOS,White,Online,Debit Card,Professional,i5,Intel Iris,0,0.405,1
North America,Acer,All-in-One,Ryzen 7,Intel UHD,16,2048,Linux,Gray,Reseller,PayPal,Gamer,Ryzen 7,Intel UHD,1,0.2775,0
Europe,Microsoft,Gaming Laptop,M2,NVIDIA RTX 2060,16,1024,macOS,Blue,Retail Store,Bank Transfer,Student,M2,RTX 2060,1,0.3725,1
Europe,Samsung,Desktop,M2,Intel Iris,32,512,Linux,Silver,Reseller,Credit Card,Professional,M2,Intel Iris,1,0.2975,0
Europe,HP,All-in-One,M1,NVIDIA GTX 1650,4,2048,Windows 11,Black,Online,PayPal,Professional,M1,GTX 1650,1,0.5125,1
Asia-Pacific,Apple,All-in-One,i9,AMD Radeon Vega,32,512,macOS,Silver,Retail Store,PayPal,Gamer,i9,AMD Radeon Vega,1,0.3875,1
North America,Asus,Laptop,i5,NVIDIA RTX 2060,8,256,Windows 10,Blue,Online,PayPal,Professional,i5,RTX 2060,1,0.36,1
North America,Razer,Gaming Laptop,i5,Intel Iris,16,1024,Windows 10,Blue,Reseller,Credit Card,Professional,i5,Intel Iris,0,0.38,1
Europe,Microsoft,Desktop,Ryzen 3,Intel UHD,4,1024,Windows 10,Gray,Reseller,PayPal,Student,Ryzen 3,Intel UHD,1,0.585,1
Europe,Lenovo,Desktop,i9,Intel Iris,4,1024,Windows 11,White,Online,Credit Card,Enterprise,i9,Intel Iris,1,0.4725,1
Asia-Pacific,Acer,All-in-One,Ryzen 5,NVIDIA RTX 2060,8,2048,Windows 11,Gray,Retail Store,Credit Card,Student,Ryzen 5,RTX 2060,1,0.435,1
North America,Asus,Desktop,Ryzen 3,NVIDIA RTX 2060,32,1024,Linux,Silver,Reseller,Bank Transfer,Gamer,Ryzen 3,RTX 2060,0,0.42,1
North America,Acer,Desktop,i5,Intel UHD,32,1024,macOS,Silver,Reseller,PayPal,Student,i5,Intel UHD,0,0.34,0
Europe,Microsoft,All-in-One,i7,NVIDIA RTX 2060,16,256,macOS,Silver,Reseller,Credit Card,Enterprise,i7,RTX 2060,0,0.3825,1
Asia-Pacific,Asus,Laptop,i3,NVIDIA GTX 1650,16,2048,Windows 10,Gray,Retail Store,PayPal,Enterprise,i3,GTX 1650,0,0.3375,0
North America,Microsoft,Laptop,Ryzen 7,Intel UHD,16,256,Linux,Black,Online,Debit Card,Gamer,Ryzen 7,Intel UHD,0,0.4,1
Europe,MSI,Laptop,M2,NVIDIA RTX 3060,16,512,Windows 10,Blue,Reseller,Credit Card,Enterprise,M2,RTX 3060,0,0.4425,1
Asia-Pacific,Microsoft,Gaming Laptop,i3,NVIDIA RTX 3060,4,512,Windows 10,White,Reseller,Debit Card,Gamer,i3,RTX 3060,0,0.345,0
Europe,MSI,Gaming Laptop,Ryzen 3,NVIDIA GTX 1650,32,512,macOS,Black,Online,Debit Card,Professional,Ryzen 3,GTX 1650,1,0.45,1
Asia-Pacific,Apple,Laptop,M1,Intel Iris,4,2048,macOS,Silver,Reseller,Bank Transfer,Professional,M1,Intel Iris,0,0.345,0
North America,Apple,Laptop,i3,NVIDIA RTX 2060,16,256,macOS,Blue,Retail Store,PayPal,Professional,i3,RTX 2060,1,0.4575,1
Asia-Pacific,Razer,Desktop,M1,Intel Iris,32,1024,Linux,Blue,Online,Bank Transfer,Gamer,M1,Intel Iris,1,0.4025,1
Asia-Pacific,Samsung,Gaming Laptop,M2,Intel UHD,8,2048,Windows 11,Gray,Retail Store,Debit Card,Professional,M2,Intel UHD,1,0.3275,0
Europe,Samsung,Laptop,Ryzen 9,Intel Iris,32,2048,macOS,Gray,Reseller,PayPal,Gamer,Ryzen 9,Intel Iris,0,0.37,1
Europe,Apple,Gaming Laptop,Ryzen 9,Intel Iris,32,512,macOS,Black,Online,Debit Card,Professional,Ryzen 9,Intel Iris,0,0.315,0
North America,Apple,Gaming Laptop,i5,Intel UHD,16,512,macOS,White,Retail Store,Debit Card,Enterprise,i5,Intel UHD,0,0.525,1
Europe,Asus,Gaming Laptop,Ryzen 3,NVIDIA GTX 1650,8,1024,macOS,Blue,Reseller,Bank Transfer,Enterprise,Ryzen 3,GTX 1650,1,0.44,1
North America,Apple,Gaming Laptop,M2,Intel UHD,16,2048,macOS,Gray,Retail Store,PayPal,Enterprise,M2,Intel UHD,0,0.3775,1
Europe,HP,All-in-One,Ryzen 7,AMD Radeon Vega,32,256,macOS,White,Online,Debit Card,Professional,Ryzen 7,AMD Radeon Vega,0,0.3975,1
North America,Lenovo,All-in-One,i9,Intel UHD,16,512,Windows 11,White,Retail Store,PayPal,Professional,i9,Intel UHD,1,0.405,1
North America,Lenovo,Desktop,Ryzen 7,Intel Iris,16,2048,Linux,White,Reseller,PayPal,Gamer,Ryzen 7,Intel Iris,0,0.37,1
Europe,Asus,Desktop,Ryzen 9,AMD Radeon Vega,16,2048,Linux,Silver,Retail Store,Credit Card,Professional,Ryzen 9,AMD Radeon Vega,1,0.4075,1
Europe,Lenovo,All-in-One,Ryzen 7,AMD Radeon Vega,32,2048,Windows 11,White,Retail Store,PayPal,Professional,Ryzen 7,AMD Radeon Vega,0,0.45,1
North America,Lenovo,Gaming Laptop,i3,Intel Iris,16,256,Windows 10,Gray,Online,PayPal,Student,i3,Intel Iris,1,0.3875,1
Asia-Pacific,Apple,All-in-One,i7,AMD Radeon Vega,4,512,macOS,White,Retail Store,Credit Card,Enterprise,i7,AMD Radeon Vega,0,0.4025,1
Europe,Microsoft,Gaming Laptop,i7,AMD Radeon Vega,32,2048,macOS,Black,Retail Store,Debit Card,Gamer,i7,AMD Radeon Vega,0,0.4425,1
Asia-Pacific,Dell,Desktop,i3,Intel UHD,8,2048,macOS,White,Online,PayPal,Professional,i3,Intel UHD,1,0.4575,1
Europe,HP,Desktop,i3,Intel Iris,8,256,Windows 10,Silver,Online,Credit Card,Enterprise,i3,Intel Iris,1,0.5,1
North America,HP,Laptop,i5,Intel Iris,8,1024,Linux,Silver,Reseller,Bank Transfer,Enterprise,i5,Intel Iris,1,0.4175,1
Europe,Apple,Laptop,i3,NVIDIA RTX 2060,32,512,macOS,White,Reseller,PayPal,Student,i3,RTX 2060,1,0.54,1
North America,Apple,All-in-One,Ryzen 5,NVIDIA RTX 3060,4,2048,macOS,Black,Reseller,Bank Transfer,Student,Ryzen 5,RTX 3060,1,0.4625,1
Asia-Pacific,Dell,Laptop,i5,Intel Iris,16,512,macOS,Blue,Reseller,Credit Card,Gamer,i5,Intel Iris,0,0.4525,1
Asia-Pacific,Razer,Gaming Laptop,i9,Intel Iris,8,256,Windows 10,Black,Retail Store,Bank Transfer,Enterprise,i9,Intel Iris,0,0.2025,0
Europe,Microsoft,Gaming Laptop,i7,NVIDIA RTX 2060,4,1024,macOS,Silver,Online,Debit Card,Student,i7,RTX 2060,0,0.375,1
Asia-Pacific,Microsoft,Laptop,i7,Intel UHD,32,1024,Linux,Black,Online,Debit Card,Professional,i7,Intel UHD,0,0.5325,1
Europe,Apple,All-in-One,M1,AMD Radeon Vega,8,2048,macOS,Silver,Online,PayPal,Professional,M1,AMD Radeon Vega,1,0.515,1
Europe,HP,All-in-One,Ryzen 7,NVIDIA RTX 3060,32,2048,Linux,Silver,Online,Credit Card,Enterprise,Ryzen 7,RTX 3060,1,0.335,0
Asia-Pacific,Microsoft,Gaming Laptop,M2,Intel Iris,4,512,Windows 11,White,Reseller,Debit Card,Student,M2,Intel Iris,1,0.3475,0
Europe,Asus,Gaming Laptop,Ryzen 9,NVIDIA GTX 1650,32,256,Windows 10,Silver,Reseller,Bank Transfer,Student,Ryzen 9,GTX 1650,1,0.3425,0
Europe,Lenovo,Laptop,M1,AMD Radeon Vega,32,1024,Windows 11,Silver,Online,Credit Card,Professional,M1,AMD Radeon Vega,0,0.4175,1
Europe,Dell,Desktop,i5,NVIDIA RTX 3060,16,512,Linux,White,Retail Store,Credit Card,Student,i5,RTX 3060,1,0.6025,1
Asia-Pacific,Apple,Gaming Laptop,i3,AMD Radeon Vega,16,512,macOS,Black,Retail Store,Bank Transfer,Student,i3,AMD Radeon Vega,1,0.4075,1
Europe,Acer,All-in-One,i5,Intel UHD,16,1024,macOS,Black,Reseller,Bank Transfer,Gamer,i5,Intel UHD,1,0.325,0
Asia-Pacific,MSI,Laptop,Ryzen 5,AMD Radeon Vega,32,256,Windows 10,White,Retail Store,Credit Card,Enterprise,Ryzen 5,AMD Radeon Vega,0,0.36,1
North America,Dell,All-in-One,i7,Intel Iris,16,256,macOS,Black,Online,Bank Transfer,Professional,i7,Intel Iris,1,0.345,0
Europe,Dell,Laptop,Ryzen 7,Intel Iris,32,1024,macOS,Black,Retail Store,Debit Card,Professional,Ryzen 7,Intel Iris,0,0.4275,1
Europe,HP,All-in-One,M2,Intel UHD,16,1024,macOS,White,Retail Store,Bank Transfer,Enterprise,M2,Intel UHD,1,0.34,0
Asia-Pacific,Acer,All-in-One,i7,NVIDIA RTX 2060,8,512,macOS,White,Retail Store,Debit Card,Student,i7,RTX 2060,1,0.4375,1
Europe,Acer,Gaming Laptop,Ryzen 5,NVIDIA RTX 3060,16,1024,Windows 11,Black,Retail Store,Debit Card,Enterprise,Ryzen 5,RTX 3060,0,0.4575,1
Europe,Acer,All-in-One,Ryzen 3,NVIDIA GTX 1650,8,1024,Windows 10,Silver,Reseller,Debit Card,Professional,Ryzen 3,GTX 1650,0,0.3975,1
Asia-Pacific,Dell,All-in-One,M1,NVIDIA RTX 3060,32,1024,Windows 11,Gray,Online,Bank Transfer,Enterprise,M1,RTX 3060,1,0.28,0
Asia-Pacific,HP,Laptop,i3,NVIDIA GTX 1650,16,512,Linux,Silver,Reseller,PayPal,Student,i3,GTX 1650,1,0.4725,1
Europe,Razer,Laptop,Ryzen 3,AMD Radeon Vega,16,2048,macOS,Silver,Online,PayPal,Gamer,Ryzen 3,AMD Radeon Vega,0,0.435,1
Asia-Pacific,Lenovo,All-in-One,i7,Intel Iris,8,1024,macOS,Blue,Retail Store,Bank Transfer,Gamer,i7,Intel Iris,0,0.5425,1
North America,Acer,Desktop,Ryzen 5,Intel UHD,4,256,Windows 11,Gray,Reseller,Debit Card,Enterprise,Ryzen 5,Intel UHD,0,0.39,1
Europe,HP,All-in-One,M2,NVIDIA RTX 3060,16,256,Windows 10,Silver,Online,Bank Transfer,Professional,M2,RTX 3060,1,0.325,0
North America,Razer,Desktop,i5,NVIDIA GTX 1650,32,512,Windows 10,Silver,Online,Debit Card,Professional,i5,GTX 1650,1,0.4175,1
North America,Razer,Laptop,Ryzen 3,NVIDIA RTX 2060,16,512,macOS,Black,Online,PayPal,Enterprise,Ryzen 3,RTX 2060,0,0.4575,1
Europe,Samsung,Gaming Laptop,i7,Intel UHD,8,256,Windows 11,White,Retail Store,Debit Card,Gamer,i7,Intel UHD,0,0.3575,1
Asia-Pacific,Asus,Gaming Laptop,Ryzen 3,NVIDIA RTX 2060,32,512,Windows 11,Silver,Retail Store,Credit Card,Professional,Ryzen 3,RTX 2060,0,0.38,1
Asia-Pacific,Samsung,All-in-One,M1,AMD Radeon Vega,32,256,Windows 10,Blue,Online,Credit Card,Student,M1,AMD Radeon Vega,1,0.35,1
Asia-Pacific,Lenovo,Desktop,M2,Intel Iris,32,2048,Linux,Black,Reseller,PayPal,Gamer,M2,Intel Iris,1,0.4825,1
North America,Samsung,Desktop,i5,AMD Radeon Vega,4,1024,Windows 10,Black,Reseller,Bank Transfer,Gamer,i5,AMD Radeon Vega,0,0.295,0
Europe,Acer,Desktop,Ryzen 7,Intel Iris,4,256,Windows 11,Silver,Reseller,Debit Card,Gamer,Ryzen 7,Intel Iris,1,0.3225,0
Asia-Pacific,Lenovo,All-in-One,Ryzen 7,NVIDIA RTX 2060,16,512,Windows 11,Gray,Retail Store,PayPal,Student,Ryzen 7,RTX 2060,1,0.29,0
North America,Samsung,All-in-One,M2,NVIDIA RTX 2060,16,256,Linux,Silver,Reseller,Debit Card,Gamer,M2,RTX 2060,0,0.42,1
North America,Razer,Desktop,i3,NVIDIA RTX 3060,4,1024,Linux,Blue,Retail Store,Credit Card,Gamer,i3,RTX 3060,1,0.37,1
Europe,Razer,Desktop,Ryzen 5,Intel Iris,32,256,macOS,Gray,Online,Debit Card,Gamer,Ryzen 5,Intel Iris,0,0.3825,1
Europe,Acer,All-in-One,Ryzen 7,Intel Iris,4,256,Linux,Silver,Retail Store,Bank Transfer,Gamer,Ryzen 7,Intel Iris,0,0.34,0
Europe,Dell,Laptop,Ryzen 5,NVIDIA RTX 2060,4,512,Windows 11,Blue,Online,Bank Transfer,Professional,Ryzen 5,RTX 2060,1,0.48,1
North America,Samsung,Gaming Laptop,i9,NVIDIA GTX 1650,8,1024,Linux,White,Online,Debit Card,Enterprise,i9,GTX 1650,0,0.38,1
Europe,Lenovo,Laptop,Ryzen 3,AMD Radeon Vega,16,2048,Linux,Blue,Retail Store,Credit Card,Gamer,Ryzen 3,AMD Radeon Vega,0,0.32,0
North America,Acer,Laptop,M1,NVIDIA RTX 2060,16,256,macOS,Black,Retail Store,Credit Card,Professional,M1,RTX 2060,0,0.33,0
Europe,Lenovo,All-in-One,i7,NVIDIA GTX 1650,4,512,Linux,Black,Online,Credit Card,Enterprise,i7,GTX 1650,1,0.4075,1
Europe,Apple,Laptop,M1,NVIDIA RTX 3060,4,256,macOS,Gray,Retail Store,Debit Card,Student,M1,RTX 3060,1,0.41,1
Europe,Lenovo,Desktop,Ryzen 9,NVIDIA RTX 3060,4,512,Linux,Blue,Retail Store,Credit Card,Professional,Ryzen 9,RTX 3060,0,0.26,0
North America,Apple,Gaming Laptop,i3,AMD Radeon Vega,16,2048,macOS,Black,Retail Store,PayPal,Enterprise,i3,AMD Radeon Vega,1,0.5025,1
Europe,Asus,Desktop,Ryzen 7,AMD Radeon Vega,8,2048,macOS,Blue,Reseller,Credit Card,Professional,Ryzen 7,AMD Radeon Vega,0,0.5025,1
Asia-Pacific,Asus,Laptop,i3,Intel UHD,4,256,Windows 10,Black,Retail Store,Debit Card,Student,i3,Intel UHD,0,0.375,1
North America,Apple,Laptop,i9,Intel UHD,8,512,macOS,White,Reseller,PayPal,Student,i9,Intel UHD,1,0.64,1
North America,HP,Gaming Laptop,Ryzen 3,NVIDIA RTX 2060,8,1024,Windows 11,Silver,Online,Debit Card,Student,Ryzen 3,RTX 2060,0,0.3575,1
Europe,Razer,Gaming Laptop,Ryzen 7,Intel Iris,32,512,Linux,Gray,Reseller,PayPal,Gamer,Ryzen 7,Intel Iris,0,0.3875,1
Europe,Razer,All-in-One,M2,Intel UHD,4,1024,Linux,Blue,Retail Store,Bank Transfer,Professional,M2,Intel UHD,0,0.3475,0
North America,Acer,Laptop,Ryzen 3,Intel UHD,4,1024,Windows 10,White,Retail Store,Debit Card,Enterprise,Ryzen 3,Intel UHD,1,0.3475,0
Asia-Pacific,Apple,Gaming Laptop,Ryzen 3,Intel UHD,8,1024,macOS,White,Retail Store,Credit Card,Enterprise,Ryzen 3,Intel UHD,1,0.4525,1
North America,Microsoft,Gaming Laptop,Ryzen 9,Intel Iris,16,512,macOS,Silver,Reseller,Bank Transfer,Student,Ryzen 9,Intel Iris,0,0.4,1
Asia-Pacific,Apple,Desktop,i7,NVIDIA GTX 1650,8,2048,macOS,Black,Retail Store,Bank Transfer,Student,i7,GTX 1650,0,0.2225,0
North America,Asus,All-in-One,M2,NVIDIA GTX 1650,8,2048,Windows 10,Black,Online,Debit Card,Gamer,M2,GTX 1650,1,0.355,1
Asia-Pacific,Apple,Laptop,Ryzen 9,NVIDIA GTX 1650,32,256,macOS,Gray,Online,Debit Card,Gamer,Ryzen 9,GTX 1650,0,0.3125,0
Asia-Pacific,Microsoft,Laptop,Ryzen 5,NVIDIA RTX 2060,8,256,macOS,Blue,Retail Store,PayPal,Student,Ryzen 5,RTX 2060,0,0.5725,1
Asia-Pacific,HP,Gaming Laptop,Ryzen 7,Intel UHD,16,1024,Windows 10,Gray,Online,PayPal,Gamer,Ryzen 7,Intel UHD,1,0.46,1
Europe,Lenovo,Gaming Laptop,Ryzen 9,NVIDIA GTX 1650,16,256,Linux,White,Online,Debit Card,Enterprise,Ryzen 9,GTX 1650,0,0.3075,0
North America,Acer,Laptop,Ryzen 5,AMD Radeon Vega,32,2048,Windows 10,White,Online,Bank Transfer,Student,Ryzen 5,AMD Radeon Vega,0,0.3775,1
Europe,HP,Gaming Laptop,Ryzen 3,NVIDIA RTX 2060,4,1024,Windows 10,Gray,Retail Store,Credit Card,Enterprise,Ryzen 3,RTX 2060,1,0.3275,0
North America,Apple,Laptop,i7,NVIDIA GTX 1650,4,2048,macOS,Gray,Retail Store,PayPal,Professional,i7,GTX 1650,0,0.5575,1
Europe,Asus,Desktop,M2,AMD Radeon Vega,32,512,macOS,Gray,Online,Debit Card,Enterprise,M2,AMD Radeon Vega,1,0.4225,1
Asia-Pacific,MSI,Gaming Laptop,i3,Intel UHD,32,512,macOS,White,Reseller,Bank Transfer,Gamer,i3,Intel UHD,0,0.4275,1
North America,Lenovo,Gaming Laptop,Ryzen 5,Intel Iris,8,2048,Windows 10,Black,Online,PayPal,Student,Ryzen 5,Intel Iris,0,0.44,1
Europe,Razer,All-in-One,i3,NVIDIA GTX 1650,8,2048,macOS,Gray,Reseller,Credit Card,Student,i3,GTX 1650,0,0.51,1
North America,MSI,Laptop,i3,NVIDIA RTX 3060,32,256,Linux,Blue,Online,PayPal,Gamer,i3,RTX 3060,0,0.4275,1
Asia-Pacific,Samsung,Gaming Laptop,i3,Intel UHD,4,2048,Windows 11,White,Online,Bank Transfer,Professional,i3,Intel UHD,1,0.515,1
Europe,Acer,Desktop,i7,NVIDIA GTX 1650,4,2048,Windows 10,Blue,Reseller,Debit Card,Gamer,i7,GTX 1650,0,0.24,0
North America,Acer,Gaming Laptop,i3,Intel Iris,4,2048,Windows 11,White,Online,Debit Card,Professional,i3,Intel Iris,0,0.365,1
Europe,MSI,Desktop,i3,Intel Iris,16,512,Linux,White,Retail Store,Bank Transfer,Enterprise,i3,Intel Iris,1,0.4725,1
Europe,Acer,Gaming Laptop,Ryzen 5,Intel Iris,8,1024,Linux,Black,Retail Store,Bank Transfer,Enterprise,Ryzen 5,Intel Iris,0,0.4075,1
North America,Acer,Laptop,Ryzen 3,Intel UHD,16,1024,Linux,Silver,Online,PayPal,Gamer,Ryzen 3,Intel UHD,1,0.38,1
North America,Dell,Gaming Laptop,Ryzen 9,NVIDIA RTX 3060,16,1024,macOS,Gray,Retail Store,PayPal,Student,Ryzen 9,RTX 3060,0,0.39,1
Europe,Razer,Laptop,i3,Intel UHD,16,512,macOS,Blue,Reseller,Debit Card,Student,i3,Intel UHD,0,0.39,1
Asia-Pacific,Razer,All-in-One,i7,Intel Iris,8,2048,Linux,Silver,Reseller,Debit Card,Professional,i7,Intel Iris,0,0.4525,1
Asia-Pacific,Microsoft,Gaming Laptop,M2,NVIDIA RTX 3060,4,256,macOS,Black,Retail Store,PayPal,Student,M2,RTX 3060,0,0.4225,1
Asia-Pacific,Razer,Laptop,M1,AMD Radeon Vega,8,256,macOS,Black,Online,PayPal,Enterprise,M1,AMD Radeon Vega,1,0.565,1
Europe,Samsung,Desktop,i3,Intel Iris,32,512,macOS,Black,Online,Bank Transfer,Professional,i3,Intel Iris,0,0.595,1
North America,Dell,All-in-One,i3,AMD Radeon Vega,4,2048,Linux,White,Retail Store,Credit Card,Student,i3,AMD Radeon Vega,0,0.385,1
Europe,Apple,Laptop,M1,NVIDIA RTX 2060,8,512,macOS,White,Retail Store,Debit Card,Student,M1,RTX 2060,0,0.4675,1
Europe,HP,All-in-One,i5,NVIDIA GTX 1650,8,1024,Windows 10,Silver,Online,Debit Card,Enterprise,i5,GTX 1650,1,0.4675,1
Asia-Pacific,Dell,Desktop,i7,Intel UHD,16,512,macOS,Black,Reseller,PayPal,Gamer,i7,Intel UHD,1,0.355,1
Asia-Pacific,Microsoft,Desktop,i7,NVIDIA RTX 2060,8,2048,Windows 11,Silver,Retail Store,Credit Card,Student,i7,RTX 2060,0,0.415,1
Asia-Pacific,Dell,Desktop,M1,AMD Radeon Vega,8,2048,Windows 11,Black,Online,Credit Card,Enterprise,M1,AMD Radeon Vega,1,0.455,1
North America,Microsoft,Desktop,i3,Intel UHD,32,2048,macOS,Gray,Reseller,Bank Transfer,Student,i3,Intel UHD,0,0.4175,1
Asia-Pacific,Lenovo,All-in-One,M2,NVIDIA RTX 2060,16,2048,Windows 11,Black,Retail Store,Bank Transfer,Enterprise,M2,RTX 2060,1,0.4175,1
Europe,HP,Gaming Laptop,Ryzen 7,NVIDIA RTX 2060,16,2048,Windows 10,Silver,Online,Credit Card,Student,Ryzen 7,RTX 2060,0,0.215,0
Asia-Pacific,Dell,Gaming Laptop,i9,AMD Radeon Vega,8,512,macOS,White,Reseller,PayPal,Student,i9,AMD Radeon Vega,1,0.52,1
Asia-Pacific,Lenovo,All-in-One,i9,Intel Iris,32,2048,Windows 11,Black,Reseller,PayPal,Professional,i9,Intel Iris,1,0.37,1
Europe,Razer,All-in-One,i9,NVIDIA GTX 1650,32,1024,Windows 10,White,Reseller,Debit Card,Gamer,i9,GTX 1650,0,0.36,1
Europe,Lenovo,Laptop,Ryzen 9,Intel UHD,32,1024,Windows 11,Silver,Retail Store,PayPal,Professional,Ryzen 9,Intel UHD,0,0.3075,0
Europe,Apple,Desktop,Ryzen 9,NVIDIA RTX 2060,4,2048,macOS,Black,Retail Store,Bank Transfer,Professional,Ryzen 9,RTX 2060,0,0.4325,1
North America,Razer,All-in-One,Ryzen 3,Intel Iris,4,256,Windows 11,Black,Online,Bank Transfer,Gamer,Ryzen 3,Intel Iris,0,0.37,1
North America,Razer,Desktop,Ryzen 9,NVIDIA RTX 3060,4,512,Windows 11,Gray,Reseller,Bank Transfer,Professional,Ryzen 9,RTX 3060,1,0.495,1
Europe,Razer,All-in-One,Ryzen 9,NVIDIA RTX 3060,8,2048,Linux,Black,Retail Store,Debit Card,Enterprise,Ryzen 9,RTX 3060,0,0.42,1
North America,Apple,All-in-One,i3,NVIDIA GTX 1650,4,512,macOS,Gray,Reseller,Debit Card,Student,i3,GTX 1650,0,0.4575,1
Europe,Razer,Gaming Laptop,i7,NVIDIA GTX 1650,8,256,Linux,Gray,Online,PayPal,Professional,i7,GTX 1650,0,0.4925,1
Europe,Acer,Desktop,M1,Intel Iris,32,1024,macOS,Silver,Reseller,Credit Card,Enterprise,M1,Intel Iris,0,0.4275,1
Europe,Acer,Gaming Laptop,i7,NVIDIA RTX 3060,32,1024,Linux,Silver,Reseller,Debit Card,Enterprise,i7,RTX 3060,1,0.4475,1
Europe,Razer,All-in-One,M2,Intel UHD,32,256,Linux,Gray,Online,Debit Card,Professional,M2,Intel UHD,0,0.4225,1
North America,Apple,All-in-One,Ryzen 5,NVIDIA GTX 1650,32,1024,macOS,White,Retail Store,PayPal,Professional,Ryzen 5,GTX 1650,1,0.4875,1
North America,Dell,Laptop,i9,NVIDIA RTX 3060,16,256,Linux,Black,Reseller,Bank Transfer,Student,i9,RTX 3060,1,0.42,1
Europe,Microsoft,All-in-One,i3,Intel UHD,4,512,macOS,Blue,Online,Debit Card,Student,i3,Intel UHD,1,0.3325,0
Asia-Pacific,Microsoft,All-in-One,i7,NVIDIA RTX 3060,16,256,Windows 11,Blue,Reseller,Credit Card,Enterprise,i7,RTX 3060,0,0.3975,1
North America,MSI,Desktop,Ryzen 7,NVIDIA RTX 3060,32,512,Linux,White,Online,Debit Card,Gamer,Ryzen 7,RTX 3060,1,0.27,0
Europe,Samsung,Laptop,Ryzen 9,NVIDIA RTX 2060,16,1024,macOS,Black,Online,Bank Transfer,Gamer,Ryzen 9,RTX 2060,0,0.3675,1
Europe,Apple,Gaming Laptop,M2,Intel Iris,8,1024,macOS,Black,Retail Store,PayPal,Professional,M2,Intel Iris,1,0.4875,1
Europe,Microsoft,Gaming Laptop,M2,NVIDIA GTX 1650,4,1024,Linux,White,Online,Debit Card,Enterprise,M2,GTX 1650,0,0.4075,1
North America,Apple,All-in-One,Ryzen 9,NVIDIA RTX 3060,4,512,macOS,Silver,Online,PayPal,Gamer,Ryzen 9,RTX 3060,1,0.39,1
Europe,Apple,Desktop,Ryzen 7,Intel Iris,8,256,macOS,Black,Reseller,PayPal,Student,Ryzen 7,Intel Iris,1,0.5425,1
Europe,Lenovo,Laptop,M1,Intel UHD,16,256,Linux,Gray,Reseller,PayPal,Professional,M1,Intel UHD,0,0.345,0
North America,Lenovo,All-in-One,Ryzen 9,NVIDIA RTX 2060,4,256,Linux,Gray,Online,Credit Card,Gamer,Ryzen 9,RTX 2060,0,0.5025,1
Asia-Pacific,Apple,All-in-One,i5,AMD Radeon Vega,32,256,macOS,White,Reseller,Bank Transfer,Gamer,i5,AMD Radeon Vega,0,0.4175,1
Europe,Dell,Gaming Laptop,Ryzen 9,Intel Iris,16,2048,Linux,White,Reseller,Credit Card,Gamer,Ryzen 9,Intel Iris,0,0.3075,0
North America,Microsoft,Laptop,i9,NVIDIA RTX 3060,8,2048,Linux,Silver,Online,PayPal,Enterprise,i9,RTX 3060,0,0.505,1
Europe,MSI,All-in-One,Ryzen 5,NVIDIA RTX 3060,32,2048,Windows 11,Blue,Online,Bank Transfer,Gamer,Ryzen 5,RTX 3060,1,0.35,1
Europe,Acer,All-in-One,M2,NVIDIA GTX 1650,32,1024,Windows 11,White,Reseller,Debit Card,Student,M2,GTX 1650,0,0.3875,1
Europe,Asus,Laptop,i9,NVIDIA RTX 3060,16,512,macOS,Blue,Online,Debit Card,Enterprise,i9,RTX 3060,0,0.39,1
Asia-Pacific,Apple,All-in-One,Ryzen 5,AMD Radeon Vega,4,2048,macOS,Black,Retail Store,Credit Card,Professional,Ryzen 5,AMD Radeon Vega,0,0.3675,1
North America,MSI,Gaming Laptop,i7,NVIDIA GTX 1650,4,256,Windows 11,Silver,Online,Credit Card,Student,i7,GTX 1650,1,0.4,1
Asia-Pacific,Acer,Gaming Laptop,Ryzen 5,Intel UHD,16,512,Linux,Gray,Online,PayPal,Gamer,Ryzen 5,Intel UHD,0,0.35,1
North America,Lenovo,Laptop,i7,NVIDIA RTX 3060,16,1024,Windows 11,Gray,Online,Bank Transfer,Gamer,i7,RTX 3060,0,0.535,1
Europe,Asus,All-in-One,i5,NVIDIA RTX 2060,8,1024,Windows 11,Black,Online,Debit Card,Enterprise,i5,RTX 2060,0,0.275,0
Europe,Microsoft,Laptop,Ryzen 3,AMD Radeon Vega,4,256,Linux,White,Reseller,PayPal,Enterprise,Ryzen 3,AMD Radeon Vega,0,0.505,1
North America,HP,All-in-One,Ryzen 3,Intel Iris,4,256,Windows 10,White,Retail Store,Debit Card,Student,Ryzen 3,Intel Iris,0,0.42,1
Asia-Pacific,Samsung,Desktop,Ryzen 7,NVIDIA RTX 2060,8,2048,Windows 10,Silver,Reseller,PayPal,Professional,Ryzen 7,RTX 2060,0,0.3325,0
North America,Acer,Laptop,Ryzen 7,Intel UHD,4,1024,Linux,White,Reseller,Bank Transfer,Professional,Ryzen 7,Intel UHD,1,0.415,1
Asia-Pacific,MSI,All-in-One,i7,Intel UHD,8,2048,Windows 11,Gray,Online,Bank Transfer,Gamer,i7,Intel UHD,0,0.5125,1
Asia-Pacific,Razer,Gaming Laptop,Ryzen 7,AMD Radeon Vega,32,2048,Windows 11,Black,Reseller,Debit Card,Student,Ryzen 7,AMD Radeon Vega,1,0.4525,1
Europe,Acer,Desktop,i9,NVIDIA GTX 1650,4,1024,Linux,Blue,Reseller,Debit Card,Professional,i9,GTX 1650,0,0.48,1
North America,Apple,Desktop,i7,NVIDIA GTX 1650,32,256,macOS,Black,Retail Store,Debit Card,Student,i7,GTX 1650,1,0.42,1
Europe,MSI,All-in-One,M1,NVIDIA RTX 2060,4,512,Windows 10,Blue,Retail Store,Credit Card,Enterprise,M1,RTX 2060,0,0.33,0
North America,Samsung,Laptop,i7,Intel Iris,8,256,Windows 10,Black,Retail Store,Credit Card,Professional,i7,Intel Iris,0,0.2875,0
Asia-Pacific,Microsoft,All-in-One,i9,AMD Radeon Vega,8,1024,macOS,Black,Retail Store,Credit Card,Enterprise,i9,AMD Radeon Vega,1,0.4125,1
North America,MSI,Desktop,Ryzen 7,Intel Iris,4,512,Linux,Black,Online,Bank Transfer,Enterprise,Ryzen 7,Intel Iris,1,0.4825,1
Europe,Asus,Desktop,Ryzen 9,AMD Radeon Vega,16,512,Linux,White,Retail Store,Debit Card,Professional,Ryzen 9,AMD Radeon Vega,0,0.3275,0
North America,MSI,Desktop,i7,NVIDIA RTX 2060,8,512,Linux,Silver,Retail Store,Bank Transfer,Enterprise,i7,RTX 2060,1,0.5325,1
North America,Lenovo,Laptop,Ryzen 9,NVIDIA RTX 3060,16,512,Windows 10,Silver,Online,Bank Transfer,Enterprise,Ryzen 9,RTX 3060,0,0.29,0
Asia-Pacific,Samsung,All-in-One,Ryzen 7,AMD Radeon Vega,32,256,Windows 11,Blue,Online,Debit Card,Student,Ryzen 7,AMD Radeon Vega,1,0.415,1
Europe,Dell,Laptop,Ryzen 3,AMD Radeon Vega,32,2048,Linux,Gray,Reseller,Debit Card,Student,Ryzen 3,AMD Radeon Vega,1,0.445,1
Europe,Acer,Desktop,i5,Intel Iris,4,2048,Windows 11,Blue,Reseller,Credit Card,Student,i5,Intel Iris,0,0.4,1
North America,MSI,Desktop,Ryzen 7,NVIDIA GTX 1650,16,1024,Linux,Blue,Retail Store,Bank Transfer,Professional,Ryzen 7,GTX 1650,0,0.285,0
Asia-Pacific,Acer,Gaming Laptop,Ryzen 3,NVIDIA RTX 3060,4,2048,Windows 11,Silver,Online,Bank Transfer,Gamer,Ryzen 3,RTX 3060,0,0.3225,0
Europe,Lenovo,Laptop,M1,Intel Iris,32,512,Windows 11,Black,Online,PayPal,Gamer,M1,Intel Iris,1,0.4875,1
North America,Acer,Desktop,i7,NVIDIA RTX 3060,16,2048,macOS,White,Reseller,Credit Card,Professional,i7,RTX 3060,0,0.3825,1
Europe,Asus,Gaming Laptop,Ryzen 5,NVIDIA GTX 1650,32,512,Windows 10,White,Reseller,Debit Card,Professional,Ryzen 5,GTX 1650,0,0.515,1
Asia-Pacific,Samsung,All-in-One,Ryzen 3,NVIDIA RTX 3060,16,512,Linux,White,Reseller,Debit Card,Enterprise,Ryzen 3,RTX 3060,1,0.4425,1
Europe,Razer,Gaming Laptop,M1,Intel Iris,32,1024,macOS,White,Reseller,PayPal,Student,M1,Intel Iris,1,0.5425,1
Asia-Pacific,MSI,Gaming Laptop,Ryzen 7,NVIDIA RTX 2060,4,2048,Linux,White,Online,PayPal,Student,Ryzen 7,RTX 2060,0,0.2975,0
Asia-Pacific,Apple,Desktop,Ryzen 3,Intel UHD,16,512,macOS,Black,Retail Store,Credit Card,Enterprise,Ryzen 3,Intel UHD,1,0.3325,0
Asia-Pacific,Asus,Gaming Laptop,i9,NVIDIA RTX 2060,8,1024,Linux,White,Retail Store,Credit Card,Gamer,i9,RTX 2060,0,0.36,1
Europe,Acer,Gaming Laptop,i7,Intel Iris,32,512,Windows 10,White,Retail Store,Debit Card,Gamer,i7,Intel Iris,0,0.335,0
North America,Asus,Laptop,i9,NVIDIA RTX 2060,32,2048,Windows 11,Gray,Reseller,PayPal,Professional,i9,RTX 2060,0,0.355,1
Europe,Microsoft,All-in-One,i3,Intel UHD,32,512,Linux,Gray,Reseller,PayPal,Professional,i3,Intel UHD,0,0.445,1
North America,Apple,Gaming Laptop,i9,Intel Iris,8,2048,macOS,Gray,Retail Store,Debit Card,Enterprise,i9,Intel Iris,0,0.3775,1
Asia-Pacific,Razer,All-in-One,Ryzen 5,NVIDIA RTX 3060,4,512,macOS,Blue,Online,Debit Card,Professional,Ryzen 5,RTX 3060,1,0.3675,1
Asia-Pacific,Samsung,Laptop,i7,NVIDIA GTX 1650,4,2048,Linux,Silver,Retail Store,Bank Transfer,Student,i7,GTX 1650,0,0.375,1
Asia-Pacific,MSI,Desktop,Ryzen 5,NVIDIA RTX 2060,4,1024,Linux,Silver,Retail Store,Credit Card,Professional,Ryzen 5,RTX 2060,1,0.3725,1
North America,HP,All-in-One,i5,NVIDIA GTX 1650,8,1024,Windows 10,Gray,Retail Store,PayPal,Enterprise,i5,GTX 1650,1,0.4375,1
North America,Dell,Laptop,Ryzen 9,NVIDIA GTX 1650,4,256,Windows 10,Silver,Retail Store,PayPal,Gamer,Ryzen 9,GTX 1650,0,0.325,0
Europe,Acer,Laptop,M1,AMD Radeon Vega,4,256,Linux,Black,Online,PayPal,Student,M1,AMD Radeon Vega,1,0.4825,1
Asia-Pacific,MSI,Desktop,M2,NVIDIA RTX 2060,8,2048,Linux,White,Retail Store,Credit Card,Enterprise,M2,RTX 2060,0,0.455,1
Europe,Microsoft,Gaming Laptop,Ryzen 7,NVIDIA RTX 3060,4,256,macOS,White,Retail Store,Credit Card,Gamer,Ryzen 7,RTX 3060,1,0.335,0
Europe,MSI,Laptop,M2,Intel UHD,4,2048,Windows 10,Black,Retail Store,Debit Card,Professional,M2,Intel UHD,0,0.32,0
Europe,HP,All-in-One,i9,AMD Radeon Vega,32,1024,Linux,Gray,Online,PayPal,Gamer,i9,AMD Radeon Vega,0,0.4475,1
Europe,Asus,Laptop,Ryzen 3,NVIDIA RTX 2060,16,512,Windows 10,White,Online,Credit Card,Student,Ryzen 3,RTX 2060,0,0.3475,0
Asia-Pacific,Asus,Desktop,i9,NVIDIA GTX 1650,16,256,Windows 10,Blue,Online,Credit Card,Enterprise,i9,GTX 1650,0,0.295,0
Asia-Pacific,Microsoft,Desktop,i9,AMD Radeon Vega,16,512,macOS,Silver,Reseller,Bank Transfer,Student,i9,AMD Radeon Vega,0,0.2775,0
Asia-Pacific,Lenovo,Desktop,i9,NVIDIA GTX 1650,8,512,macOS,Gray,Reseller,Debit Card,Professional,i9,GTX 1650,1,0.405,1
Europe,Razer,Desktop,i7,Intel UHD,8,1024,Windows 11,Blue,Retail Store,Debit Card,Professional,i7,Intel UHD,0,0.35,1
Asia-Pacific,HP,Desktop,M1,AMD Radeon Vega,8,1024,macOS,Black,Online,PayPal,Gamer,M1,AMD Radeon Vega,0,0.455,1
Europe,Samsung,All-in-One,i7,Intel UHD,4,2048,Windows 11,Gray,Retail Store,Bank Transfer,Professional,i7,Intel UHD,0,0.4,1
Europe,MSI,Laptop,i7,NVIDIA RTX 2060,4,512,Windows 11,Black,Reseller,Credit Card,Professional,i7,RTX 2060,1,0.465,1
Asia-Pacific,Acer,Gaming Laptop,i3,NVIDIA RTX 2060,16,512,macOS,White,Retail Store,Debit Card,Gamer,i3,RTX 2060,0,0.3725,1
Europe,Lenovo,Desktop,M1,NVIDIA RTX 2060,32,512,Windows 10,White,Retail Store,Bank Transfer,Gamer,M1,RTX 2060,0,0.405,1
North America,Razer,Desktop,Ryzen 9,NVIDIA RTX 3060,16,1024,Linux,Black,Online,Debit Card,Gamer,Ryzen 9,RTX 3060,0,0.375,1
Asia-Pacific,Apple,Gaming Laptop,Ryzen 3,NVIDIA GTX 1650,8,2048,macOS,Blue,Reseller,Bank Transfer,Gamer,Ryzen 3,GTX 1650,1,0.3125,0
Europe,HP,Laptop,Ryzen 3,NVIDIA RTX 3060,16,512,Linux,Blue,Retail Store,Bank Transfer,Gamer,Ryzen 3,RTX 3060,1,0.26,0
Asia-Pacific,Acer,All-in-One,M1,NVIDIA RTX 3060,4,1024,Linux,White,Online,PayPal,Gamer,M1,RTX 3060,1,0.2975,0
Asia-Pacific,Lenovo,Desktop,i9,Intel UHD,32,256,Windows 11,Silver,Reseller,Debit Card,Gamer,i9,Intel UHD,0,0.3075,0
Europe,Lenovo,Desktop,i9,Intel UHD,16,1024,macOS,Gray,Online,Debit Card,Enterprise,i9,Intel UHD,1,0.36,1
North America,Dell,Desktop,M1,AMD Radeon Vega,32,2048,Windows 10,Silver,Retail Store,Bank Transfer,Enterprise,M1,AMD Radeon Vega,0,0.38,1
North America,Dell,Laptop,i3,AMD Radeon Vega,16,512,Linux,Silver,Online,Bank Transfer,Gamer,i3,AMD Radeon Vega,1,0.43,1
Europe,Dell,Gaming Laptop,Ryzen 3,Intel UHD,32,2048,Linux,White,Online,Credit Card,Student,Ryzen 3,Intel UHD,1,0.5075,1
Europe,HP,Desktop,M1,NVIDIA RTX 3060,16,256,Windows 11,Silver,Reseller,Credit Card,Student,M1,RTX 3060,0,0.405,1
Europe,Dell,Desktop,Ryzen 9,AMD Radeon Vega,8,512,macOS,Silver,Retail Store,Bank Transfer,Student,Ryzen 9,AMD Radeon Vega,1,0.46,1
North America,Dell,Laptop,Ryzen 5,NVIDIA RTX 2060,32,512,Linux,Gray,Online,Bank Transfer,Gamer,Ryzen 5,RTX 2060,0,0.375,1
Europe,HP,All-in-One,i7,Intel UHD,16,256,Linux,Silver,Retail Store,Bank Transfer,Gamer,i7,Intel UHD,1,0.33,0
Asia-Pacific,Lenovo,Gaming Laptop,i9,AMD Radeon Vega,8,1024,macOS,Black,Reseller,Bank Transfer,Enterprise,i9,AMD Radeon Vega,1,0.3,0
Europe,Razer,All-in-One,Ryzen 5,AMD Radeon Vega,8,256,Windows 11,Black,Retail Store,PayPal,Enterprise,Ryzen 5,AMD Radeon Vega,1,0.53,1
North America,HP,Gaming Laptop,Ryzen 5,Intel Iris,4,2048,macOS,Gray,Online,Bank Transfer,Gamer,Ryzen 5,Intel Iris,0,0.4,1
North America,HP,Laptop,Ryzen 3,Intel Iris,8,1024,Windows 11,Gray,Online,Debit Card,Student,Ryzen 3,Intel Iris,1,0.3475,0
North America,MSI,Laptop,i9,NVIDIA RTX 2060,32,256,Windows 10,Black,Retail Store,PayPal,Gamer,i9,RTX 2060,0,0.2925,0
Asia-Pacific,Acer,Laptop,Ryzen 9,NVIDIA RTX 3060,16,512,Windows 11,Gray,Online,Credit Card,Enterprise,Ryzen 9,RTX 3060,0,0.31,0
North America,MSI,Desktop,i9,AMD Radeon Vega,4,512,Linux,Black,Reseller,Bank Transfer,Student,i9,AMD Radeon Vega,0,0.355,1
North America,MSI,Laptop,M2,NVIDIA RTX 3060,16,2048,Linux,White,Retail Store,PayPal,Gamer,M2,RTX 3060,1,0.44,1
Europe,Razer,Desktop,Ryzen 9,Intel UHD,4,2048,Windows 10,White,Reseller,Bank Transfer,Professional,Ryzen 9,Intel UHD,0,0.3375,0
North America,Dell,All-in-One,i5,Intel UHD,8,256,Linux,Gray,Online,Debit Card,Student,i5,Intel UHD,1,0.445,1
North America,Apple,Gaming Laptop,Ryzen 9,Intel Iris,32,512,macOS,Blue,Online,Debit Card,Student,Ryzen 9,Intel Iris,0,0.3225,0
Asia-Pacific,Dell,Desktop,M2,NVIDIA GTX 1650,8,2048,Windows 11,Blue,Reseller,Credit Card,Enterprise,M2,GTX 1650,1,0.3675,1
Asia-Pacific,Microsoft,Laptop,M1,Intel Iris,16,256,Windows 10,Gray,Online,Bank Transfer,Professional,M1,Intel Iris,0,0.3375,0
North America,Razer,Desktop,Ryzen 7,Intel Iris,16,1024,Windows 11,Blue,Retail Store,Bank Transfer,Enterprise,Ryzen 7,Intel Iris,1,0.4025,1
Asia-Pacific,Dell,Gaming Laptop,Ryzen 3,Intel UHD,32,2048,Windows 10,Black,Online,PayPal,Gamer,Ryzen 3,Intel UHD,1,0.56,1
Europe,Lenovo,Laptop,i5,NVIDIA RTX 2060,16,2048,Windows 10,Gray,Retail Store,Bank Transfer,Enterprise,i5,RTX 2060,1,0.4825,1
Asia-Pacific,Acer,Laptop,Ryzen 7,NVIDIA RTX 2060,8,1024,Windows 10,Black,Online,Debit Card,Enterprise,Ryzen 7,RTX 2060,0,0.3725,1
Europe,Apple,Gaming Laptop,Ryzen 9,Intel Iris,32,256,macOS,Black,Reseller,Credit Card,Gamer,Ryzen 9,Intel Iris,0,0.5,1
Europe,MSI,All-in-One,M1,Intel Iris,16,2048,Windows 10,Gray,Online,PayPal,Enterprise,M1,Intel Iris,0,0.4275,1
Asia-Pacific,MSI,All-in-One,i9,NVIDIA RTX 3060,16,2048,Windows 11,Silver,Reseller,Bank Transfer,Professional,i9,RTX 3060,0,0.4675,1
Europe,Dell,Desktop,i7,Intel UHD,32,1024,Windows 11,Blue,Retail Store,Debit Card,Gamer,i7,Intel UHD,0,0.3425,0
Europe,Samsung,Gaming Laptop,Ryzen 5,AMD Radeon Vega,8,1024,macOS,Gray,Online,Debit Card,Enterprise,Ryzen 5,AMD Radeon Vega,0,0.41,1
North America,MSI,Laptop,Ryzen 3,NVIDIA RTX 2060,16,512,Windows 10,Blue,Online,Bank Transfer,Professional,Ryzen 3,RTX 2060,0,0.3525,1
Asia-Pacific,Lenovo,Gaming Laptop,i3,NVIDIA GTX 1650,4,2048,Windows 10,Black,Retail Store,Credit Card,Enterprise,i3,GTX 1650,0,0.375,1
Europe,Samsung,Laptop,Ryzen 3,NVIDIA RTX 3060,32,512,Linux,Gray,Online,PayPal,Enterprise,Ryzen 3,RTX 3060,1,0.495,1
Asia-Pacific,Microsoft,All-in-One,Ryzen 7,AMD Radeon Vega,8,1024,Linux,Blue,Retail Store,Bank Transfer,Student,Ryzen 7,AMD Radeon Vega,0,0.3325,0
Asia-Pacific,Razer,All-in-One,Ryzen 7,Intel UHD,8,512,Windows 10,Black,Reseller,Bank Transfer,Professional,Ryzen 7,Intel UHD,1,0.3325,0
Asia-Pacific,HP,Gaming Laptop,Ryzen 9,NVIDIA RTX 3060,8,512,macOS,White,Retail Store,PayPal,Enterprise,Ryzen 9,RTX 3060,0,0.29,0
Asia-Pacific,Lenovo,Gaming Laptop,Ryzen 5,NVIDIA GTX 1650,16,1024,macOS,Blue,Online,Bank Transfer,Gamer,Ryzen 5,GTX 1650,1,0.33,0
Europe,Razer,All-in-One,Ryzen 3,NVIDIA RTX 3060,32,256,macOS,Gray,Online,Credit Card,Professional,Ryzen 3,RTX 3060,0,0.4775,1
North America,Asus,Desktop,Ryzen 5,Intel Iris,4,512,Windows 10,Gray,Reseller,Bank Transfer,Enterprise,Ryzen 5,Intel Iris,1,0.32,0
Europe,Acer,All-in-One,i9,Intel UHD,16,2048,Linux,White,Online,Debit Card,Professional,i9,Intel UHD,1,0.41,1
Asia-Pacific,Dell,Gaming Laptop,M2,Intel UHD,32,1024,macOS,White,Reseller,Credit Card,Professional,M2,Intel UHD,1,0.375,1
Asia-Pacific,Samsung,Laptop,i5,Intel Iris,8,256,macOS,Black,Online,Credit Card,Enterprise,i5,Intel Iris,0,0.3875,1
Asia-Pacific,Lenovo,Gaming Laptop,M2,NVIDIA RTX 3060,4,1024,Linux,Gray,Online,Credit Card,Student,M2,RTX 3060,0,0.4,1
Asia-Pacific,Asus,Gaming Laptop,i9,NVIDIA RTX 3060,8,2048,macOS,Black,Online,PayPal,Professional,i9,RTX 3060,0,0.43,1
Europe,Razer,All-in-One,Ryzen 3,NVIDIA RTX 2060,16,1024,Windows 10,Silver,Online,Bank Transfer,Gamer,Ryzen 3,RTX 2060,0,0.3775,1
Asia-Pacific,MSI,Desktop,i3,AMD Radeon Vega,32,2048,Linux,White,Online,Debit Card,Student,i3,AMD Radeon Vega,0,0.475,1
Asia-Pacific,Acer,Desktop,M1,NVIDIA RTX 3060,32,1024,Windows 11,Blue,Online,Debit Card,Enterprise,M1,RTX 3060,0,0.3775,1
Europe,Dell,All-in-One,M2,NVIDIA GTX 1650,4,1024,Windows 11,White,Reseller,Bank Transfer,Professional,M2,GTX 1650,0,0.3425,0
North America,Samsung,Desktop,Ryzen 7,NVIDIA GTX 1650,16,2048,Linux,White,Online,Bank Transfer,Student,Ryzen 7,GTX 1650,1,0.3575,1
Asia-Pacific,HP,Desktop,M2,Intel UHD,4,512,Windows 10,White,Retail Store,Bank Transfer,Student,M2,Intel UHD,1,0.4475,1
North America,HP,Laptop,Ryzen 3,Intel UHD,8,256,Linux,White,Reseller,Debit Card,Student,Ryzen 3,Intel UHD,0,0.375,1
Europe,Apple,Gaming Laptop,i7,NVIDIA GTX 1650,4,2048,macOS,Gray,Online,Bank Transfer,Enterprise,i7,GTX 1650,0,0.275,0
Asia-Pacific,Razer,Laptop,i3,NVIDIA RTX 3060,4,512,macOS,White,Reseller,Debit Card,Student,i3,RTX 3060,1,0.4125,1
North America,Asus,All-in-One,M1,AMD Radeon Vega,4,2048,macOS,Gray,Retail Store,PayPal,Enterprise,M1,AMD Radeon Vega,0,0.375,1
Europe,Lenovo,Desktop,Ryzen 5,NVIDIA RTX 3060,4,256,Linux,Silver,Online,PayPal,Student,Ryzen 5,RTX 3060,1,0.375,1
North America,Apple,Laptop,i3,Intel Iris,32,1024,macOS,Silver,Reseller,Debit Card,Student,i3,Intel Iris,0,0.4975,1
Asia-Pacific,Dell,Gaming Laptop,Ryzen 3,Intel UHD,32,1024,Windows 11,Silver,Retail Store,Credit Card,Enterprise,Ryzen 3,Intel UHD,0,0.425,1
Europe,HP,All-in-One,i9,NVIDIA GTX 1650,32,1024,Linux,Gray,Online,Credit Card,Enterprise,i9,GTX 1650,0,0.37,1
North America,Razer,Laptop,i9,NVIDIA RTX 2060,16,2048,Linux,White,Reseller,PayPal,Gamer,i9,RTX 2060,1,0.3175,0
North America,Microsoft,Desktop,Ryzen 3,NVIDIA RTX 2060,8,1024,Linux,Gray,Retail Store,PayPal,Professional,Ryzen 3,RTX 2060,1,0.38,1
Asia-Pacific,Razer,Desktop,i3,NVIDIA GTX 1650,8,2048,Linux,Silver,Retail Store,Bank Transfer,Professional,i3,GTX 1650,1,0.48,1
North America,Acer,Desktop,Ryzen 7,NVIDIA RTX 3060,32,1024,Windows 11,White,Retail Store,Bank Transfer,Student,Ryzen 7,RTX 3060,0,0.4175,1
Asia-Pacific,Apple,Gaming Laptop,Ryzen 3,Intel Iris,32,512,macOS,White,Retail Store,Bank Transfer,Student,Ryzen 3,Intel Iris,0,0.3875,1
North America,Lenovo,Desktop,i7,NVIDIA RTX 3060,16,512,Windows 11,Gray,Online,Bank Transfer,Student,i7,RTX 3060,0,0.39,1
North America,Lenovo,Gaming Laptop,i3,NVIDIA RTX 2060,32,1024,Windows 11,White,Retail Store,PayPal,Gamer,i3,RTX 2060,0,0.495,1
Asia-Pacific,Microsoft,All-in-One,Ryzen 7,AMD Radeon Vega,4,256,Windows 11,Silver,Online,Debit Card,Enterprise,Ryzen 7,AMD Radeon Vega,0,0.345,0
Europe,Lenovo,Laptop,Ryzen 9,Intel Iris,4,1024,Windows 11,Silver,Online,Debit Card,Enterprise,Ryzen 9,Intel Iris,1,0.4225,1
North America,HP,Desktop,i9,Intel UHD,16,2048,Windows 11,Silver,Reseller,PayPal,Gamer,i9,Intel UHD,0,0.385,1
North America,Razer,Gaming Laptop,i9,AMD Radeon Vega,4,512,Windows 10,Gray,Reseller,Debit Card,Enterprise,i9,AMD Radeon Vega,1,0.2625,0
Asia-Pacific,Microsoft,Desktop,i3,NVIDIA RTX 3060,32,2048,Windows 11,White,Online,Debit Card,Enterprise,i3,RTX 3060,0,0.47,1
Asia-Pacific,Samsung,Desktop,i3,NVIDIA RTX 3060,32,256,Linux,White,Reseller,Credit Card,Student,i3,RTX 3060,0,0.445,1
Europe,Lenovo,Desktop,Ryzen 3,Intel UHD,16,256,Linux,Silver,Reseller,PayPal,Enterprise,Ryzen 3,Intel UHD,1,0.375,1
North America,Acer,All-in-One,i7,NVIDIA RTX 2060,4,512,Linux,Gray,Online,PayPal,Professional,i7,RTX 2060,0,0.475,1
Europe,MSI,Laptop,i3,Intel Iris,32,256,Windows 10,White,Reseller,Debit Card,Student,i3,Intel Iris,0,0.485,1
Asia-Pacific,Apple,All-in-One,Ryzen 3,AMD Radeon Vega,16,1024,macOS,Black,Online,Credit Card,Professional,Ryzen 3,AMD Radeon Vega,0,0.5475,1
Europe,Asus,Laptop,Ryzen 7,NVIDIA RTX 2060,32,1024,Windows 11,Silver,Retail Store,Debit Card,Student,Ryzen 7,RTX 2060,1,0.36,1
Asia-Pacific,Acer,Gaming Laptop,i3,AMD Radeon Vega,32,1024,Windows 11,Blue,Retail Store,Debit Card,Professional,i3,AMD Radeon Vega,0,0.5125,1
North America,Microsoft,All-in-One,Ryzen 5,Intel UHD,4,1024,Windows 11,Black,Online,PayPal,Gamer,Ryzen 5,Intel UHD,0,0.535,1
Europe,Lenovo,Laptop,i5,AMD Radeon Vega,32,1024,Windows 11,Gray,Retail Store,PayPal,Enterprise,i5,AMD Radeon Vega,0,0.3675,1
North America,HP,Gaming Laptop,Ryzen 9,AMD Radeon Vega,4,1024,Windows 11,Blue,Retail Store,Credit Card,Student,Ryzen 9,AMD Radeon Vega,0,0.35,1
Europe,Dell,Gaming Laptop,Ryzen 5,Intel Iris,8,512,Windows 10,White,Online,Debit Card,Gamer,Ryzen 5,Intel Iris,1,0.4325,1
Asia-Pacific,Acer,Gaming Laptop,i5,NVIDIA RTX 3060,32,512,Windows 10,White,Retail Store,PayPal,Gamer,i5,RTX 3060,0,0.41,1
North America,MSI,Laptop,Ryzen 3,NVIDIA RTX 3060,32,1024,Windows 11,Gray,Retail Store,PayPal,Student,Ryzen 3,RTX 3060,0,0.55,1
Europe,Apple,All-in-One,i7,NVIDIA RTX 2060,4,1024,macOS,Silver,Retail Store,Credit Card,Student,i7,RTX 2060,1,0.325,0
North America,HP,All-in-One,i5,Intel Iris,32,2048,macOS,Silver,Retail Store,PayPal,Gamer,i5,Intel Iris,1,0.4,1
North America,Asus,All-in-One,i9,NVIDIA RTX 2060,32,1024,Windows 10,White,Online,PayPal,Gamer,i9,RTX 2060,0,0.43,1
Europe,Acer,Laptop,i9,NVIDIA GTX 1650,32,1024,Windows 11,Black,Reseller,Credit Card,Student,i9,GTX 1650,0,0.5225,1
Asia-Pacific,Razer,Gaming Laptop,i5,NVIDIA RTX 2060,16,1024,macOS,Gray,Reseller,Credit Card,Enterprise,i5,RTX 2060,0,0.41,1
Europe,Acer,Desktop,i3,NVIDIA RTX 2060,32,512,Windows 11,White,Retail Store,PayPal,Professional,i3,RTX 2060,1,0.46,1
Europe,Samsung,All-in-One,Ryzen 5,NVIDIA GTX 1650,4,1024,Windows 11,Gray,Retail Store,Credit Card,Gamer,Ryzen 5,GTX 1650,0,0.36,1
Europe,Microsoft,All-in-One,Ryzen 3,Intel UHD,16,512,Windows 11,White,Online,Credit Card,Gamer,Ryzen 3,Intel UHD,0,0.455,1
North America,Asus,Laptop,Ryzen 3,NVIDIA RTX 3060,16,512,macOS,Blue,Online,Bank Transfer,Professional,Ryzen 3,RTX 3060,0,0.43,1
Asia-Pacific,Lenovo,Desktop,i3,AMD Radeon Vega,32,512,Windows 10,Silver,Retail Store,Credit Card,Professional,i3,AMD Radeon Vega,0,0.3625,1
Europe,MSI,Laptop,Ryzen 9,Intel UHD,4,256,Windows 11,Gray,Online,Bank Transfer,Professional,Ryzen 9,Intel UHD,0,0.415,1
Europe,Microsoft,Laptop,M2,AMD Radeon Vega,16,512,macOS,Gray,Reseller,Debit Card,Student,M2,AMD Radeon Vega,1,0.3075,0
Asia-Pacific,Apple,Desktop,Ryzen 9,NVIDIA RTX 2060,8,1024,macOS,Silver,Online,Credit Card,Gamer,Ryzen 9,RTX 2060,1,0.3175,0
North America,Asus,Desktop,i7,Intel Iris,4,512,macOS,Gray,Reseller,Debit Card,Enterprise,i7,Intel Iris,0,0.3725,1
North America,Asus,Laptop,M1,Intel Iris,4,2048,Linux,Blue,Online,PayPal,Enterprise,M1,Intel Iris,0,0.4225,1
Europe,HP,All-in-One,Ryzen 3,Intel UHD,8,2048,Linux,Blue,Online,Credit Card,Professional,Ryzen 3,Intel UHD,0,0.3825,1
Asia-Pacific,Microsoft,Gaming Laptop,Ryzen 5,AMD Radeon Vega,16,512,macOS,Black,Retail Store,PayPal,Student,Ryzen 5,AMD Radeon Vega,0,0.36,1
North America,Apple,Laptop,i7,Intel Iris,4,256,macOS,Black,Online,Credit Card,Professional,i7,Intel Iris,0,0.3775,1
Asia-Pacific,Lenovo,Gaming Laptop,i9,NVIDIA RTX 3060,4,2048,Windows 10,Blue,Retail Store,Credit Card,Enterprise,i9,RTX 3060,1,0.325,0
North America,Microsoft,Desktop,M1,AMD Radeon Vega,8,1024,macOS,Gray,Retail Store,PayPal,Student,M1,AMD Radeon Vega,0,0.4125,1
Europe,Microsoft,Gaming Laptop,i5,NVIDIA RTX 2060,4,256,Windows 10,Gray,Retail Store,PayPal,Professional,i5,RTX 2060,0,0.36,1
North America,Microsoft,Desktop,Ryzen 5,NVIDIA RTX 2060,16,1024,macOS,Gray,Online,Bank Transfer,Professional,Ryzen 5,RTX 2060,0,0.39,1
Europe,Apple,Gaming Laptop,M2,Intel UHD,32,1024,macOS,Blue,Online,Bank Transfer,Student,M2,Intel UHD,0,0.3025,0
Europe,Asus,Desktop,Ryzen 3,Intel UHD,4,1024,Linux,Silver,Online,Debit Card,Enterprise,Ryzen 3,Intel UHD,0,0.345,0
Asia-Pacific,Samsung,Desktop,i3,Intel UHD,32,1024,macOS,White,Reseller,Credit Card,Student,i3,Intel UHD,0,0.3775,1
Europe,MSI,Gaming Laptop,Ryzen 7,Intel UHD,32,256,macOS,Black,Reseller,Debit Card,Enterprise,Ryzen 7,Intel UHD,0,0.4475,1
North America,Apple,Gaming Laptop,i9,Intel UHD,16,256,macOS,Gray,Reseller,Credit Card,Gamer,i9,Intel UHD,1,0.3575,1
Asia-Pacific,Apple,Desktop,M2,Intel UHD,32,512,macOS,Gray,Online,Credit Card,Enterprise,M2,Intel UHD,1,0.3275,0
North America,Microsoft,Laptop,i5,Intel Iris,32,512,Windows 11,Black,Online,PayPal,Gamer,i5,Intel Iris,1,0.3125,0
North America,Dell,All-in-One,Ryzen 9,Intel UHD,8,256,Windows 11,Blue,Retail Store,Credit Card,Student,Ryzen 9,Intel UHD,1,0.3875,1
Asia-Pacific,Samsung,All-in-One,i9,AMD Radeon Vega,4,512,Linux,Blue,Online,Credit Card,Enterprise,i9,AMD Radeon Vega,0,0.3975,1
Europe,Microsoft,Laptop,i3,Intel Iris,32,1024,macOS,Gray,Online,Bank Transfer,Student,i3,Intel Iris,0,0.4175,1
Asia-Pacific,Lenovo,Gaming Laptop,i7,NVIDIA GTX 1650,8,2048,Windows 10,Black,Retail Store,PayPal,Enterprise,i7,GTX 1650,0,0.3025,0
Europe,Microsoft,Desktop,Ryzen 9,NVIDIA GTX 1650,16,512,Linux,Blue,Online,PayPal,Enterprise,Ryzen 9,GTX 1650,0,0.2975,0
Europe,Dell,Laptop,Ryzen 9,Intel UHD,8,256,Windows 11,Gray,Retail Store,Credit Card,Professional,Ryzen 9,Intel UHD,1,0.3875,1
Asia-Pacific,Apple,Laptop,Ryzen 7,Intel Iris,32,512,macOS,Silver,Online,Bank Transfer,Enterprise,Ryzen 7,Intel Iris,1,0.495,1
Asia-Pacific,Samsung,Desktop,i7,Intel UHD,16,256,Windows 10,Black,Reseller,Credit Card,Enterprise,i7,Intel UHD,0,0.37,1
Europe,Acer,Desktop,Ryzen 3,NVIDIA RTX 2060,8,1024,macOS,Gray,Reseller,Bank Transfer,Enterprise,Ryzen 3,RTX 2060,1,0.335,0
Asia-Pacific,Lenovo,Laptop,i5,Intel Iris,8,1024,macOS,White,Retail Store,Bank Transfer,Gamer,i5,Intel Iris,0,0.39,1
Asia-Pacific,Dell,Desktop,M2,AMD Radeon Vega,32,256,Windows 11,Silver,Reseller,Credit Card,Gamer,M2,AMD Radeon Vega,1,0.4525,1
Asia-Pacific,Acer,Desktop,i5,NVIDIA RTX 2060,4,2048,Windows 10,Gray,Online,PayPal,Enterprise,i5,RTX 2060,0,0.4225,1
North America,Razer,Laptop,i9,NVIDIA RTX 3060,16,256,macOS,Gray,Retail Store,PayPal,Student,i9,RTX 3060,1,0.5225,1
Asia-Pacific,Microsoft,Desktop,Ryzen 7,AMD Radeon Vega,4,512,Linux,White,Reseller,PayPal,Enterprise,Ryzen 7,AMD Radeon Vega,1,0.4025,1
Asia-Pacific,Asus,Laptop,Ryzen 3,AMD Radeon Vega,32,2048,Windows 11,White,Online,Credit Card,Enterprise,Ryzen 3,AMD Radeon Vega,0,0.4175,1
Europe,HP,Gaming Laptop,Ryzen 5,NVIDIA RTX 3060,32,2048,Linux,Black,Online,Debit Card,Professional,Ryzen 5,RTX 3060,1,0.46,1
North America,Apple,Desktop,Ryzen 5,Intel Iris,4,1024,macOS,Gray,Reseller,Credit Card,Enterprise,Ryzen 5,Intel Iris,1,0.4075,1
Asia-Pacific,Asus,Laptop,Ryzen 7,NVIDIA RTX 3060,8,2048,macOS,Gray,Retail Store,Debit Card,Enterprise,Ryzen 7,RTX 3060,1,0.39,1
Asia-Pacific,Apple,All-in-One,Ryzen 5,NVIDIA GTX 1650,16,512,macOS,Gray,Retail Store,Credit Card,Professional,Ryzen 5,GTX 1650,0,0.27,0
North America,Apple,Laptop,i9,AMD Radeon Vega,16,1024,macOS,White,Online,Credit Card,Student,i9,AMD Radeon Vega,0,0.3975,1
Europe,Razer,Desktop,i5,NVIDIA GTX 1650,32,512,Windows 11,Black,Retail Store,PayPal,Professional,i5,GTX 1650,0,0.4,1
Europe,Asus,Gaming Laptop,Ryzen 5,NVIDIA RTX 2060,32,2048,Linux,Blue,Retail Store,PayPal,Student,Ryzen 5,RTX 2060,0,0.3125,0
Europe,MSI,Gaming Laptop,Ryzen 5,Intel Iris,32,512,Linux,Gray,Retail Store,Debit Card,Professional,Ryzen 5,Intel Iris,1,0.405,1
Europe,MSI,Laptop,i5,Intel Iris,32,256,Linux,Silver,Retail Store,Debit Card,Gamer,i5,Intel Iris,0,0.32,0
Europe,Apple,Laptop,i9,AMD Radeon Vega,8,256,macOS,Gray,Online,Debit Card,Professional,i9,AMD Radeon Vega,0,0.4825,1
North America,Dell,All-in-One,Ryzen 5,Intel UHD,16,2048,Windows 10,Blue,Online,PayPal,Student,Ryzen 5,Intel UHD,1,0.495,1
Europe,Microsoft,Desktop,i5,NVIDIA GTX 1650,8,256,macOS,Black,Retail Store,Bank Transfer,Gamer,i5,GTX 1650,0,0.3475,0
Asia-Pacific,Acer,Gaming Laptop,Ryzen 5,AMD Radeon Vega,8,2048,Windows 11,White,Online,Credit Card,Gamer,Ryzen 5,AMD Radeon Vega,0,0.3475,0
Asia-Pacific,Lenovo,All-in-One,Ryzen 5,NVIDIA RTX 3060,8,256,macOS,Blue,Retail Store,Credit Card,Professional,Ryzen 5,RTX 3060,0,0.305,0
Europe,Lenovo,Gaming Laptop,M2,NVIDIA GTX 1650,8,1024,Windows 11,Black,Retail Store,Debit Card,Professional,M2,GTX 1650,0,0.41,1
Europe,Razer,Gaming Laptop,i5,AMD Radeon Vega,8,256,macOS,Silver,Retail Store,Credit Card,Gamer,i5,AMD Radeon Vega,0,0.335,0
North America,Lenovo,Laptop,i9,Intel Iris,16,1024,Windows 10,White,Online,Bank Transfer,Student,i9,Intel Iris,1,0.33,0
Europe,Apple,Gaming Laptop,i3,NVIDIA RTX 3060,4,2048,macOS,Silver,Retail Store,PayPal,Professional,i3,RTX 3060,1,0.445,1
Asia-Pacific,Lenovo,Desktop,i3,NVIDIA RTX 2060,4,1024,macOS,Gray,Reseller,Credit Card,Student,i3,RTX 2060,0,0.455,1
North America,MSI,Gaming Laptop,M1,NVIDIA RTX 3060,4,256,Windows 11,Silver,Online,PayPal,Gamer,M1,RTX 3060,0,0.325,0
Asia-Pacific,Razer,Laptop,i7,NVIDIA GTX 1650,8,1024,Windows 11,Blue,Online,PayPal,Enterprise,i7,GTX 1650,1,0.38,1
Asia-Pacific,MSI,Gaming Laptop,Ryzen 5,NVIDIA RTX 2060,4,2048,Windows 11,Silver,Retail Store,Bank Transfer,Gamer,Ryzen 5,RTX 2060,0,0.41,1
Europe,Lenovo,Gaming Laptop,Ryzen 7,NVIDIA GTX 1650,32,512,Windows 10,Black,Retail Store,Debit Card,Gamer,Ryzen 7,GTX 1650,0,0.3575,1
Europe,Razer,All-in-One,i7,AMD Radeon Vega,8,2048,Windows 11,Silver,Online,Credit Card,Enterprise,i7,AMD Radeon Vega,0,0.3725,1
Europe,MSI,Gaming Laptop,i7,Intel Iris,8,512,Windows 11,Black,Reseller,Credit Card,Enterprise,i7,Intel Iris,0,0.455,1
Europe,Acer,Laptop,i5,Intel UHD,8,512,macOS,White,Reseller,Credit Card,Professional,i5,Intel UHD,1,0.36,1
Europe,Apple,Laptop,i5,NVIDIA RTX 3060,4,256,macOS,Blue,Retail Store,Bank Transfer,Student,i5,RTX 3060,0,0.41,1
North America,Apple,Desktop,M2,NVIDIA RTX 2060,16,1024,macOS,Blue,Reseller,Bank Transfer,Student,M2,RTX 2060,0,0.41,1
Asia-Pacific,Dell,All-in-One,M2,NVIDIA RTX 2060,16,256,macOS,White,Reseller,Credit Card,Gamer,M2,RTX 2060,0,0.4125,1
North America,Dell,All-in-One,Ryzen 5,NVIDIA GTX 1650,16,2048,Windows 10,Silver,Reseller,PayPal,Student,Ryzen 5,GTX 1650,0,0.52,1
North America,Dell,Gaming Laptop,Ryzen 5,AMD Radeon Vega,16,2048,macOS,White,Reseller,Debit Card,Gamer,Ryzen 5,AMD Radeon Vega,0,0.4025,1
North America,Apple,All-in-One,Ryzen 9,NVIDIA RTX 2060,32,512,macOS,Gray,Retail Store,Bank Transfer,Professional,Ryzen 9,RTX 2060,1,0.525,1
Europe,Lenovo,Laptop,M2,Intel UHD,32,256,Windows 11,Silver,Retail Store,Credit Card,Gamer,M2,Intel UHD,0,0.37,1
Asia-Pacific,Samsung,All-in-One,i5,NVIDIA RTX 2060,4,512,Windows 10,Black,Retail Store,Credit Card,Enterprise,i5,RTX 2060,1,0.3375,0
North America,Asus,Desktop,Ryzen 9,NVIDIA RTX 2060,8,1024,macOS,White,Retail Store,Bank Transfer,Professional,Ryzen 9,RTX 2060,0,0.4275,1
North America,Acer,Laptop,Ryzen 9,Intel UHD,32,2048,Windows 11,Silver,Retail Store,PayPal,Gamer,Ryzen 9,Intel UHD,0,0.4225,1
North America,Asus,All-in-One,Ryzen 7,Intel Iris,32,2048,Windows 10,Black,Online,Bank Transfer,Professional,Ryzen 7,Intel Iris,1,0.3525,1
Europe,Microsoft,Gaming Laptop,Ryzen 7,AMD Radeon Vega,16,2048,Windows 10,Blue,Retail Store,Bank Transfer,Enterprise,Ryzen 7,AMD Radeon Vega,0,0.4,1
Asia-Pacific,Microsoft,All-in-One,Ryzen 5,NVIDIA RTX 2060,8,2048,Windows 10,Black,Online,Credit Card,Student,Ryzen 5,RTX 2060,1,0.4825,1
Europe,Samsung,Laptop,M1,Intel Iris,8,1024,Windows 11,Silver,Reseller,Debit Card,Professional,M1,Intel Iris,0,0.395,1
Asia-Pacific,Apple,Desktop,Ryzen 9,Intel Iris,8,256,macOS,Blue,Retail Store,Debit Card,Gamer,Ryzen 9,Intel Iris,0,0.38,1
North America,Samsung,All-in-One,Ryzen 9,NVIDIA RTX 2060,4,256,macOS,Blue,Online,Bank Transfer,Professional,Ryzen 9,RTX 2060,0,0.4225,1
North America,Lenovo,Gaming Laptop,i5,NVIDIA RTX 3060,4,1024,Linux,Black,Retail Store,Bank Transfer,Enterprise,i5,RTX 3060,0,0.425,1
Europe,Dell,Desktop,M1,Intel Iris,4,2048,Linux,Gray,Retail Store,Bank Transfer,Student,M1,Intel Iris,0,0.415,1
Europe,Microsoft,Laptop,Ryzen 9,AMD Radeon Vega,16,1024,Linux,Black,Retail Store,Bank Transfer,Student,Ryzen 9,AMD Radeon Vega,0,0.415,1
Europe,Lenovo,Laptop,i9,Intel UHD,16,512,macOS,Gray,Online,Bank Transfer,Student,i9,Intel UHD,0,0.3775,1
Asia-Pacific,Microsoft,Desktop,i3,AMD Radeon Vega,16,256,Linux,Black,Online,PayPal,Gamer,i3,AMD Radeon Vega,0,0.4225,1
Europe,Razer,All-in-One,Ryzen 5,NVIDIA RTX 3060,16,2048,Windows 10,White,Online,Credit Card,Gamer,Ryzen 5,RTX 3060,0,0.4025,1
Europe,Asus,Desktop,M2,NVIDIA RTX 2060,4,512,Windows 11,Silver,Online,Bank Transfer,Student,M2,RTX 2060,0,0.3675,1
North America,Apple,Gaming Laptop,M1,Intel Iris,4,2048,macOS,Blue,Reseller,Credit Card,Student,M1,Intel Iris,1,0.345,0
Europe,Microsoft,Desktop,Ryzen 5,AMD Radeon Vega,8,2048,macOS,Black,Online,Credit Card,Enterprise,Ryzen 5,AMD Radeon Vega,0,0.2475,0
Europe,MSI,Desktop,Ryzen 3,NVIDIA RTX 2060,8,256,Linux,Blue,Online,Credit Card,Student,Ryzen 3,RTX 2060,1,0.26,0
Europe,Razer,Gaming Laptop,M1,NVIDIA RTX 3060,4,512,Windows 11,Blue,Retail Store,Bank Transfer,Student,M1,RTX 3060,0,0.345,0
North America,Razer,Laptop,M2,NVIDIA RTX 3060,32,1024,Linux,Blue,Online,Debit Card,Professional,M2,RTX 3060,1,0.4625,1
