Region,Brand,Category,CPU,GPU,RAM_GB,Storage_GB,OS,Color,Channel,PaymentMethod,Price,DiscountPct,FinalPrice,Quantity,TotalAmount,CustomerSegment,y_true,proba,pred
North America,Samsung,Desktop,i7,AMD Radeon Vega,16,512,macOS,Gray,Reseller,Credit Card,2259.17,10,2033.25,2,4066.5,Enterprise,1,0.425,1
Europe,Dell,Desktop,i5,NVIDIA RTX 3060,32,1024,macOS,Gray,Online,Debit Card,1650.15,15,1402.63,3,4207.89,Student,0,0.5125,1
Europe,Razer,Desktop,i3,AMD Radeon Vega,16,1024,macOS,Gray,Online,Credit Card,1197.07,20,957.66,2,1915.32,Student,1,0.355,1
Europe,Lenovo,Laptop,i3,NVIDIA RTX 3060,16,512,macOS,White,Reseller,Credit Card,2724.64,15,2315.94,2,4631.88,Professional,0,0.5725,1
North America,HP,Laptop,Ryzen 3,Intel Iris,32,512,Windows 10,White,Online,Debit Card,627.52,20,502.02,3,1506.06,Gamer,0,0.3625,1
Asia-Pacific,Samsung,Desktop,i9,NVIDIA GTX 1650,32,256,Windows 11,Silver,Reseller,Bank Transfer,1054.41,0,1054.41,1,1054.41,Enterprise,1,0.3725,1
Europe,MSI,Gaming Laptop,Ryzen 5,Intel UHD,32,256,macOS,Gray,Online,PayPal,1155.47,20,924.38,3,2773.14,Professional,0,0.39,1
Europe,Asus,Laptop,Ryzen 9,AMD Radeon Vega,8,1024,Windows 10,Black,Online,Bank Transfer,1397.92,10,1258.13,3,3774.39,Student,1,0.4025,1
Asia-Pacific,Acer,Laptop,Ryzen 9,Intel Iris,4,256,Windows 10,Blue,Retail Store,PayPal,2896.17,10,2606.55,3,7819.65,Gamer,0,0.4175,1
Europe,Acer,Desktop,M2,Intel UHD,8,2048,macOS,Gray,Retail Store,PayPal,1697.15,5,1612.29,2,3224.58,Enterprise,1,0.38,1
Asia-Pacific,MSI,Desktop,i7,NVIDIA RTX 2060,8,512,macOS,White,Online,Bank Transfer,2587.77,0,2587.77,3,7763.31,Professional,0,0.4425,1
Asia-Pacific,Dell,Laptop,Ryzen 5,AMD Radeon Vega,16,2048,Windows 11,Black,Retail Store,Bank Transfer,1886.35,20,1509.08,3,4527.24,Enterprise,0,0.4475,1
Europe,MSI,All-in-One,Ryzen 5,Intel Iris,32,256,Windows 10,Blue,Online,Credit Card,2509.13,0,2509.13,2,5018.26,Student,1,0.46,1
Europe,Acer,Desktop,Ryzen 9,Intel UHD,16,1024,Windows 10,Black,Reseller,Bank Transfer,909.11,20,727.29,3,2181.87,Gamer,1,0.3325,0
Europe,MSI,Gaming Laptop,i9,AMD Radeon Vega,4,256,Windows 11,Silver,Reseller,Credit Card,1495.8,10,1346.22,3,4038.66,Professional,0,0.3925,1
North America,Lenovo,Gaming Laptop,Ryzen 3,Intel Iris,32,2048,Windows 10,Gray,Reseller,Debit Card,2196.83,0,2196.83,2,4393.66,Professional,0,0.4,1
Asia-Pacific,Dell,Desktop,i3,Intel UHD,4,2048,Windows 11,Silver,Retail Store,Credit Card,981.37,20,785.1,1,785.1,Student,0,0.31,0
Europe,MSI,All-in-One,M1,Intel Iris,8,2048,macOS,Gray,Retail Store,Credit Card,2299.11,5,2184.15,2,4368.3,Professional,1,0.42,1
North America,Dell,Desktop,Ryzen 9,AMD Radeon Vega,8,256,Linux,Gray,Reseller,Credit Card,1257.94,5,1195.04,3,3585.12,Enterprise,0,0.3575,1
North America,MSI,Laptop,M2,NVIDIA RTX 2060,4,256,Windows 11,Silver,Online,Bank Transfer,1979.38,15,1682.47,1,1682.47,Professional,0,0.3525,1
Asia-Pacific,Lenovo,All-in-One,i7,NVIDIA GTX 1650,32,2048,macOS,White,Online,Bank Transfer,2930.56,10,2637.5,1,2637.5,Gamer,1,0.45,1
Europe,MSI,Laptop,Ryzen 5,NVIDIA RTX 3060,8,2048,Windows 10,Silver,Online,Credit Card,718.2,20,574.56,2,1149.12,Gamer,0,0.36,1
Europe,Razer,Desktop,M2,Intel UHD,8,1024,macOS,White,Retail Store,PayPal,1679.54,10,1511.59,1,1511.59,Gamer,0,0.4,1
North America,Microsoft,Gaming Laptop,Ryzen 7,NVIDIA RTX 3060,32,2048,macOS,White,Retail Store,PayPal,2757.28,15,2343.69,3,7031.07,Enterprise,1,0.42,1
North America,Dell,All-in-One,M2,Intel UHD,32,1024,Linux,Blue,Online,Bank Transfer,2601.98,10,2341.78,2,4683.56,Gamer,0,0.385,1
Asia-Pacific,MSI,Gaming Laptop,i9,NVIDIA RTX 2060,32,256,Windows 11,Blue,Online,Debit Card,2581.28,0,2581.28,3,7743.84,Professional,1,0.4275,1
Asia-Pacific,Lenovo,All-in-One,i7,Intel Iris,4,1024,Windows 10,Blue,Online,Bank Transfer,2930.78,10,2637.7,2,5275.4,Enterprise,0,0.2825,0
North America,Microsoft,Gaming Laptop,i5,NVIDIA GTX 1650,32,2048,macOS,Black,Online,Bank Transfer,1016.03,5,965.23,2,1930.46,Professional,1,0.36,1
North America,Razer,Desktop,M2,AMD Radeon Vega,4,2048,Windows 11,Black,Retail Store,Credit Card,2986.18,5,2836.87,3,8510.61,Student,1,0.48,1
Asia-Pacific,MSI,Laptop,Ryzen 7,NVIDIA GTX 1650,4,1024,Windows 10,White,Reseller,Credit Card,2791.76,0,2791.76,2,5583.52,Professional,1,0.3925,1
Europe,Razer,Laptop,i3,Intel UHD,32,1024,Linux,Silver,Online,Bank Transfer,1733.99,5,1647.29,2,3294.58,Gamer,1,0.3975,1
Europe,Lenovo,Desktop,M1,Intel UHD,8,1024,macOS,White,Retail Store,Debit Card,990.14,0,990.14,1,990.14,Professional,1,0.2875,0
North America,Samsung,Desktop,M1,AMD Radeon Vega,16,1024,Windows 11,Black,Online,Debit Card,2241.49,20,1793.19,2,3586.38,Student,0,0.4075,1
North America,Samsung,Desktop,Ryzen 7,NVIDIA RTX 2060,32,256,Windows 10,Gray,Online,Credit Card,631.11,5,599.55,2,1199.1,Student,0,0.34,0
Asia-Pacific,Acer,Desktop,M1,Intel UHD,4,512,macOS,Black,Reseller,Debit Card,2842.65,0,2842.65,1,2842.65,Gamer,0,0.3625,1
Europe,MSI,Gaming Laptop,Ryzen 9,Intel Iris,16,2048,macOS,Blue,Online,Bank Transfer,1775.13,10,1597.62,2,3195.24,Professional,0,0.45,1
Europe,Razer,Gaming Laptop,i7,NVIDIA GTX 1650,16,256,Windows 10,Blue,Reseller,Bank Transfer,548.65,10,493.78,1,493.78,Gamer,0,0.345,0
Europe,MSI,Gaming Laptop,i5,AMD Radeon Vega,32,2048,Windows 10,Blue,Retail Store,PayPal,1068.65,5,1015.22,2,2030.44,Student,0,0.415,1
Europe,Acer,Laptop,Ryzen 5,Intel UHD,8,256,macOS,Black,Reseller,Credit Card,2783.84,15,2366.26,2,4732.52,Professional,1,0.375,1
North America,Acer,Laptop,i9,NVIDIA RTX 3060,8,512,Windows 11,White,Online,Credit Card,664.7,10,598.23,3,1794.69,Gamer,1,0.3725,1
North America,MSI,Gaming Laptop,i5,NVIDIA GTX 1650,8,256,Linux,White,Retail Store,PayPal,856.27,15,727.83,2,1455.66,Gamer,1,0.28,0
Asia-Pacific,Razer,Gaming Laptop,M1,NVIDIA RTX 3060,16,1024,macOS,Silver,Reseller,PayPal,2035.28,20,1628.22,2,3256.44,Professional,0,0.4225,1
Europe,Acer,Desktop,M1,Intel Iris,4,2048,Linux,Silver,Retail Store,Debit Card,477.49,15,405.87,2,811.74,Professional,0,0.2975,0
Europe,Microsoft,Laptop,i5,AMD Radeon Vega,32,2048,Windows 11,Black,Reseller,Debit Card,1042.62,0,1042.62,1,1042.62,Gamer,1,0.3925,1
North America,HP,Desktop,Ryzen 5,NVIDIA RTX 3060,4,1024,Linux,Gray,Reseller,Bank Transfer,2871.31,20,2297.05,2,4594.1,Enterprise,0,0.36,1
Asia-Pacific,Razer,Laptop,Ryzen 9,AMD Radeon Vega,16,512,Windows 11,Blue,Reseller,Credit Card,1193.67,5,1133.99,3,3401.97,Gamer,1,0.3975,1
Europe,Microsoft,All-in-One,i9,NVIDIA RTX 3060,8,512,Windows 11,White,Retail Store,Bank Transfer,1561.03,15,1326.88,3,3980.64,Gamer,1,0.3725,1
Europe,Razer,Desktop,Ryzen 7,NVIDIA RTX 3060,32,2048,Windows 11,Black,Retail Store,Bank Transfer,825.29,15,701.5,2,1403.0,Enterprise,1,0.44,1
Europe,HP,Desktop,i3,Intel UHD,8,2048,Windows 10,Blue,Retail Store,Bank Transfer,2110.61,5,2005.08,1,2005.08,Professional,1,0.5025,1
Europe,Samsung,Desktop,Ryzen 9,NVIDIA GTX 1650,32,1024,Windows 10,Silver,Retail Store,Debit Card,961.37,15,817.16,3,2451.48,Enterprise,1,0.32,0
Europe,Apple,Gaming Laptop,i3,NVIDIA RTX 2060,8,512,macOS,Blue,Retail Store,Credit Card,2012.65,20,1610.12,1,1610.12,Gamer,0,0.325,0
Europe,Asus,Desktop,i5,Intel UHD,4,512,macOS,White,Reseller,Debit Card,2074.69,20,1659.75,3,4979.25,Enterprise,0,0.39,1
North America,Razer,Desktop,i5,Intel UHD,8,512,macOS,White,Reseller,Bank Transfer,606.22,10,545.6,2,1091.2,Student,0,0.4075,1
North America,HP,Desktop,M1,NVIDIA RTX 2060,32,256,Linux,Black,Reseller,Bank Transfer,2163.57,10,1947.21,2,3894.42,Enterprise,0,0.445,1
North America,MSI,Gaming Laptop,i7,NVIDIA RTX 2060,4,256,Linux,Black,Reseller,PayPal,1614.05,0,1614.05,2,3228.1,Professional,0,0.3625,1
Asia-Pacific,HP,Gaming Laptop,M2,NVIDIA RTX 2060,32,512,Windows 10,White,Retail Store,Bank Transfer,442.5,20,354.0,2,708.0,Student,1,0.3325,0
Europe,Apple,Desktop,M1,AMD Radeon Vega,8,2048,macOS,Black,Online,Debit Card,1142.47,20,913.98,1,913.98,Enterprise,0,0.5325,1
Europe,Dell,Gaming Laptop,i3,NVIDIA RTX 2060,8,1024,Windows 10,Gray,Online,Bank Transfer,2546.22,0,2546.22,1,2546.22,Enterprise,0,0.345,0
North America,Asus,Gaming Laptop,M1,Intel Iris,8,512,Windows 11,Gray,Online,PayPal,832.69,5,791.06,1,791.06,Student,1,0.4425,1
North America,Dell,All-in-One,i9,Intel UHD,8,2048,Linux,Silver,Reseller,Debit Card,1190.36,5,1130.84,1,1130.84,Student,0,0.345,0
Asia-Pacific,Asus,All-in-One,Ryzen 5,NVIDIA RTX 2060,16,256,macOS,Black,Reseller,Bank Transfer,1383.1,0,1383.1,2,2766.2,Student,0,0.4,1
Asia-Pacific,Asus,Laptop,i3,NVIDIA GTX 1650,4,2048,Linux,Black,Retail Store,PayPal,1043.09,5,990.94,3,2972.82,Enterprise,0,0.37,1
Asia-Pacific,MSI,All-in-One,Ryzen 9,NVIDIA GTX 1650,8,256,macOS,Silver,Retail Store,Debit Card,607.75,20,486.2,1,486.2,Professional,0,0.35,1
Europe,MSI,All-in-One,Ryzen 7,NVIDIA RTX 3060,16,1024,macOS,Silver,Reseller,Debit Card,2507.28,5,2381.92,2,4763.84,Student,0,0.3875,1
North America,HP,All-in-One,i3,NVIDIA RTX 2060,32,1024,macOS,Black,Reseller,Bank Transfer,1038.41,0,1038.41,1,1038.41,Student,0,0.4375,1
North America,Microsoft,Laptop,M1,NVIDIA GTX 1650,16,256,Linux,White,Reseller,Credit Card,1566.43,0,1566.43,2,3132.86,Enterprise,0,0.4025,1
Europe,HP,Laptop,M2,NVIDIA RTX 2060,8,2048,Windows 11,Gray,Online,PayPal,2980.66,10,2682.59,3,8047.77,Professional,0,0.4225,1
Asia-Pacific,Apple,Laptop,i5,AMD Radeon Vega,16,2048,macOS,Blue,Retail Store,PayPal,2734.2,20,2187.36,2,4374.72,Professional,1,0.515,1
Europe,Asus,Gaming Laptop,M1,AMD Radeon Vega,8,2048,macOS,White,Retail Store,PayPal,2381.85,20,1905.48,1,1905.48,Gamer,1,0.4,1
Asia-Pacific,HP,Gaming Laptop,Ryzen 5,Intel UHD,8,2048,Windows 10,Silver,Retail Store,Bank Transfer,2636.2,0,2636.2,1,2636.2,Enterprise,1,0.335,0
Europe,Microsoft,All-in-One,i3,NVIDIA GTX 1650,16,1024,Windows 11,Silver,Online,Bank Transfer,2686.98,10,2418.28,2,4836.56,Student,0,0.3775,1
Asia-Pacific,Samsung,Gaming Laptop,i3,NVIDIA RTX 2060,8,2048,Windows 10,Gray,Retail Store,Debit Card,1679.04,10,1511.14,3,4533.42,Student,0,0.3275,0
North America,Microsoft,Laptop,i3,Intel UHD,4,2048,Windows 10,White,Online,PayPal,774.98,15,658.73,1,658.73,Enterprise,0,0.38,1
North America,HP,All-in-One,Ryzen 5,NVIDIA RTX 2060,32,256,Windows 11,White,Retail Store,Debit Card,1187.09,0,1187.09,3,3561.27,Student,1,0.4025,1
North America,MSI,Desktop,Ryzen 5,Intel Iris,32,256,Windows 11,Silver,Online,Debit Card,1862.73,0,1862.73,1,1862.73,Enterprise,1,0.44,1
Asia-Pacific,Samsung,Desktop,i9,Intel Iris,16,256,macOS,Silver,Reseller,Debit Card,2738.44,0,2738.44,1,2738.44,Gamer,0,0.4275,1
Europe,Acer,All-in-One,Ryzen 7,NVIDIA RTX 2060,4,1024,Linux,Gray,Retail Store,Bank Transfer,2451.86,10,2206.67,1,2206.67,Enterprise,1,0.3275,0
North America,Apple,Gaming Laptop,Ryzen 5,AMD Radeon Vega,32,512,macOS,Black,Reseller,PayPal,1156.06,20,924.85,1,924.85,Gamer,1,0.5075,1
Europe,Apple,Laptop,i3,Intel UHD,8,2048,macOS,Silver,Retail Store,PayPal,1227.84,15,1043.66,3,3130.98,Professional,0,0.22,0
North America,Microsoft,Desktop,Ryzen 9,AMD Radeon Vega,32,512,macOS,Silver,Online,Debit Card,2592.16,15,2203.34,3,6610.02,Gamer,0,0.41,1
Europe,Razer,Gaming Laptop,i3,Intel UHD,32,512,Windows 10,Blue,Online,Bank Transfer,755.06,20,604.05,1,604.05,Student,0,0.4275,1
Europe,Microsoft,Laptop,Ryzen 9,AMD Radeon Vega,32,512,Windows 11,Black,Online,Bank Transfer,541.35,15,460.15,3,1380.45,Enterprise,0,0.41,1
Europe,Lenovo,Desktop,i5,NVIDIA RTX 2060,32,512,Windows 10,Gray,Retail Store,Debit Card,894.55,15,760.37,3,2281.11,Student,1,0.3425,0
North America,Razer,Gaming Laptop,i7,NVIDIA RTX 2060,32,1024,Windows 10,White,Online,Bank Transfer,1705.63,5,1620.35,3,4861.05,Professional,0,0.28,0
North America,Samsung,All-in-One,Ryzen 5,Intel UHD,32,2048,Windows 11,Silver,Online,PayPal,1748.57,0,1748.57,3,5245.71,Gamer,1,0.4275,1
North America,MSI,Desktop,i3,NVIDIA RTX 3060,4,256,Windows 10,Silver,Reseller,Credit Card,1439.38,20,1151.5,3,3454.5,Enterprise,0,0.285,0
Europe,Apple,Desktop,Ryzen 7,AMD Radeon Vega,32,2048,macOS,Blue,Online,Credit Card,1430.05,0,1430.05,2,2860.1,Student,1,0.36,1
North America,Apple,All-in-One,i9,NVIDIA RTX 2060,16,1024,macOS,Gray,Reseller,PayPal,2827.86,20,2262.29,2,4524.58,Gamer,1,0.4325,1
Asia-Pacific,Lenovo,Laptop,Ryzen 3,Intel UHD,8,512,Windows 10,Blue,Retail Store,Bank Transfer,1275.15,5,1211.39,1,1211.39,Student,0,0.4425,1
Asia-Pacific,Acer,Desktop,Ryzen 5,NVIDIA GTX 1650,32,2048,Linux,Blue,Online,PayPal,2702.9,0,2702.9,1,2702.9,Professional,0,0.3575,1
Europe,Razer,All-in-One,M1,NVIDIA GTX 1650,4,256,Linux,Black,Online,PayPal,465.71,5,442.42,1,442.42,Professional,0,0.4625,1
Asia-Pacific,Dell,Laptop,i7,NVIDIA GTX 1650,8,256,macOS,Black,Retail Store,Credit Card,601.19,10,541.07,1,541.07,Gamer,0,0.4725,1
Asia-Pacific,Dell,Laptop,Ryzen 3,NVIDIA RTX 3060,4,2048,Windows 11,Blue,Reseller,Debit Card,1204.36,5,1144.14,3,3432.42,Professional,1,0.4275,1
North America,MSI,Laptop,i9,NVIDIA GTX 1650,16,512,Linux,Blue,Reseller,Credit Card,1998.55,10,1798.69,2,3597.38,Professional,0,0.385,1
North America,Lenovo,All-in-One,Ryzen 7,NVIDIA RTX 3060,16,256,macOS,Silver,Online,Debit Card,708.28,20,566.62,1,566.62,Professional,1,0.3,0
Europe,Razer,Gaming Laptop,i3,NVIDIA RTX 3060,4,256,Windows 10,Blue,Reseller,Credit Card,2885.48,15,2452.66,3,7357.98,Professional,0,0.465,1
Europe,HP,Gaming Laptop,M1,NVIDIA GTX 1650,4,256,macOS,Blue,Online,PayPal,890.38,15,756.82,2,1513.64,Gamer,0,0.37,1
Asia-Pacific,Razer,Desktop,Ryzen 3,AMD Radeon Vega,32,256,Windows 10,White,Retail Store,Credit Card,2035.51,20,1628.41,1,1628.41,Gamer,0,0.3875,1
North America,Acer,Laptop,i3,NVIDIA RTX 3060,8,1024,Linux,Gray,Retail Store,Debit Card,1451.8,0,1451.8,3,4355.4,Enterprise,0,0.3675,1
Asia-Pacific,Apple,Laptop,i7,AMD Radeon Vega,16,2048,macOS,Gray,Reseller,PayPal,2905.31,5,2760.04,2,5520.08,Professional,1,0.4925,1
Europe,HP,All-in-One,Ryzen 5,AMD Radeon Vega,4,256,Windows 10,Blue,Retail Store,PayPal,1378.63,0,1378.63,2,2757.26,Professional,0,0.365,1
North America,HP,Laptop,i7,Intel UHD,32,512,Windows 11,Gray,Retail Store,Debit Card,2475.04,0,2475.04,1,2475.04,Professional,0,0.38,1
Europe,Samsung,All-in-One,Ryzen 5,AMD Radeon Vega,8,2048,Linux,Black,Reseller,Bank Transfer,2959.0,15,2515.15,2,5030.3,Gamer,0,0.46,1
North America,Asus,Laptop,M2,NVIDIA GTX 1650,32,2048,Linux,Silver,Retail Store,Bank Transfer,2867.88,20,2294.3,2,4588.6,Enterprise,0,0.41,1
North America,Samsung,Laptop,i3,Intel Iris,4,1024,Windows 10,White,Online,Debit Card,556.86,5,529.02,2,1058.04,Student,0,0.2375,0
North America,Lenovo,Laptop,Ryzen 5,AMD Radeon Vega,4,256,Linux,Black,Online,Credit Card,2752.7,0,2752.7,1,2752.7,Gamer,1,0.395,1
Asia-Pacific,Dell,Laptop,i9,NVIDIA GTX 1650,8,256,Linux,Silver,Reseller,PayPal,1579.62,0,1579.62,1,1579.62,Professional,1,0.515,1
Asia-Pacific,MSI,Gaming Laptop,Ryzen 9,NVIDIA GTX 1650,16,2048,Windows 11,Black,Online,PayPal,1591.89,15,1353.11,2,2706.22,Gamer,0,0.405,1
Asia-Pacific,Dell,All-in-One,Ryzen 3,NVIDIA GTX 1650,32,1024,macOS,White,Online,Bank Transfer,2891.91,5,2747.31,1,2747.31,Student,0,0.475,1
Europe,Microsoft,Desktop,i7,Intel Iris,4,1024,macOS,White,Reseller,PayPal,1193.34,15,1014.34,2,2028.68,Student,0,0.3975,1
North America,Dell,Laptop,M2,Intel UHD,8,1024,Windows 11,Black,Online,Credit Card,2432.5,5,2310.88,1,2310.88,Professional,0,0.4375,1
Asia-Pacific,Acer,Desktop,Ryzen 9,NVIDIA GTX 1650,32,256,macOS,Black,Online,Debit Card,1738.16,20,1390.53,2,2781.06,Enterprise,1,0.37,1
Asia-Pacific,MSI,All-in-One,M1,NVIDIA GTX 1650,32,2048,Windows 11,Black,Retail Store,Bank Transfer,1682.94,0,1682.94,2,3365.88,Student,0,0.45,1
Europe,Asus,Laptop,M2,Intel UHD,8,1024,Linux,Silver,Retail Store,Bank Transfer,2884.87,20,2307.9,2,4615.8,Gamer,1,0.33,0
Asia-Pacific,HP,Laptop,i7,NVIDIA RTX 2060,16,1024,Windows 11,Gray,Retail Store,Bank Transfer,2056.89,15,1748.36,1,1748.36,Enterprise,0,0.45,1
North America,Samsung,All-in-One,Ryzen 5,Intel Iris,4,256,Linux,Black,Online,Credit Card,2655.11,20,2124.09,3,6372.27,Student,0,0.435,1
Europe,Dell,Laptop,Ryzen 3,NVIDIA RTX 3060,32,1024,Windows 10,White,Reseller,Debit Card,1483.51,20,1186.81,1,1186.81,Professional,1,0.38,1
North America,Apple,Gaming Laptop,i7,AMD Radeon Vega,8,512,macOS,Silver,Online,Credit Card,2177.17,20,1741.74,2,3483.48,Enterprise,1,0.4575,1
Europe,Dell,Laptop,i7,NVIDIA RTX 3060,16,2048,macOS,White,Online,PayPal,1617.86,5,1536.97,3,4610.91,Gamer,1,0.4425,1
Europe,Microsoft,Laptop,i9,NVIDIA RTX 2060,16,512,macOS,Gray,Reseller,Debit Card,621.61,10,559.45,3,1678.35,Professional,1,0.38,1
Europe,HP,Desktop,i9,NVIDIA GTX 1650,16,512,macOS,Black,Online,Debit Card,508.04,15,431.83,2,863.66,Professional,0,0.4,1
Asia-Pacific,Samsung,Laptop,i7,NVIDIA RTX 2060,8,2048,Windows 11,Gray,Reseller,PayPal,2687.54,10,2418.79,1,2418.79,Student,1,0.4075,1
Asia-Pacific,Samsung,Laptop,Ryzen 5,AMD Radeon Vega,8,256,Linux,Silver,Online,Credit Card,1040.85,5,988.81,2,1977.62,Professional,1,0.3,0
North America,Lenovo,Gaming Laptop,Ryzen 7,Intel Iris,8,256,macOS,Gray,Reseller,Debit Card,555.08,15,471.82,1,471.82,Professional,0,0.4,1
Europe,Microsoft,All-in-One,Ryzen 5,Intel UHD,4,256,Windows 11,Blue,Online,Credit Card,2469.36,10,2222.42,1,2222.42,Enterprise,0,0.3525,1
North America,Razer,Desktop,i7,AMD Radeon Vega,32,256,Windows 10,Silver,Reseller,Debit Card,878.94,15,747.1,2,1494.2,Enterprise,0,0.4075,1
Europe,MSI,Gaming Laptop,i5,NVIDIA GTX 1650,4,512,macOS,White,Online,Credit Card,827.43,0,827.43,3,2482.29,Student,1,0.31,0
Europe,Asus,Laptop,Ryzen 5,Intel UHD,8,512,macOS,Blue,Retail Store,Credit Card,499.59,15,424.65,3,1273.95,Student,0,0.3675,1
Asia-Pacific,MSI,Laptop,M2,NVIDIA RTX 3060,16,1024,Linux,Silver,Online,PayPal,2863.49,0,2863.49,2,5726.98,Professional,0,0.4525,1
Asia-Pacific,Asus,All-in-One,i9,Intel UHD,8,512,Linux,Black,Online,Bank Transfer,442.76,20,354.21,2,708.42,Professional,1,0.3675,1
North America,Microsoft,Desktop,i5,NVIDIA RTX 3060,4,512,Windows 11,Blue,Retail Store,Debit Card,2883.91,10,2595.52,2,5191.04,Enterprise,1,0.365,1
North America,Dell,Desktop,i9,NVIDIA RTX 2060,16,512,macOS,Black,Retail Store,PayPal,2633.38,20,2106.7,1,2106.7,Enterprise,0,0.4075,1
North America,Microsoft,Laptop,M2,NVIDIA RTX 2060,16,1024,macOS,White,Retail Store,Bank Transfer,2999.73,20,2399.78,3,7199.34,Professional,1,0.3775,1
Asia-Pacific,Dell,Desktop,Ryzen 5,Intel UHD,8,2048,macOS,Black,Online,PayPal,2675.02,20,2140.02,3,6420.06,Student,0,0.42,1
North America,Dell,Laptop,M2,AMD Radeon Vega,4,512,Windows 11,Gray,Reseller,Bank Transfer,1153.11,10,1037.8,1,1037.8,Gamer,0,0.4525,1
Asia-Pacific,Lenovo,Laptop,i7,NVIDIA GTX 1650,16,512,Windows 11,Blue,Reseller,Credit Card,1048.06,10,943.25,3,2829.75,Professional,0,0.4175,1
North America,MSI,Gaming Laptop,Ryzen 7,AMD Radeon Vega,8,256,macOS,Silver,Online,Credit Card,961.88,15,817.6,3,2452.8,Student,1,0.4075,1
North America,Acer,Gaming Laptop,M1,NVIDIA RTX 3060,4,256,macOS,White,Online,Debit Card,2183.17,10,1964.85,2,3929.7,Professional,0,0.445,1
North America,Asus,All-in-One,i9,AMD Radeon Vega,4,2048,Windows 11,Black,Online,Bank Transfer,2359.71,15,2005.75,1,2005.75,Student,0,0.445,1
Europe,Asus,Laptop,M2,Intel Iris,16,2048,Linux,White,Online,Debit Card,1019.22,0,1019.22,2,2038.44,Enterprise,1,0.4025,1
Europe,Razer,Desktop,M1,Intel UHD,8,2048,Linux,Black,Retail Store,Debit Card,2141.04,5,2033.99,2,4067.98,Gamer,0,0.405,1
North America,Acer,Desktop,i3,Intel Iris,8,512,Windows 11,Blue,Online,Debit Card,1657.7,0,1657.7,3,4973.1,Gamer,1,0.395,1
Europe,Razer,Laptop,M2,NVIDIA GTX 1650,4,1024,Windows 11,Silver,Reseller,Credit Card,865.81,15,735.94,1,735.94,Gamer,1,0.38,1
Europe,Lenovo,All-in-One,M2,Intel Iris,16,256,Windows 10,Black,Retail Store,Debit Card,2065.97,5,1962.67,2,3925.34,Gamer,1,0.3975,1
North America,Apple,Laptop,i7,AMD Radeon Vega,4,2048,macOS,White,Online,Credit Card,1091.55,0,1091.55,3,3274.65,Professional,1,0.255,0
North America,HP,All-in-One,i9,Intel Iris,32,512,Windows 11,White,Retail Store,Credit Card,2851.82,15,2424.05,1,2424.05,Professional,0,0.3175,0
North America,Acer,Desktop,i3,Intel UHD,32,512,Windows 10,Gray,Reseller,Debit Card,690.14,5,655.63,1,655.63,Student,1,0.36,1
Europe,HP,Gaming Laptop,Ryzen 7,Intel Iris,32,512,Linux,White,Retail Store,Credit Card,1800.89,0,1800.89,2,3601.78,Gamer,0,0.345,0
Europe,Acer,All-in-One,Ryzen 7,Intel Iris,8,256,Windows 10,White,Retail Store,Credit Card,615.92,5,585.12,1,585.12,Student,0,0.355,1
Europe,Lenovo,Desktop,i9,Intel Iris,32,256,Windows 10,Silver,Online,Credit Card,763.26,10,686.93,1,686.93,Student,1,0.3625,1
Asia-Pacific,Razer,Laptop,Ryzen 9,NVIDIA RTX 3060,16,2048,Windows 10,Black,Online,Bank Transfer,950.86,15,808.23,3,2424.69,Student,0,0.465,1
Asia-Pacific,Apple,Laptop,M1,NVIDIA GTX 1650,4,2048,macOS,Black,Online,PayPal,2476.22,5,2352.41,2,4704.82,Gamer,0,0.3575,1
Europe,MSI,All-in-One,i5,NVIDIA RTX 3060,8,256,Windows 10,Silver,Retail Store,Debit Card,2337.71,0,2337.71,1,2337.71,Enterprise,0,0.255,0
Asia-Pacific,Microsoft,Gaming Laptop,i9,Intel UHD,8,1024,macOS,Black,Retail Store,Debit Card,2736.94,5,2600.09,1,2600.09,Student,0,0.4075,1
North America,Asus,Laptop,M2,AMD Radeon Vega,8,1024,Linux,White,Retail Store,Bank Transfer,868.17,15,737.94,2,1475.88,Student,1,0.345,0
Asia-Pacific,Dell,Desktop,i3,Intel UHD,16,512,Windows 10,Blue,Retail Store,Debit Card,2524.05,15,2145.44,2,4290.88,Gamer,0,0.4175,1
Asia-Pacific,Razer,Gaming Laptop,Ryzen 9,Intel Iris,8,256,Linux,Silver,Online,Credit Card,1875.11,5,1781.35,3,5344.05,Gamer,0,0.365,1
Europe,Asus,Desktop,i3,Intel Iris,8,512,Linux,Silver,Online,Debit Card,592.94,5,563.29,1,563.29,Gamer,0,0.315,0
North America,Microsoft,Desktop,Ryzen 3,NVIDIA RTX 3060,16,1024,Linux,White,Retail Store,Credit Card,1447.01,5,1374.66,2,2749.32,Gamer,0,0.365,1
North America,Lenovo,All-in-One,i7,Intel Iris,16,1024,Windows 10,Black,Reseller,Debit Card,2942.87,20,2354.3,2,4708.6,Student,0,0.36,1
North America,Acer,All-in-One,Ryzen 9,Intel UHD,32,2048,Linux,Blue,Retail Store,Bank Transfer,1861.86,5,1768.77,3,5306.31,Gamer,1,0.3425,0
Asia-Pacific,MSI,Gaming Laptop,M1,NVIDIA RTX 3060,4,256,Windows 11,Black,Reseller,Bank Transfer,1754.7,15,1491.49,1,1491.49,Enterprise,0,0.3675,1
North America,Lenovo,All-in-One,i3,NVIDIA GTX 1650,32,2048,Linux,Silver,Retail Store,Credit Card,2091.24,20,1672.99,1,1672.99,Enterprise,0,0.47,1
North America,Razer,All-in-One,M2,AMD Radeon Vega,8,2048,macOS,White,Retail Store,Credit Card,2019.24,10,1817.32,2,3634.64,Enterprise,0,0.4375,1
North America,Dell,Desktop,i7,NVIDIA RTX 2060,8,2048,macOS,White,Retail Store,Credit Card,1012.6,5,961.97,3,2885.91,Professional,1,0.42,1
North America,Asus,Desktop,M1,NVIDIA GTX 1650,8,2048,Windows 11,Gray,Retail Store,Credit Card,2183.05,10,1964.75,3,5894.25,Enterprise,1,0.435,1
Asia-Pacific,HP,Laptop,Ryzen 9,NVIDIA GTX 1650,32,512,Linux,Blue,Online,Credit Card,2936.44,5,2789.62,2,5579.24,Gamer,1,0.43,1
Asia-Pacific,Acer,All-in-One,M1,NVIDIA RTX 3060,16,1024,Windows 10,Silver,Retail Store,Bank Transfer,1929.4,0,1929.4,3,5788.2,Professional,0,0.3525,1
Asia-Pacific,HP,Laptop,Ryzen 7,NVIDIA GTX 1650,4,512,Linux,Silver,Retail Store,PayPal,1770.81,20,1416.65,3,4249.95,Gamer,1,0.3375,0
North America,MSI,Desktop,Ryzen 9,Intel UHD,16,2048,Windows 11,Black,Online,Credit Card,2627.36,20,2101.89,3,6305.67,Enterprise,1,0.43,1
Asia-Pacific,Asus,All-in-One,i5,Intel UHD,16,1024,Windows 11,Blue,Reseller,Bank Transfer,1856.86,10,1671.17,1,1671.17,Professional,0,0.4,1
Asia-Pacific,Apple,Laptop,i9,NVIDIA RTX 3060,16,1024,macOS,Gray,Retail Store,Debit Card,572.15,5,543.54,2,1087.08,Gamer,0,0.2825,0
North America,Dell,All-in-One,i3,Intel Iris,16,1024,macOS,Gray,Online,Debit Card,2445.4,20,1956.32,2,3912.64,Enterprise,0,0.57,1
Asia-Pacific,Microsoft,Gaming Laptop,Ryzen 7,NVIDIA RTX 3060,4,256,Linux,White,Retail Store,Debit Card,2812.53,20,2250.02,2,4500.04,Enterprise,1,0.375,1
Asia-Pacific,Lenovo,All-in-One,Ryzen 3,Intel Iris,8,512,macOS,Black,Retail Store,Bank Transfer,2014.32,5,1913.6,3,5740.8,Student,1,0.3825,1
Asia-Pacific,Samsung,Gaming Laptop,Ryzen 5,NVIDIA RTX 3060,16,512,Windows 11,Gray,Retail Store,PayPal,988.12,0,988.12,2,1976.24,Gamer,1,0.3675,1
North America,Asus,Gaming Laptop,Ryzen 7,NVIDIA RTX 3060,32,512,Linux,Black,Reseller,PayPal,463.99,0,463.99,3,1391.97,Professional,1,0.4675,1
Europe,Razer,Gaming Laptop,i9,NVIDIA RTX 3060,32,256,Linux,Blue,Retail Store,Credit Card,1608.38,0,1608.38,1,1608.38,Enterprise,0,0.4575,1
North America,Apple,Desktop,i7,Intel Iris,32,2048,macOS,White,Retail Store,PayPal,1081.5,20,865.2,2,1730.4,Professional,0,0.4225,1
Asia-Pacific,Samsung,Desktop,i5,Intel Iris,4,1024,Windows 11,Gray,Reseller,Credit Card,1697.42,20,1357.94,1,1357.94,Student,0,0.375,1
Asia-Pacific,Asus,Laptop,i7,AMD Radeon Vega,32,2048,macOS,Gray,Retail Store,Credit Card,1401.84,10,1261.66,2,2523.32,Enterprise,0,0.4125,1
Asia-Pacific,Acer,All-in-One,Ryzen 9,AMD Radeon Vega,8,256,Linux,Gray,Reseller,Debit Card,2670.52,15,2269.94,2,4539.88,Gamer,1,0.365,1
North America,Samsung,Laptop,M2,NVIDIA RTX 3060,4,1024,Windows 10,Silver,Retail Store,Debit Card,450.47,5,427.95,1,427.95,Enterprise,0,0.42,1
Asia-Pacific,Apple,Gaming Laptop,i7,AMD Radeon Vega,4,2048,macOS,Blue,Online,PayPal,769.26,5,730.8,3,2192.4,Gamer,0,0.405,1
Asia-Pacific,Microsoft,Desktop,M1,AMD Radeon Vega,16,2048,Windows 11,Blue,Online,Debit Card,2987.39,10,2688.65,2,5377.3,Professional,0,0.3775,1
Asia-Pacific,Lenovo,All-in-One,M1,AMD Radeon Vega,16,512,Windows 11,Black,Online,Debit Card,826.3,5,784.98,3,2354.94,Professional,0,0.4325,1
North America,Acer,Laptop,M2,NVIDIA RTX 3060,4,1024,macOS,Black,Online,PayPal,1020.17,15,867.14,2,1734.28,Enterprise,0,0.4125,1
Europe,Lenovo,Gaming Laptop,M1,NVIDIA GTX 1650,4,256,Windows 10,Silver,Online,Bank Transfer,2769.67,10,2492.7,2,4985.4,Gamer,1,0.2525,0
Europe,HP,Laptop,Ryzen 9,NVIDIA GTX 1650,16,2048,Windows 11,White,Reseller,Credit Card,2270.66,5,2157.13,2,4314.26,Professional,0,0.4,1
North America,Samsung,All-in-One,i5,NVIDIA RTX 2060,16,1024,Windows 11,White,Online,Bank Transfer,2654.43,15,2256.27,3,6768.81,Enterprise,0,0.4525,1
Asia-Pacific,Acer,Desktop,i5,AMD Radeon Vega,4,256,Linux,Gray,Retail Store,Bank Transfer,2723.94,15,2315.35,1,2315.35,Student,0,0.3575,1
Asia-Pacific,Lenovo,All-in-One,i5,NVIDIA RTX 3060,4,256,Linux,White,Reseller,Debit Card,1827.19,0,1827.19,2,3654.38,Enterprise,0,0.435,1
North America,HP,Gaming Laptop,i9,AMD Radeon Vega,16,256,Linux,Blue,Reseller,Bank Transfer,666.81,5,633.47,2,1266.94,Student,1,0.4125,1
North America,Lenovo,Laptop,i7,Intel Iris,4,1024,macOS,Gray,Retail Store,Bank Transfer,934.36,5,887.64,2,1775.28,Enterprise,0,0.3875,1
Asia-Pacific,Microsoft,Desktop,M1,NVIDIA GTX 1650,32,2048,Windows 11,Black,Reseller,Bank Transfer,2532.29,20,2025.83,1,2025.83,Student,0,0.4275,1
Asia-Pacific,Samsung,All-in-One,i3,Intel Iris,16,2048,macOS,Black,Retail Store,Bank Transfer,1205.11,10,1084.6,1,1084.6,Student,1,0.385,1
Asia-Pacific,Samsung,Gaming Laptop,M1,Intel Iris,32,2048,macOS,White,Reseller,Credit Card,891.25,20,713.0,1,713.0,Professional,1,0.3175,0
North America,Microsoft,Desktop,Ryzen 9,NVIDIA RTX 3060,4,512,macOS,White,Online,Credit Card,2704.53,20,2163.62,2,4327.24,Professional,0,0.48,1
North America,Lenovo,Laptop,Ryzen 9,Intel UHD,16,2048,macOS,Gray,Reseller,Credit Card,1499.34,15,1274.44,1,1274.44,Enterprise,1,0.3825,1
Asia-Pacific,HP,Desktop,i5,AMD Radeon Vega,32,2048,macOS,Gray,Retail Store,Credit Card,468.51,10,421.66,2,843.32,Enterprise,1,0.395,1
Europe,Samsung,All-in-One,Ryzen 9,Intel UHD,32,2048,Linux,White,Online,Credit Card,2601.51,10,2341.36,2,4682.72,Enterprise,0,0.395,1
Asia-Pacific,Asus,Gaming Laptop,M1,NVIDIA RTX 2060,8,2048,Linux,Blue,Retail Store,Credit Card,444.17,5,421.96,1,421.96,Gamer,0,0.3625,1
Europe,Lenovo,All-in-One,Ryzen 9,NVIDIA GTX 1650,32,512,macOS,Blue,Retail Store,Debit Card,848.05,20,678.44,1,678.44,Gamer,1,0.3325,0
Europe,HP,Gaming Laptop,M1,NVIDIA RTX 3060,32,1024,Linux,White,Retail Store,Debit Card,2863.86,10,2577.47,2,5154.94,Professional,0,0.3725,1
Europe,Asus,Gaming Laptop,Ryzen 7,NVIDIA GTX 1650,8,1024,macOS,White,Reseller,Bank Transfer,959.44,10,863.5,1,863.5,Gamer,0,0.44,1
Asia-Pacific,Apple,Laptop,Ryzen 9,Intel UHD,16,256,macOS,Blue,Online,Credit Card,1585.36,15,1347.56,2,2695.12,Professional,1,0.3725,1
North America,Dell,All-in-One,i7,Intel UHD,32,512,macOS,Black,Online,Bank Transfer,1202.9,20,962.32,2,1924.64,Student,0,0.4075,1
Asia-Pacific,Dell,Desktop,i7,Intel Iris,16,1024,Windows 11,Gray,Reseller,PayPal,2049.32,10,1844.39,2,3688.78,Enterprise,1,0.385,1
Europe,Microsoft,Laptop,M2,Intel Iris,8,2048,Windows 10,Gray,Retail Store,Bank Transfer,1444.6,15,1227.91,2,2455.82,Enterprise,0,0.3925,1
North America,Samsung,Gaming Laptop,i3,Intel Iris,32,2048,Windows 10,Gray,Retail Store,PayPal,553.69,5,526.01,1,526.01,Enterprise,0,0.375,1
Europe,Lenovo,Laptop,Ryzen 5,AMD Radeon Vega,32,256,macOS,Silver,Online,Bank Transfer,606.04,5,575.74,1,575.74,Student,0,0.3475,0
Europe,Asus,Laptop,i5,NVIDIA RTX 2060,32,256,Windows 10,Silver,Reseller,PayPal,2008.48,15,1707.21,1,1707.21,Gamer,0,0.375,1
North America,Apple,All-in-One,Ryzen 3,Intel UHD,4,512,macOS,Black,Online,Credit Card,1360.97,20,1088.78,1,1088.78,Gamer,1,0.435,1
Asia-Pacific,MSI,Laptop,i5,NVIDIA RTX 2060,32,1024,Windows 10,Gray,Online,PayPal,2639.16,10,2375.24,3,7125.72,Enterprise,0,0.325,0
North America,Asus,Desktop,Ryzen 3,NVIDIA RTX 3060,32,512,Windows 11,White,Online,Credit Card,1777.24,10,1599.52,2,3199.04,Student,1,0.43,1
Asia-Pacific,Lenovo,Desktop,Ryzen 9,NVIDIA RTX 3060,4,1024,Linux,Blue,Retail Store,Credit Card,704.98,10,634.48,1,634.48,Gamer,1,0.425,1
Europe,Asus,All-in-One,i7,Intel Iris,4,2048,Windows 10,Black,Online,PayPal,2722.44,20,2177.95,1,2177.95,Student,0,0.335,0
North America,Dell,All-in-One,Ryzen 5,Intel Iris,32,512,Linux,White,Reseller,Debit Card,453.91,0,453.91,3,1361.73,Student,1,0.335,0
Europe,HP,Laptop,i9,NVIDIA GTX 1650,16,256,Windows 11,Gray,Reseller,PayPal,1165.7,0,1165.7,3,3497.1,Enterprise,0,0.4425,1
Asia-Pacific,Dell,Laptop,Ryzen 9,NVIDIA RTX 3060,32,2048,Windows 10,Black,Online,Debit Card,1899.17,10,1709.25,2,3418.5,Student,0,0.405,1
Europe,HP,All-in-One,Ryzen 9,Intel UHD,4,1024,Windows 11,Black,Retail Store,Credit Card,2423.94,20,1939.15,2,3878.3,Student,0,0.365,1
North America,Acer,Desktop,i3,Intel Iris,16,1024,Windows 11,Blue,Retail Store,Bank Transfer,1982.29,20,1585.83,3,4757.49,Gamer,0,0.4225,1
Europe,Razer,Desktop,Ryzen 7,Intel UHD,8,1024,macOS,Blue,Reseller,Bank Transfer,567.39,10,510.65,3,1531.95,Enterprise,1,0.37,1
Asia-Pacific,Razer,Laptop,Ryzen 3,AMD Radeon Vega,32,2048,Windows 10,Silver,Retail Store,PayPal,2299.2,15,1954.32,1,1954.32,Gamer,0,0.4075,1
Europe,Razer,Gaming Laptop,Ryzen 5,Intel Iris,8,512,macOS,Silver,Online,Credit Card,574.19,20,459.35,1,459.35,Professional,1,0.295,0
Europe,Samsung,Gaming Laptop,M1,NVIDIA GTX 1650,8,2048,Linux,Gray,Online,Credit Card,617.85,10,556.07,1,556.07,Student,0,0.335,0
Europe,Microsoft,Gaming Laptop,i9,AMD Radeon Vega,4,2048,Linux,Gray,Online,Bank Transfer,1617.57,5,1536.69,2,3073.38,Student,0,0.3375,0
Europe,HP,All-in-One,Ryzen 3,NVIDIA RTX 2060,16,256,macOS,Gray,Online,Credit Card,1891.2,5,1796.64,3,5389.92,Enterprise,0,0.45,1
Europe,Razer,Desktop,Ryzen 9,NVIDIA GTX 1650,8,512,macOS,Gray,Online,PayPal,1862.47,0,1862.47,3,5587.41,Gamer,1,0.285,0
North America,Razer,All-in-One,Ryzen 3,NVIDIA RTX 3060,32,256,Windows 11,Blue,Reseller,Credit Card,1389.85,5,1320.36,3,3961.08,Professional,1,0.4125,1
North America,MSI,Desktop,Ryzen 3,AMD Radeon Vega,32,1024,Windows 10,Blue,Online,Debit Card,477.17,20,381.74,3,1145.22,Student,1,0.3875,1
Asia-Pacific,HP,All-in-One,Ryzen 5,AMD Radeon Vega,8,2048,Windows 11,White,Retail Store,Debit Card,787.71,0,787.71,2,1575.42,Professional,1,0.39,1
Europe,Microsoft,Gaming Laptop,Ryzen 7,NVIDIA RTX 3060,16,512,Windows 10,White,Reseller,PayPal,1816.41,0,1816.41,1,1816.41,Professional,1,0.325,0
Asia-Pacific,Microsoft,Gaming Laptop,Ryzen 3,AMD Radeon Vega,4,1024,Linux,Gray,Online,Bank Transfer,2505.79,15,2129.92,3,6389.76,Gamer,1,0.405,1
Asia-Pacific,Dell,Laptop,Ryzen 9,NVIDIA RTX 3060,8,512,Windows 11,Gray,Reseller,Bank Transfer,1112.45,5,1056.83,3,3170.49,Professional,1,0.4,1
Europe,MSI,Gaming Laptop,Ryzen 9,Intel UHD,16,2048,Linux,Silver,Reseller,PayPal,2120.92,15,1802.78,1,1802.78,Gamer,1,0.2875,0
Europe,HP,Gaming Laptop,M1,NVIDIA RTX 3060,4,1024,macOS,Silver,Retail Store,PayPal,1503.71,10,1353.34,2,2706.68,Professional,1,0.39,1
Europe,Acer,Desktop,i9,NVIDIA GTX 1650,4,1024,Linux,Silver,Reseller,Debit Card,749.55,5,712.07,2,1424.14,Gamer,1,0.3025,0
North America,Samsung,Desktop,Ryzen 5,Intel Iris,8,512,Windows 10,Blue,Online,PayPal,2592.42,5,2462.8,3,7388.4,Student,1,0.4425,1
Asia-Pacific,Asus,All-in-One,i3,AMD Radeon Vega,32,2048,macOS,Black,Reseller,Credit Card,2374.5,20,1899.6,2,3799.2,Student,0,0.525,1
North America,Apple,All-in-One,i5,NVIDIA RTX 3060,8,256,macOS,Blue,Retail Store,PayPal,1035.4,15,880.09,2,1760.18,Student,1,0.3825,1
Asia-Pacific,Razer,Desktop,Ryzen 3,NVIDIA RTX 3060,4,256,Windows 11,Gray,Online,Bank Transfer,2453.63,20,1962.9,1,1962.9,Enterprise,0,0.3725,1
North America,Dell,Laptop,M1,Intel UHD,32,2048,Windows 10,Gray,Reseller,Bank Transfer,2484.01,0,2484.01,3,7452.03,Student,0,0.3575,1
Europe,Razer,All-in-One,i9,NVIDIA GTX 1650,32,2048,Windows 10,Gray,Retail Store,PayPal,2834.65,15,2409.45,2,4818.9,Professional,1,0.3125,0
North America,Acer,Laptop,Ryzen 9,NVIDIA GTX 1650,4,256,macOS,Blue,Reseller,Bank Transfer,1989.82,15,1691.35,2,3382.7,Professional,1,0.39,1
North America,Asus,Laptop,i5,AMD Radeon Vega,32,2048,macOS,Blue,Reseller,PayPal,472.77,10,425.49,2,850.98,Gamer,0,0.4,1
Asia-Pacific,Lenovo,Desktop,Ryzen 9,Intel Iris,8,2048,Linux,Blue,Reseller,Bank Transfer,1279.42,15,1087.51,3,3262.53,Enterprise,0,0.395,1
Europe,Samsung,Desktop,M1,Intel UHD,32,512,macOS,Blue,Reseller,Debit Card,2287.71,20,1830.17,1,1830.17,Student,0,0.4525,1
North America,Asus,Gaming Laptop,Ryzen 3,NVIDIA RTX 3060,16,2048,Windows 11,Gray,Reseller,Bank Transfer,2725.52,20,2180.42,1,2180.42,Gamer,1,0.43,1
Europe,Razer,Desktop,M1,Intel Iris,4,256,macOS,White,Reseller,Bank Transfer,939.44,5,892.47,1,892.47,Professional,0,0.3725,1
Europe,Asus,All-in-One,M1,AMD Radeon Vega,8,256,Windows 10,Gray,Reseller,Credit Card,1168.5,10,1051.65,1,1051.65,Gamer,0,0.3575,1
Europe,Lenovo,Desktop,Ryzen 9,NVIDIA RTX 3060,16,256,Linux,Black,Reseller,PayPal,994.76,5,945.02,1,945.02,Enterprise,0,0.3925,1
North America,Asus,All-in-One,M2,AMD Radeon Vega,16,512,Windows 11,Blue,Retail Store,Bank Transfer,2067.22,20,1653.78,1,1653.78,Professional,0,0.4225,1
Asia-Pacific,Lenovo,All-in-One,Ryzen 7,NVIDIA RTX 3060,4,256,Linux,Silver,Online,PayPal,474.84,15,403.61,3,1210.83,Gamer,0,0.37,1
Europe,Acer,Desktop,Ryzen 9,NVIDIA GTX 1650,8,2048,Linux,Silver,Reseller,Credit Card,2695.44,20,2156.35,2,4312.7,Gamer,1,0.31,0
Europe,Acer,All-in-One,i9,NVIDIA RTX 3060,32,256,Linux,Black,Online,Credit Card,1219.97,10,1097.97,1,1097.97,Professional,0,0.365,1
North America,Samsung,All-in-One,M1,Intel Iris,4,256,Windows 11,Blue,Reseller,Credit Card,2312.2,15,1965.37,3,5896.11,Professional,0,0.345,0
North America,Microsoft,Laptop,Ryzen 7,NVIDIA RTX 2060,8,512,Windows 10,Gray,Reseller,PayPal,2040.65,15,1734.55,3,5203.65,Student,0,0.335,0
Europe,Apple,All-in-One,M1,Intel UHD,32,1024,macOS,White,Retail Store,Credit Card,2717.58,5,2581.7,1,2581.7,Enterprise,1,0.44,1
Asia-Pacific,Acer,Gaming Laptop,Ryzen 5,Intel Iris,16,1024,Windows 11,Silver,Online,PayPal,1154.92,20,923.94,3,2771.82,Student,0,0.3275,0
North America,Samsung,Gaming Laptop,M2,Intel UHD,32,1024,macOS,Silver,Online,Credit Card,923.51,5,877.33,1,877.33,Gamer,1,0.3,0
Asia-Pacific,Apple,Desktop,i9,AMD Radeon Vega,8,512,macOS,Silver,Online,Bank Transfer,2386.29,0,2386.29,2,4772.58,Student,1,0.335,0
North America,Acer,Desktop,i9,NVIDIA GTX 1650,4,1024,Windows 10,Gray,Retail Store,Bank Transfer,1430.73,10,1287.66,1,1287.66,Enterprise,0,0.4,1
Europe,Acer,All-in-One,M2,Intel Iris,4,2048,Windows 11,Black,Retail Store,Bank Transfer,2982.33,15,2534.98,1,2534.98,Professional,0,0.4075,1
Europe,Microsoft,All-in-One,i5,NVIDIA RTX 2060,16,256,Windows 11,Silver,Online,PayPal,2301.53,10,2071.38,1,2071.38,Student,1,0.3225,0
Europe,MSI,Desktop,Ryzen 9,Intel UHD,8,2048,Windows 11,Blue,Online,Debit Card,2258.57,15,1919.78,3,5759.34,Professional,0,0.325,0
North America,Lenovo,All-in-One,Ryzen 7,NVIDIA RTX 2060,16,2048,macOS,Silver,Reseller,Credit Card,1283.03,20,1026.42,2,2052.84,Enterprise,1,0.4075,1
North America,Acer,Gaming Laptop,i5,NVIDIA GTX 1650,4,256,Windows 11,Silver,Reseller,PayPal,906.29,15,770.35,2,1540.7,Enterprise,1,0.345,0
Asia-Pacific,Samsung,Desktop,i7,NVIDIA GTX 1650,4,256,macOS,Blue,Retail Store,Bank Transfer,596.34,10,536.71,1,536.71,Professional,1,0.41,1
Europe,Apple,Laptop,M1,NVIDIA RTX 3060,16,512,macOS,Blue,Retail Store,PayPal,433.53,20,346.82,2,693.64,Professional,0,0.41,1
North America,Microsoft,Gaming Laptop,Ryzen 9,NVIDIA RTX 2060,8,2048,Linux,Gray,Reseller,PayPal,2463.71,5,2340.52,3,7021.56,Student,0,0.36,1
Europe,Acer,Gaming Laptop,Ryzen 7,NVIDIA RTX 3060,16,1024,Linux,Gray,Reseller,PayPal,2378.81,20,1903.05,3,5709.15,Student,1,0.3875,1
Asia-Pacific,Dell,Desktop,Ryzen 7,NVIDIA RTX 3060,8,512,Linux,Blue,Reseller,Debit Card,2625.12,15,2231.35,2,4462.7,Professional,1,0.425,1
North America,Razer,All-in-One,i3,Intel UHD,4,512,macOS,Black,Retail Store,PayPal,2796.98,10,2517.28,2,5034.56,Gamer,1,0.435,1
Asia-Pacific,Acer,Gaming Laptop,M2,Intel Iris,16,256,Windows 11,Silver,Retail Store,PayPal,2521.9,5,2395.8,3,7187.4,Gamer,0,0.465,1
North America,HP,All-in-One,M1,NVIDIA RTX 2060,16,2048,macOS,Silver,Retail Store,Debit Card,546.64,0,546.64,2,1093.28,Student,1,0.3,0
Asia-Pacific,MSI,Laptop,Ryzen 5,Intel Iris,16,1024,Windows 10,Gray,Retail Store,Bank Transfer,530.49,0,530.49,1,530.49,Professional,0,0.3825,1
Asia-Pacific,Samsung,All-in-One,Ryzen 5,NVIDIA RTX 2060,8,512,Linux,Gray,Online,Bank Transfer,2338.79,10,2104.91,3,6314.73,Student,1,0.485,1
North America,Samsung,All-in-One,M2,NVIDIA RTX 2060,4,256,Windows 10,White,Online,Debit Card,1842.16,0,1842.16,3,5526.48,Gamer,1,0.345,0
North America,Microsoft,Desktop,Ryzen 5,AMD Radeon Vega,4,256,Linux,Gray,Retail Store,PayPal,1400.69,10,1260.62,3,3781.86,Professional,0,0.355,1
North America,Razer,All-in-One,i5,Intel UHD,8,512,macOS,Gray,Retail Store,Bank Transfer,737.64,5,700.76,3,2102.28,Professional,0,0.4,1
Asia-Pacific,Lenovo,All-in-One,M2,Intel UHD,4,256,Linux,Gray,Reseller,PayPal,731.7,5,695.12,3,2085.36,Gamer,1,0.3125,0
Europe,Lenovo,Gaming Laptop,i3,Intel Iris,4,256,macOS,Blue,Online,Debit Card,2033.27,10,1829.94,2,3659.88,Enterprise,1,0.4675,1
North America,Razer,All-in-One,i9,NVIDIA GTX 1650,4,256,Windows 11,White,Reseller,Bank Transfer,492.61,5,467.98,1,467.98,Student,0,0.415,1
Asia-Pacific,HP,Gaming Laptop,Ryzen 3,Intel Iris,8,256,Windows 10,Black,Online,Bank Transfer,895.25,15,760.96,3,2282.88,Student,1,0.4375,1
North America,Samsung,Laptop,Ryzen 3,Intel UHD,16,1024,Windows 10,Gray,Retail Store,Bank Transfer,1349.33,10,1214.4,1,1214.4,Student,1,0.4475,1
Europe,MSI,Desktop,i5,NVIDIA RTX 2060,32,512,Windows 11,Black,Retail Store,PayPal,2965.28,10,2668.75,1,2668.75,Enterprise,1,0.4125,1
Europe,Asus,All-in-One,M2,Intel Iris,16,256,Windows 10,White,Retail Store,Bank Transfer,947.74,20,758.19,3,2274.57,Student,1,0.375,1
North America,Lenovo,Gaming Laptop,Ryzen 9,Intel UHD,32,512,Windows 11,Blue,Retail Store,PayPal,2804.54,15,2383.86,1,2383.86,Gamer,0,0.4375,1
North America,Razer,Desktop,M1,Intel Iris,8,2048,Windows 11,Black,Online,PayPal,1525.94,10,1373.35,2,2746.7,Enterprise,0,0.42,1
Europe,MSI,Laptop,i9,NVIDIA RTX 2060,4,256,macOS,Silver,Reseller,Debit Card,2220.97,5,2109.92,2,4219.84,Enterprise,1,0.4975,1
North America,HP,Gaming Laptop,i7,NVIDIA GTX 1650,4,512,Windows 11,Blue,Reseller,Bank Transfer,1776.61,15,1510.12,1,1510.12,Student,0,0.35,1
North America,MSI,All-in-One,i5,AMD Radeon Vega,8,2048,Linux,Silver,Reseller,Bank Transfer,1025.35,10,922.81,2,1845.62,Gamer,1,0.355,1
North America,Dell,Gaming Laptop,Ryzen 5,NVIDIA RTX 3060,16,256,macOS,White,Online,Bank Transfer,2888.7,0,2888.7,1,2888.7,Enterprise,0,0.3975,1
North America,Razer,All-in-One,Ryzen 5,AMD Radeon Vega,32,2048,Windows 10,Black,Retail Store,Debit Card,1461.99,15,1242.69,2,2485.38,Student,0,0.5225,1
North America,Samsung,Desktop,M1,AMD Radeon Vega,4,1024,Windows 10,Black,Online,Credit Card,2271.56,20,1817.25,1,1817.25,Student,1,0.3575,1
North America,Microsoft,All-in-One,i3,AMD Radeon Vega,4,2048,Windows 11,Gray,Retail Store,Bank Transfer,2253.98,0,2253.98,2,4507.96,Student,1,0.385,1
Europe,Dell,Desktop,Ryzen 5,Intel Iris,32,2048,Linux,Silver,Reseller,Bank Transfer,2198.23,10,1978.41,3,5935.23,Gamer,1,0.4475,1
Europe,Asus,Laptop,i3,Intel UHD,4,2048,Windows 10,Gray,Reseller,Bank Transfer,533.15,5,506.49,1,506.49,Professional,1,0.3525,1
Europe,Asus,Desktop,i5,Intel Iris,4,512,Linux,Blue,Reseller,Credit Card,621.51,10,559.36,1,559.36,Gamer,0,0.445,1
Asia-Pacific,MSI,Laptop,i7,NVIDIA RTX 2060,16,1024,Windows 10,Silver,Online,Bank Transfer,1436.06,15,1220.65,3,3661.95,Professional,1,0.4025,1
North America,Apple,Laptop,M1,Intel Iris,4,2048,macOS,Gray,Retail Store,Bank Transfer,2290.04,10,2061.04,3,6183.12,Professional,0,0.445,1
Asia-Pacific,HP,All-in-One,Ryzen 9,Intel Iris,16,256,macOS,Blue,Retail Store,Bank Transfer,1201.71,15,1021.45,3,3064.35,Student,1,0.3075,0
Asia-Pacific,Asus,Laptop,i9,NVIDIA GTX 1650,8,2048,Windows 10,Silver,Retail Store,PayPal,1494.75,10,1345.28,1,1345.28,Student,1,0.43,1
Europe,Microsoft,All-in-One,M1,NVIDIA GTX 1650,8,2048,Linux,Black,Reseller,Credit Card,663.46,10,597.11,1,597.11,Student,1,0.4725,1
Europe,Dell,All-in-One,Ryzen 7,Intel Iris,4,512,Windows 11,White,Reseller,Credit Card,2986.34,5,2837.02,1,2837.02,Gamer,0,0.3825,1
North America,Dell,All-in-One,Ryzen 3,Intel UHD,32,256,macOS,White,Reseller,Credit Card,1751.93,20,1401.54,1,1401.54,Enterprise,0,0.37,1
Asia-Pacific,Asus,Laptop,i9,Intel UHD,16,256,Linux,Gray,Reseller,Debit Card,1379.08,0,1379.08,1,1379.08,Student,1,0.39,1
North America,Acer,Desktop,i3,NVIDIA RTX 2060,32,256,Linux,White,Reseller,Debit Card,668.05,0,668.05,2,1336.1,Student,0,0.365,1
North America,Apple,Gaming Laptop,i3,NVIDIA RTX 3060,32,2048,macOS,Gray,Online,Bank Transfer,2076.69,0,2076.69,1,2076.69,Professional,0,0.4625,1
Asia-Pacific,Dell,Gaming Laptop,Ryzen 3,Intel Iris,8,256,Windows 11,Black,Reseller,PayPal,1938.48,20,1550.78,3,4652.34,Student,1,0.395,1
Asia-Pacific,Microsoft,Gaming Laptop,i3,AMD Radeon Vega,8,512,macOS,Silver,Online,Debit Card,684.77,5,650.53,1,650.53,Professional,0,0.315,0
Asia-Pacific,MSI,Laptop,i9,Intel UHD,4,512,Windows 10,Gray,Retail Store,Debit Card,1292.85,10,1163.57,2,2327.14,Professional,0,0.3,0
Europe,Asus,Laptop,Ryzen 9,Intel UHD,4,1024,macOS,Blue,Retail Store,Credit Card,1526.88,15,1297.85,2,2595.7,Gamer,0,0.32,0
North America,MSI,All-in-One,Ryzen 9,NVIDIA GTX 1650,32,1024,Windows 10,Silver,Reseller,Bank Transfer,722.2,5,686.09,1,686.09,Gamer,0,0.34,0
Europe,HP,Laptop,i5,Intel Iris,8,512,Windows 10,White,Reseller,Credit Card,2280.57,20,1824.46,3,5473.38,Student,0,0.4375,1
Europe,Lenovo,Laptop,Ryzen 5,NVIDIA RTX 3060,16,512,Windows 10,Black,Reseller,Bank Transfer,2014.51,20,1611.61,3,4834.83,Gamer,1,0.36,1
Asia-Pacific,Microsoft,Desktop,M2,NVIDIA RTX 2060,16,2048,Linux,White,Retail Store,PayPal,1874.78,0,1874.78,2,3749.56,Student,0,0.4175,1
Europe,Samsung,Desktop,Ryzen 5,Intel Iris,4,2048,Linux,Black,Online,Debit Card,2796.53,10,2516.88,3,7550.64,Professional,1,0.3875,1
North America,HP,Gaming Laptop,M2,Intel UHD,32,512,Windows 10,Black,Retail Store,Credit Card,1379.82,10,1241.84,2,2483.68,Student,1,0.3875,1
North America,Apple,Laptop,Ryzen 3,Intel UHD,4,1024,macOS,Gray,Reseller,Debit Card,601.48,15,511.26,2,1022.52,Professional,0,0.43,1
Asia-Pacific,Microsoft,All-in-One,Ryzen 5,NVIDIA RTX 2060,8,512,macOS,Blue,Retail Store,Bank Transfer,2781.47,15,2364.25,1,2364.25,Professional,0,0.3675,1
Asia-Pacific,Acer,Gaming Laptop,i9,NVIDIA GTX 1650,8,512,macOS,Silver,Online,PayPal,2548.08,20,2038.46,3,6115.38,Gamer,0,0.4275,1
Asia-Pacific,Razer,Laptop,Ryzen 5,Intel Iris,8,1024,Windows 11,Blue,Reseller,Debit Card,1638.83,0,1638.83,3,4916.49,Enterprise,1,0.42,1
North America,HP,Desktop,Ryzen 3,NVIDIA RTX 2060,32,2048,Linux,Gray,Online,PayPal,2649.25,20,2119.4,1,2119.4,Enterprise,1,0.3425,0
Asia-Pacific,Lenovo,Desktop,i3,AMD Radeon Vega,8,256,Windows 10,Gray,Reseller,PayPal,2609.45,5,2478.98,2,4957.96,Enterprise,0,0.4725,1
Europe,Microsoft,Desktop,i9,Intel Iris,4,256,Windows 10,Black,Online,Bank Transfer,2004.36,10,1803.92,2,3607.84,Professional,0,0.34,0
Europe,Microsoft,Gaming Laptop,Ryzen 7,Intel Iris,32,2048,Windows 11,Gray,Retail Store,Bank Transfer,1255.52,15,1067.19,3,3201.57,Professional,1,0.3425,0
Europe,Dell,All-in-One,i7,Intel UHD,4,1024,Windows 11,Silver,Online,PayPal,2624.03,0,2624.03,2,5248.06,Professional,0,0.4075,1
North America,Samsung,Laptop,Ryzen 5,NVIDIA RTX 2060,8,512,Windows 11,Blue,Reseller,Bank Transfer,1447.26,10,1302.53,1,1302.53,Enterprise,1,0.465,1
North America,Asus,Desktop,Ryzen 9,AMD Radeon Vega,16,2048,Linux,Gray,Reseller,Credit Card,2760.19,10,2484.17,2,4968.34,Gamer,0,0.32,0
Europe,Acer,Gaming Laptop,M2,NVIDIA RTX 2060,32,512,Windows 10,Silver,Reseller,Credit Card,2287.67,10,2058.9,2,4117.8,Professional,1,0.3825,1
Europe,Acer,Desktop,Ryzen 3,NVIDIA RTX 3060,16,256,macOS,Black,Reseller,Credit Card,743.09,15,631.63,2,1263.26,Student,0,0.5175,1
Europe,Samsung,Gaming Laptop,i3,Intel UHD,8,256,macOS,Black,Retail Store,Bank Transfer,576.41,5,547.59,3,1642.77,Student,0,0.365,1
North America,Lenovo,Gaming Laptop,Ryzen 7,Intel Iris,32,512,Linux,Blue,Online,PayPal,415.15,15,352.88,3,1058.64,Professional,0,0.4675,1
North America,HP,Gaming Laptop,i7,AMD Radeon Vega,32,1024,macOS,White,Online,Bank Transfer,2477.76,20,1982.21,1,1982.21,Gamer,0,0.4175,1
North America,Apple,Desktop,M2,AMD Radeon Vega,8,1024,macOS,Blue,Retail Store,Credit Card,2083.65,20,1666.92,1,1666.92,Enterprise,0,0.4675,1
North America,Lenovo,All-in-One,M2,AMD Radeon Vega,32,512,Windows 10,White,Online,Credit Card,1330.67,0,1330.67,3,3992.01,Gamer,0,0.3625,1
North America,HP,Desktop,i7,NVIDIA RTX 2060,8,2048,Windows 11,Gray,Online,Debit Card,1959.23,20,1567.38,1,1567.38,Professional,1,0.3175,0
Asia-Pacific,MSI,All-in-One,i3,NVIDIA RTX 3060,32,1024,macOS,Gray,Reseller,Bank Transfer,815.41,0,815.41,2,1630.82,Professional,1,0.4175,1
North America,Microsoft,Desktop,Ryzen 9,Intel UHD,8,2048,Linux,Gray,Online,Debit Card,2771.74,5,2633.15,1,2633.15,Enterprise,0,0.36,1
North America,Asus,Laptop,Ryzen 7,Intel Iris,4,1024,Linux,Silver,Online,Debit Card,2181.65,0,2181.65,2,4363.3,Gamer,1,0.315,0
Asia-Pacific,Dell,All-in-One,i3,Intel UHD,8,1024,Windows 10,White,Retail Store,Bank Transfer,2243.77,0,2243.77,1,2243.77,Student,0,0.4825,1
North America,Dell,Desktop,i3,AMD Radeon Vega,4,2048,macOS,Blue,Reseller,Debit Card,2558.91,20,2047.13,3,6141.39,Enterprise,1,0.52,1
Asia-Pacific,HP,Desktop,Ryzen 7,NVIDIA RTX 3060,8,2048,Linux,Silver,Online,Credit Card,2713.46,20,2170.77,1,2170.77,Gamer,0,0.3775,1
Asia-Pacific,Dell,All-in-One,i7,NVIDIA GTX 1650,8,1024,Windows 10,White,Online,PayPal,1707.79,20,1366.23,1,1366.23,Professional,1,0.425,1
Asia-Pacific,Lenovo,Desktop,M2,NVIDIA RTX 2060,4,1024,macOS,Black,Reseller,Credit Card,2526.99,5,2400.64,1,2400.64,Gamer,1,0.32,0
North America,Microsoft,Gaming Laptop,Ryzen 9,NVIDIA RTX 2060,8,256,macOS,Gray,Retail Store,Debit Card,1260.22,10,1134.2,3,3402.6,Professional,0,0.4075,1
Europe,Dell,Gaming Laptop,Ryzen 7,NVIDIA RTX 3060,8,256,Windows 11,White,Online,Credit Card,2831.04,5,2689.49,2,5378.98,Gamer,1,0.3525,1
North America,Samsung,Desktop,i5,NVIDIA GTX 1650,8,256,Windows 10,Silver,Reseller,PayPal,2439.31,10,2195.38,2,4390.76,Professional,0,0.4425,1
Asia-Pacific,MSI,Gaming Laptop,M1,NVIDIA GTX 1650,32,512,macOS,Silver,Retail Store,PayPal,1632.88,5,1551.24,2,3102.48,Gamer,1,0.4275,1
North America,Razer,Gaming Laptop,Ryzen 7,Intel Iris,32,1024,Windows 11,Black,Reseller,Debit Card,1250.35,10,1125.32,3,3375.96,Enterprise,0,0.4475,1
North America,Dell,Gaming Laptop,M2,NVIDIA RTX 2060,32,512,Windows 11,Gray,Reseller,Debit Card,488.38,5,463.96,2,927.92,Gamer,0,0.36,1
North America,Dell,Laptop,i7,NVIDIA RTX 3060,8,256,macOS,Blue,Reseller,PayPal,1669.07,20,1335.26,1,1335.26,Student,0,0.3625,1
North America,HP,All-in-One,M1,NVIDIA RTX 3060,32,256,Windows 11,Blue,Reseller,Debit Card,1310.68,0,1310.68,2,2621.36,Enterprise,1,0.43,1
Europe,Lenovo,Desktop,Ryzen 3,NVIDIA GTX 1650,8,512,Linux,Gray,Retail Store,Bank Transfer,1503.0,20,1202.4,2,2404.8,Enterprise,0,0.43,1
North America,Dell,Gaming Laptop,i3,NVIDIA RTX 2060,16,1024,macOS,Silver,Reseller,PayPal,1292.16,15,1098.34,2,2196.68,Enterprise,0,0.4975,1
Europe,Dell,Laptop,Ryzen 9,Intel Iris,4,2048,macOS,Blue,Retail Store,PayPal,2737.73,10,2463.96,1,2463.96,Enterprise,0,0.42,1
Europe,Asus,Desktop,M2,Intel Iris,16,1024,Windows 11,White,Reseller,Debit Card,1632.7,15,1387.8,1,1387.8,Gamer,0,0.3975,1
Asia-Pacific,MSI,All-in-One,i9,Intel UHD,4,2048,macOS,White,Reseller,Bank Transfer,1154.8,20,923.84,3,2771.52,Gamer,0,0.42,1
Asia-Pacific,Apple,All-in-One,i5,Intel UHD,16,1024,macOS,Black,Retail Store,Credit Card,2023.07,20,1618.46,2,3236.92,Student,0,0.365,1
North America,Acer,Laptop,i7,Intel Iris,16,2048,Linux,White,Retail Store,PayPal,2495.32,5,2370.55,3,7111.65,Gamer,0,0.405,1
Asia-Pacific,Microsoft,Gaming Laptop,i7,NVIDIA GTX 1650,8,512,macOS,Blue,Online,PayPal,1841.18,10,1657.06,3,4971.18,Professional,0,0.405,1
North America,Microsoft,Gaming Laptop,Ryzen 5,NVIDIA RTX 3060,32,1024,Linux,Black,Reseller,PayPal,1287.47,5,1223.1,1,1223.1,Student,1,0.43,1
Europe,Dell,Desktop,M1,Intel UHD,32,256,Linux,Gray,Retail Store,PayPal,1663.71,15,1414.15,3,4242.45,Professional,1,0.4075,1
Asia-Pacific,Samsung,Desktop,Ryzen 5,AMD Radeon Vega,8,1024,Windows 10,Gray,Reseller,Bank Transfer,1138.89,15,968.06,3,2904.18,Enterprise,1,0.3025,0
Europe,Acer,All-in-One,Ryzen 5,NVIDIA RTX 3060,32,2048,macOS,Blue,Reseller,PayPal,2736.32,10,2462.69,3,7388.07,Student,1,0.375,1
Asia-Pacific,MSI,Gaming Laptop,i3,Intel Iris,4,1024,Windows 10,Black,Retail Store,Credit Card,2243.03,20,1794.42,2,3588.84,Gamer,1,0.33,0
North America,Apple,Gaming Laptop,M1,Intel UHD,16,2048,macOS,White,Retail Store,Bank Transfer,2461.67,20,1969.34,1,1969.34,Professional,1,0.43,1
Europe,Lenovo,Laptop,M2,NVIDIA RTX 3060,16,256,Windows 11,Black,Reseller,Bank Transfer,2125.38,15,1806.57,3,5419.71,Gamer,1,0.3575,1
Europe,MSI,Laptop,i7,NVIDIA RTX 2060,32,2048,Windows 10,Blue,Retail Store,Bank Transfer,1052.91,10,947.62,3,2842.86,Professional,1,0.3575,1
North America,Lenovo,Gaming Laptop,Ryzen 9,AMD Radeon Vega,16,2048,Windows 11,White,Retail Store,Credit Card,2597.9,10,2338.11,1,2338.11,Gamer,1,0.315,0
Europe,Asus,All-in-One,i7,Intel Iris,16,2048,Windows 10,Silver,Retail Store,Bank Transfer,1443.36,0,1443.36,3,4330.08,Professional,0,0.38,1
Asia-Pacific,HP,Gaming Laptop,Ryzen 5,Intel UHD,16,1024,Windows 10,Silver,Reseller,Bank Transfer,1196.89,20,957.51,3,2872.53,Enterprise,1,0.31,0
North America,MSI,Gaming Laptop,Ryzen 3,NVIDIA RTX 2060,8,512,macOS,Silver,Reseller,Credit Card,1907.74,0,1907.74,2,3815.48,Student,0,0.46,1
Asia-Pacific,Apple,All-in-One,i9,NVIDIA GTX 1650,32,512,macOS,Silver,Retail Store,Credit Card,1007.92,0,1007.92,2,2015.84,Gamer,0,0.245,0
Asia-Pacific,Lenovo,Desktop,Ryzen 3,Intel UHD,32,2048,Linux,Blue,Reseller,Debit Card,2780.55,20,2224.44,2,4448.88,Professional,1,0.4,1
Asia-Pacific,Asus,All-in-One,Ryzen 3,NVIDIA RTX 2060,8,1024,Windows 11,Blue,Online,Debit Card,1343.33,20,1074.66,3,3223.98,Professional,0,0.34,0
Asia-Pacific,Dell,Gaming Laptop,Ryzen 3,NVIDIA GTX 1650,16,256,Linux,Blue,Retail Store,Debit Card,2244.6,10,2020.14,3,6060.42,Student,0,0.4325,1
Asia-Pacific,Apple,All-in-One,i5,Intel Iris,8,2048,macOS,Blue,Online,Debit Card,2198.95,15,1869.11,2,3738.22,Gamer,0,0.4175,1
Europe,MSI,Gaming Laptop,i5,Intel Iris,4,1024,Windows 11,Blue,Reseller,Bank Transfer,974.75,20,779.8,2,1559.6,Enterprise,1,0.425,1
Asia-Pacific,HP,Gaming Laptop,M1,Intel UHD,8,1024,Windows 11,Blue,Retail Store,PayPal,2717.72,20,2174.18,2,4348.36,Student,0,0.5025,1
North America,Samsung,Gaming Laptop,Ryzen 5,Intel UHD,16,512,Linux,Gray,Online,Credit Card,2412.43,20,1929.94,3,5789.82,Student,0,0.41,1
North America,Samsung,Desktop,Ryzen 3,NVIDIA RTX 3060,8,512,Linux,Black,Retail Store,Bank Transfer,1989.09,0,1989.09,3,5967.27,Enterprise,1,0.3825,1
Europe,Dell,Gaming Laptop,M2,Intel Iris,16,1024,Windows 11,Black,Retail Store,Credit Card,1816.89,15,1544.36,1,1544.36,Professional,1,0.4125,1
Europe,Lenovo,Desktop,i3,NVIDIA RTX 3060,16,1024,Windows 10,Blue,Online,Credit Card,871.74,5,828.15,1,828.15,Enterprise,0,0.47,1
North America,Apple,Laptop,M2,Intel Iris,32,512,macOS,Blue,Retail Store,Credit Card,1291.73,5,1227.14,2,2454.28,Enterprise,0,0.42,1
Europe,HP,Desktop,Ryzen 9,Intel UHD,16,1024,macOS,White,Retail Store,Debit Card,662.4,0,662.4,3,1987.2,Gamer,1,0.315,0
Asia-Pacific,Apple,Desktop,Ryzen 9,Intel UHD,16,256,macOS,White,Online,Debit Card,1278.91,5,1214.96,3,3644.88,Gamer,0,0.29,0
North America,Lenovo,Desktop,i9,Intel Iris,32,2048,macOS,White,Retail Store,Credit Card,888.29,10,799.46,1,799.46,Gamer,1,0.26,0
Asia-Pacific,Razer,Gaming Laptop,i5,NVIDIA RTX 2060,4,1024,macOS,Gray,Online,Credit Card,760.01,20,608.01,1,608.01,Gamer,0,0.4625,1
Europe,HP,Laptop,i5,NVIDIA RTX 2060,8,1024,Windows 11,Silver,Online,Credit Card,2120.82,0,2120.82,2,4241.64,Professional,1,0.385,1
Asia-Pacific,MSI,Gaming Laptop,M2,NVIDIA RTX 2060,8,1024,Linux,White,Online,Debit Card,1464.96,20,1171.97,1,1171.97,Gamer,1,0.3625,1
Europe,Razer,Gaming Laptop,i7,Intel Iris,4,2048,Windows 11,Silver,Reseller,Credit Card,1401.98,20,1121.58,2,2243.16,Enterprise,1,0.5125,1
Europe,MSI,Laptop,i5,NVIDIA GTX 1650,32,1024,Windows 11,Blue,Online,Debit Card,2225.95,15,1892.06,3,5676.18,Professional,0,0.3975,1
Asia-Pacific,Dell,All-in-One,Ryzen 5,Intel UHD,8,1024,macOS,White,Online,PayPal,951.67,20,761.34,2,1522.68,Student,1,0.475,1
Asia-Pacific,Asus,Laptop,i3,Intel UHD,8,512,Windows 11,Blue,Retail Store,Credit Card,2398.57,20,1918.86,2,3837.72,Student,0,0.3825,1
Europe,Microsoft,Gaming Laptop,i3,NVIDIA GTX 1650,4,512,macOS,Silver,Reseller,PayPal,2392.75,5,2273.11,1,2273.11,Enterprise,0,0.415,1
Asia-Pacific,MSI,Gaming Laptop,Ryzen 5,AMD Radeon Vega,4,1024,macOS,Black,Retail Store,Bank Transfer,1895.1,0,1895.1,2,3790.2,Professional,0,0.4175,1
Europe,Microsoft,Gaming Laptop,i5,Intel Iris,32,512,Windows 10,Silver,Reseller,Debit Card,1409.29,10,1268.36,3,3805.08,Gamer,0,0.3875,1
Europe,Lenovo,Laptop,Ryzen 3,NVIDIA RTX 3060,4,512,Linux,Silver,Online,Debit Card,2213.1,20,1770.48,1,1770.48,Gamer,0,0.3225,0
North America,HP,Gaming Laptop,M1,NVIDIA GTX 1650,32,1024,Linux,White,Retail Store,Bank Transfer,2634.99,0,2634.99,1,2634.99,Student,0,0.3775,1
Europe,Apple,All-in-One,M1,NVIDIA RTX 2060,4,256,macOS,Silver,Retail Store,PayPal,1029.04,15,874.68,3,2624.04,Enterprise,0,0.345,0
Europe,MSI,All-in-One,M1,NVIDIA RTX 2060,8,256,Linux,Gray,Online,PayPal,1017.97,0,1017.97,2,2035.94,Enterprise,0,0.41,1
North America,Lenovo,Desktop,M1,AMD Radeon Vega,32,2048,Windows 11,Blue,Retail Store,PayPal,2534.82,5,2408.08,2,4816.16,Enterprise,1,0.4175,1
Asia-Pacific,Lenovo,Desktop,i9,Intel UHD,4,256,Windows 10,Blue,Online,Debit Card,2363.41,0,2363.41,3,7090.23,Student,0,0.4875,1
Asia-Pacific,Razer,Gaming Laptop,Ryzen 7,AMD Radeon Vega,4,256,Windows 10,Blue,Retail Store,Bank Transfer,2590.35,0,2590.35,3,7771.05,Professional,1,0.3925,1
Asia-Pacific,Razer,Gaming Laptop,i9,NVIDIA RTX 3060,4,256,Linux,Blue,Online,Credit Card,1701.81,10,1531.63,3,4594.89,Student,0,0.3675,1
Europe,Acer,All-in-One,i3,AMD Radeon Vega,32,2048,macOS,White,Reseller,PayPal,722.52,15,614.14,1,614.14,Gamer,0,0.345,0
Asia-Pacific,MSI,Laptop,i3,NVIDIA RTX 2060,32,256,Windows 10,Silver,Retail Store,PayPal,1461.46,10,1315.31,2,2630.62,Gamer,0,0.3575,1
North America,Razer,Desktop,M2,NVIDIA RTX 3060,4,256,macOS,Gray,Reseller,Debit Card,2922.42,5,2776.3,3,8328.9,Professional,0,0.46,1
North America,Apple,Desktop,Ryzen 5,Intel UHD,16,1024,macOS,Black,Online,Credit Card,834.47,5,792.75,3,2378.25,Professional,0,0.33,0
Europe,Asus,Laptop,Ryzen 3,NVIDIA RTX 2060,16,2048,Windows 11,Blue,Online,Debit Card,2427.74,0,2427.74,2,4855.48,Student,0,0.305,0
Europe,Dell,All-in-One,Ryzen 7,NVIDIA GTX 1650,8,2048,Windows 10,Blue,Online,Debit Card,2568.54,0,2568.54,2,5137.08,Enterprise,0,0.335,0
North America,HP,All-in-One,M2,NVIDIA RTX 3060,32,1024,Windows 10,Blue,Online,Bank Transfer,1229.46,0,1229.46,1,1229.46,Student,1,0.44,1
Europe,HP,Laptop,Ryzen 5,NVIDIA RTX 3060,16,512,Linux,Black,Retail Store,PayPal,1352.17,20,1081.74,2,2163.48,Professional,1,0.485,1
North America,Razer,All-in-One,i9,NVIDIA RTX 3060,8,2048,macOS,White,Online,Credit Card,2347.35,0,2347.35,1,2347.35,Professional,0,0.4225,1
North America,Acer,Laptop,M1,AMD Radeon Vega,4,1024,Windows 11,White,Online,Bank Transfer,905.05,5,859.8,1,859.8,Gamer,1,0.3925,1
North America,Samsung,All-in-One,Ryzen 5,Intel Iris,8,256,macOS,Gray,Reseller,PayPal,1183.4,20,946.72,1,946.72,Gamer,0,0.3975,1
North America,Apple,Gaming Laptop,Ryzen 3,NVIDIA RTX 2060,4,2048,macOS,Blue,Reseller,PayPal,981.65,5,932.57,2,1865.14,Enterprise,1,0.455,1
Asia-Pacific,Dell,All-in-One,i9,NVIDIA RTX 3060,16,256,Linux,Silver,Online,PayPal,1359.72,15,1155.76,3,3467.28,Student,0,0.395,1
Asia-Pacific,Dell,Laptop,Ryzen 3,NVIDIA GTX 1650,8,1024,Windows 10,Black,Retail Store,Bank Transfer,951.66,15,808.91,1,808.91,Professional,1,0.4025,1
Asia-Pacific,MSI,Desktop,M2,NVIDIA RTX 2060,4,1024,Windows 11,Black,Retail Store,Bank Transfer,711.2,0,711.2,1,711.2,Professional,0,0.3925,1
Asia-Pacific,HP,Laptop,i5,NVIDIA RTX 3060,8,2048,Windows 10,Black,Reseller,Bank Transfer,2025.32,0,2025.32,3,6075.96,Enterprise,1,0.3375,0
North America,Asus,Desktop,M2,Intel UHD,4,512,Windows 11,White,Retail Store,Debit Card,1568.87,10,1411.98,2,2823.96,Gamer,0,0.3775,1
Asia-Pacific,Apple,Desktop,i5,AMD Radeon Vega,4,512,macOS,Blue,Online,Debit Card,692.5,10,623.25,3,1869.75,Professional,1,0.3625,1
Europe,HP,Laptop,Ryzen 5,Intel Iris,32,1024,Linux,Blue,Reseller,Bank Transfer,2923.62,10,2631.26,2,5262.52,Gamer,1,0.3175,0
Asia-Pacific,Microsoft,Gaming Laptop,i5,NVIDIA GTX 1650,4,1024,macOS,Blue,Online,Credit Card,1269.1,10,1142.19,3,3426.57,Student,0,0.3025,0
North America,Dell,Desktop,M2,NVIDIA RTX 2060,16,2048,macOS,White,Retail Store,Bank Transfer,2526.74,15,2147.73,1,2147.73,Professional,1,0.4275,1
North America,Dell,Gaming Laptop,i5,NVIDIA RTX 3060,32,256,macOS,Black,Online,Debit Card,1214.75,0,1214.75,3,3644.25,Student,1,0.465,1
Asia-Pacific,Razer,Gaming Laptop,i3,Intel Iris,16,1024,Windows 11,Gray,Online,Bank Transfer,675.8,10,608.22,1,608.22,Student,0,0.5225,1
Asia-Pacific,Apple,Gaming Laptop,Ryzen 5,Intel UHD,4,256,macOS,Black,Reseller,PayPal,733.31,10,659.98,2,1319.96,Gamer,0,0.4325,1
Europe,Apple,Gaming Laptop,Ryzen 3,Intel UHD,8,512,macOS,Gray,Online,PayPal,2596.65,0,2596.65,2,5193.3,Professional,1,0.35,1
Europe,Dell,Desktop,M2,NVIDIA RTX 3060,4,256,Windows 11,Black,Retail Store,Credit Card,1063.34,20,850.67,2,1701.34,Student,0,0.395,1
North America,Asus,Desktop,Ryzen 3,Intel UHD,4,2048,Linux,Gray,Retail Store,Debit Card,2181.49,10,1963.34,2,3926.68,Gamer,0,0.3675,1
Europe,Apple,Desktop,Ryzen 7,Intel UHD,4,1024,macOS,White,Online,Credit Card,2191.1,15,1862.43,2,3724.86,Gamer,0,0.3425,0
North America,Microsoft,Gaming Laptop,Ryzen 7,AMD Radeon Vega,8,256,Windows 10,Gray,Online,Credit Card,2199.82,15,1869.85,2,3739.7,Gamer,1,0.375,1
North America,Dell,Laptop,M1,NVIDIA RTX 2060,8,2048,macOS,Black,Online,Debit Card,2929.64,0,2929.64,1,2929.64,Gamer,1,0.4025,1
Asia-Pacific,Samsung,Desktop,Ryzen 9,AMD Radeon Vega,32,512,Linux,White,Retail Store,PayPal,2354.06,20,1883.25,1,1883.25,Professional,1,0.44,1
Asia-Pacific,Asus,Desktop,i7,AMD Radeon Vega,16,2048,Windows 11,White,Retail Store,Credit Card,2441.91,10,2197.72,2,4395.44,Gamer,0,0.415,1
Europe,Acer,Desktop,i9,NVIDIA RTX 3060,16,2048,Windows 11,Gray,Online,Debit Card,1262.32,10,1136.09,1,1136.09,Gamer,1,0.4175,1
Europe,HP,All-in-One,Ryzen 5,NVIDIA RTX 2060,16,256,Windows 11,Gray,Retail Store,PayPal,1776.71,15,1510.2,2,3020.4,Enterprise,1,0.3625,1
Europe,Lenovo,Desktop,i9,Intel Iris,4,1024,Windows 10,Blue,Reseller,PayPal,1640.85,0,1640.85,1,1640.85,Student,1,0.495,1
Europe,Apple,Gaming Laptop,Ryzen 7,Intel Iris,4,1024,macOS,Black,Reseller,Credit Card,647.25,10,582.52,3,1747.56,Enterprise,1,0.365,1
North America,HP,Gaming Laptop,Ryzen 7,NVIDIA RTX 2060,32,1024,macOS,Gray,Online,PayPal,2557.13,20,2045.7,3,6137.1,Gamer,0,0.4,1
Asia-Pacific,HP,Gaming Laptop,Ryzen 3,NVIDIA GTX 1650,16,512,Linux,Gray,Reseller,Credit Card,1211.14,5,1150.58,2,2301.16,Professional,0,0.3225,0
Asia-Pacific,HP,Desktop,Ryzen 5,Intel UHD,32,512,Windows 11,Blue,Reseller,Bank Transfer,1425.03,0,1425.03,3,4275.09,Enterprise,1,0.38,1
North America,Razer,Laptop,i3,Intel UHD,32,1024,Linux,White,Online,PayPal,1704.59,5,1619.36,3,4858.08,Enterprise,0,0.4075,1
North America,Apple,Gaming Laptop,M2,NVIDIA RTX 3060,32,256,macOS,Black,Retail Store,Bank Transfer,2691.0,15,2287.35,2,4574.7,Enterprise,0,0.345,0
Asia-Pacific,MSI,Desktop,i3,AMD Radeon Vega,32,2048,Windows 11,Black,Online,Debit Card,2968.0,20,2374.4,3,7123.2,Enterprise,0,0.5,1
Asia-Pacific,Lenovo,Laptop,Ryzen 7,NVIDIA RTX 3060,16,1024,macOS,Silver,Retail Store,Debit Card,1325.79,15,1126.92,3,3380.76,Enterprise,0,0.445,1
Asia-Pacific,Asus,All-in-One,M2,AMD Radeon Vega,32,256,macOS,Black,Reseller,Debit Card,2302.26,0,2302.26,1,2302.26,Enterprise,0,0.3275,0
Asia-Pacific,Asus,All-in-One,Ryzen 3,AMD Radeon Vega,32,2048,macOS,Blue,Retail Store,Credit Card,479.06,10,431.15,2,862.3,Student,1,0.385,1
Asia-Pacific,Dell,Gaming Laptop,i5,Intel UHD,4,1024,Windows 10,Black,Retail Store,Credit Card,1229.08,15,1044.72,1,1044.72,Gamer,0,0.44,1
Asia-Pacific,Acer,Gaming Laptop,i9,NVIDIA GTX 1650,8,1024,Windows 10,Black,Online,Bank Transfer,2188.27,10,1969.44,3,5908.32,Gamer,0,0.32,0
Europe,Dell,Laptop,Ryzen 5,NVIDIA GTX 1650,8,512,Windows 10,Black,Retail Store,PayPal,714.96,5,679.21,3,2037.63,Enterprise,1,0.415,1
Asia-Pacific,Razer,Laptop,Ryzen 7,NVIDIA RTX 2060,16,2048,macOS,Gray,Online,Bank Transfer,1852.43,15,1574.57,2,3149.14,Professional,0,0.3875,1
North America,Apple,Laptop,M1,AMD Radeon Vega,32,256,macOS,White,Reseller,Bank Transfer,986.93,0,986.93,3,2960.79,Professional,0,0.31,0
Asia-Pacific,Apple,Gaming Laptop,i3,AMD Radeon Vega,4,512,macOS,Black,Retail Store,Credit Card,891.59,0,891.59,2,1783.18,Gamer,1,0.355,1
Asia-Pacific,Lenovo,Desktop,Ryzen 9,NVIDIA GTX 1650,4,256,Windows 11,Silver,Online,PayPal,2182.13,5,2073.02,1,2073.02,Student,0,0.3425,0
North America,HP,Laptop,i7,NVIDIA RTX 3060,16,1024,Windows 10,Silver,Retail Store,Debit Card,575.47,5,546.7,2,1093.4,Student,0,0.3875,1
North America,Razer,Gaming Laptop,Ryzen 9,NVIDIA RTX 2060,4,256,macOS,Black,Retail Store,Bank Transfer,2137.6,20,1710.08,2,3420.16,Enterprise,0,0.285,0
North America,Dell,Laptop,Ryzen 7,Intel Iris,8,256,Windows 10,Gray,Reseller,Bank Transfer,1473.14,20,1178.51,2,2357.02,Professional,1,0.3425,0
Asia-Pacific,Lenovo,Laptop,M1,NVIDIA RTX 2060,32,2048,macOS,Gray,Retail Store,PayPal,1900.98,0,1900.98,2,3801.96,Professional,1,0.395,1
Asia-Pacific,HP,Gaming Laptop,M1,Intel UHD,8,1024,Windows 11,Blue,Retail Store,PayPal,1956.87,20,1565.5,3,4696.5,Enterprise,1,0.3925,1
Asia-Pacific,Acer,All-in-One,M1,AMD Radeon Vega,32,256,macOS,Silver,Reseller,Bank Transfer,2984.39,20,2387.51,3,7162.53,Gamer,0,0.46,1
Europe,Acer,All-in-One,i5,AMD Radeon Vega,32,256,Windows 10,Black,Online,Debit Card,2547.85,15,2165.67,2,4331.34,Gamer,0,0.5025,1
Europe,HP,Desktop,i3,NVIDIA RTX 2060,16,1024,macOS,Blue,Reseller,Debit Card,922.46,10,830.21,3,2490.63,Gamer,0,0.4625,1
North America,HP,Laptop,Ryzen 5,Intel UHD,4,1024,Windows 11,Blue,Online,Debit Card,1260.89,0,1260.89,1,1260.89,Enterprise,1,0.4375,1
North America,Lenovo,Laptop,i3,AMD Radeon Vega,4,1024,Windows 10,Silver,Retail Store,Credit Card,828.8,20,663.04,1,663.04,Gamer,1,0.3625,1
Europe,Asus,Laptop,i3,NVIDIA RTX 2060,8,512,Windows 11,Blue,Reseller,Bank Transfer,2062.82,20,1650.26,3,4950.78,Professional,0,0.47,1
Europe,Razer,Desktop,i7,NVIDIA RTX 3060,16,256,macOS,Silver,Online,PayPal,2605.75,20,2084.6,1,2084.6,Student,0,0.38,1
Asia-Pacific,Razer,Desktop,Ryzen 7,Intel Iris,16,1024,Windows 11,Black,Online,PayPal,2471.45,15,2100.73,1,2100.73,Professional,0,0.4025,1
Europe,Samsung,All-in-One,M2,NVIDIA GTX 1650,8,2048,Linux,Gray,Reseller,Bank Transfer,2030.12,0,2030.12,2,4060.24,Student,0,0.435,1
Europe,Microsoft,Gaming Laptop,i5,NVIDIA RTX 3060,8,256,Windows 11,Blue,Retail Store,Credit Card,2877.81,15,2446.14,3,7338.42,Gamer,1,0.3675,1
North America,Samsung,Gaming Laptop,Ryzen 5,NVIDIA RTX 2060,4,2048,Windows 10,Black,Reseller,Bank Transfer,820.25,5,779.24,2,1558.48,Enterprise,0,0.3125,0
North America,Apple,All-in-One,Ryzen 5,AMD Radeon Vega,4,512,macOS,Black,Reseller,Credit Card,2568.64,15,2183.34,3,6550.02,Enterprise,1,0.435,1
Europe,Microsoft,All-in-One,i7,Intel Iris,8,256,macOS,Black,Online,Bank Transfer,1905.87,20,1524.7,1,1524.7,Professional,0,0.3275,0
Europe,HP,Gaming Laptop,M1,Intel UHD,4,2048,Windows 10,Blue,Retail Store,PayPal,1823.92,20,1459.14,3,4377.42,Enterprise,0,0.345,0
Europe,HP,All-in-One,Ryzen 9,Intel UHD,16,1024,Linux,Gray,Online,Credit Card,2611.15,20,2088.92,3,6266.76,Enterprise,0,0.48,1
Europe,Apple,All-in-One,Ryzen 7,Intel UHD,8,256,macOS,Blue,Retail Store,Bank Transfer,1537.14,20,1229.71,3,3689.13,Gamer,0,0.315,0
North America,Dell,All-in-One,i5,Intel Iris,8,512,Linux,Silver,Retail Store,Debit Card,1411.69,15,1199.94,1,1199.94,Professional,1,0.4075,1
Europe,Microsoft,Gaming Laptop,Ryzen 3,Intel Iris,4,1024,Windows 10,Gray,Reseller,Debit Card,2157.46,5,2049.59,1,2049.59,Professional,0,0.375,1
Europe,Dell,Desktop,i5,NVIDIA GTX 1650,8,512,Linux,Silver,Retail Store,PayPal,928.72,20,742.98,2,1485.96,Gamer,0,0.3475,0
Asia-Pacific,MSI,Desktop,Ryzen 9,NVIDIA GTX 1650,32,256,Windows 10,White,Online,Credit Card,1705.46,20,1364.37,3,4093.11,Gamer,0,0.305,0
North America,Samsung,All-in-One,M2,AMD Radeon Vega,16,256,Windows 10,Gray,Retail Store,Credit Card,2120.26,5,2014.25,2,4028.5,Professional,1,0.3975,1
North America,Samsung,All-in-One,i9,Intel Iris,4,2048,Windows 10,Black,Online,Bank Transfer,2175.67,20,1740.54,3,5221.62,Professional,1,0.35,1
Asia-Pacific,Microsoft,Laptop,Ryzen 9,AMD Radeon Vega,16,1024,Linux,Blue,Retail Store,Debit Card,1014.62,20,811.7,1,811.7,Enterprise,0,0.4525,1
Europe,Dell,All-in-One,i5,Intel Iris,8,256,Windows 10,White,Reseller,Credit Card,1594.25,20,1275.4,3,3826.2,Gamer,0,0.4775,1
Europe,Microsoft,Desktop,M2,AMD Radeon Vega,8,1024,Windows 11,White,Retail Store,Bank Transfer,2353.89,15,2000.81,2,4001.62,Gamer,1,0.425,1
Asia-Pacific,Acer,All-in-One,Ryzen 3,Intel Iris,4,256,Windows 10,Silver,Reseller,Credit Card,656.75,20,525.4,2,1050.8,Student,0,0.345,0
Europe,Asus,Desktop,Ryzen 9,NVIDIA GTX 1650,8,2048,Windows 10,Gray,Online,Credit Card,2048.0,20,1638.4,1,1638.4,Student,0,0.2825,0
Asia-Pacific,Lenovo,Desktop,i3,NVIDIA GTX 1650,32,512,Windows 11,White,Online,Debit Card,1090.53,20,872.42,1,872.42,Professional,0,0.4225,1
North America,Apple,Gaming Laptop,i3,Intel Iris,4,2048,macOS,Gray,Retail Store,Bank Transfer,1732.84,0,1732.84,2,3465.68,Student,0,0.375,1
Asia-Pacific,Acer,Laptop,i3,Intel Iris,32,512,Windows 11,Silver,Retail Store,PayPal,2276.77,20,1821.42,3,5464.26,Professional,1,0.4725,1
Asia-Pacific,HP,All-in-One,i5,AMD Radeon Vega,32,512,Windows 11,Silver,Retail Store,Credit Card,574.13,10,516.72,2,1033.44,Gamer,0,0.3,0
North America,MSI,Gaming Laptop,Ryzen 9,NVIDIA RTX 3060,16,2048,macOS,Black,Retail Store,Bank Transfer,1753.55,5,1665.87,2,3331.74,Enterprise,0,0.4525,1
North America,Microsoft,All-in-One,M2,Intel UHD,32,512,Windows 11,Gray,Reseller,Credit Card,2474.02,20,1979.22,1,1979.22,Enterprise,0,0.4325,1
Asia-Pacific,Razer,Desktop,M1,AMD Radeon Vega,16,1024,Linux,White,Online,Bank Transfer,2021.02,20,1616.82,3,4850.46,Gamer,1,0.36,1
Europe,Razer,Gaming Laptop,M2,AMD Radeon Vega,32,512,Linux,Blue,Retail Store,PayPal,1879.59,15,1597.65,1,1597.65,Student,1,0.47,1
Europe,Lenovo,Desktop,M1,Intel UHD,8,1024,Linux,Blue,Reseller,Debit Card,845.68,5,803.4,1,803.4,Enterprise,0,0.44,1
North America,Lenovo,Desktop,M1,AMD Radeon Vega,16,512,Windows 11,Blue,Retail Store,Bank Transfer,2390.01,15,2031.51,2,4063.02,Gamer,1,0.375,1
Europe,MSI,Desktop,Ryzen 3,NVIDIA RTX 2060,4,1024,Windows 10,Black,Online,Bank Transfer,2933.56,0,2933.56,1,2933.56,Student,0,0.355,1
North America,Razer,Desktop,i9,AMD Radeon Vega,4,2048,Linux,White,Online,Bank Transfer,2567.13,5,2438.77,2,4877.54,Student,1,0.375,1
Asia-Pacific,Acer,Desktop,i3,NVIDIA GTX 1650,32,256,Linux,Blue,Retail Store,PayPal,2901.9,5,2756.8,2,5513.6,Gamer,0,0.4175,1
Asia-Pacific,Acer,Gaming Laptop,Ryzen 9,NVIDIA RTX 3060,32,1024,Linux,Blue,Online,PayPal,2683.2,0,2683.2,2,5366.4,Gamer,0,0.3225,0
Asia-Pacific,Microsoft,Laptop,i9,AMD Radeon Vega,16,2048,Windows 11,Black,Retail Store,PayPal,1075.8,20,860.64,2,1721.28,Student,1,0.4075,1
Europe,Apple,Laptop,M1,AMD Radeon Vega,4,256,macOS,Blue,Retail Store,Debit Card,1481.6,0,1481.6,2,2963.2,Student,0,0.4175,1
Asia-Pacific,Razer,Gaming Laptop,i9,AMD Radeon Vega,32,256,macOS,Silver,Retail Store,PayPal,1481.31,15,1259.11,2,2518.22,Student,1,0.38,1
North America,Acer,Desktop,Ryzen 9,AMD Radeon Vega,8,1024,Windows 11,Silver,Online,Credit Card,1855.25,20,1484.2,1,1484.2,Professional,1,0.415,1
Europe,MSI,All-in-One,i9,NVIDIA RTX 2060,8,256,Windows 11,Blue,Reseller,Debit Card,1284.04,15,1091.43,2,2182.86,Gamer,1,0.3975,1
Asia-Pacific,HP,Gaming Laptop,i3,Intel UHD,8,256,macOS,Black,Online,Bank Transfer,1571.28,5,1492.72,3,4478.16,Professional,0,0.385,1
North America,HP,Laptop,M2,Intel UHD,4,1024,macOS,Black,Reseller,PayPal,1993.24,15,1694.25,1,1694.25,Professional,0,0.4525,1
Europe,Asus,Gaming Laptop,i7,Intel UHD,32,512,Windows 11,Blue,Online,PayPal,1133.77,20,907.02,2,1814.04,Student,1,0.335,0
Europe,Dell,Desktop,i5,Intel UHD,4,2048,Windows 11,Gray,Retail Store,Credit Card,1191.02,5,1131.47,1,1131.47,Student,1,0.49,1
North America,Razer,Gaming Laptop,Ryzen 9,NVIDIA GTX 1650,32,512,macOS,Gray,Online,Bank Transfer,2747.55,20,2198.04,1,2198.04,Enterprise,0,0.4475,1
Asia-Pacific,Samsung,All-in-One,i5,Intel Iris,4,1024,macOS,Blue,Reseller,Bank Transfer,1589.58,5,1510.1,3,4530.3,Enterprise,0,0.385,1
North America,Asus,Gaming Laptop,M2,NVIDIA RTX 3060,4,256,Linux,Blue,Reseller,Debit Card,542.48,0,542.48,2,1084.96,Enterprise,0,0.3475,0
Asia-Pacific,HP,Gaming Laptop,i7,Intel Iris,16,512,macOS,Black,Online,Bank Transfer,1041.96,5,989.86,3,2969.58,Student,0,0.375,1
Europe,Lenovo,Laptop,M1,Intel UHD,8,512,Windows 11,Black,Online,Bank Transfer,1819.43,5,1728.46,1,1728.46,Enterprise,0,0.3775,1
North America,Microsoft,Gaming Laptop,Ryzen 9,Intel UHD,8,256,Linux,Gray,Reseller,Bank Transfer,956.06,10,860.45,2,1720.9,Enterprise,1,0.3675,1
Asia-Pacific,Razer,Desktop,Ryzen 7,NVIDIA GTX 1650,16,1024,macOS,Blue,Online,Bank Transfer,2720.03,0,2720.03,1,2720.03,Enterprise,0,0.365,1
Asia-Pacific,Asus,All-in-One,Ryzen 3,Intel UHD,4,2048,macOS,White,Reseller,Bank Transfer,1663.72,20,1330.98,1,1330.98,Professional,0,0.375,1
Europe,Apple,Gaming Laptop,i7,Intel Iris,4,1024,macOS,Silver,Reseller,Credit Card,1165.52,20,932.42,3,2797.26,Professional,1,0.35,1
Europe,Dell,Laptop,Ryzen 5,NVIDIA RTX 2060,16,1024,Windows 11,Blue,Reseller,Bank Transfer,1688.49,10,1519.64,3,4558.92,Student,0,0.445,1
Asia-Pacific,Samsung,Laptop,Ryzen 3,NVIDIA RTX 2060,32,1024,macOS,Black,Retail Store,Debit Card,1962.34,5,1864.22,1,1864.22,Student,1,0.4825,1
Asia-Pacific,Lenovo,Gaming Laptop,i7,AMD Radeon Vega,8,2048,Windows 11,Silver,Online,Bank Transfer,922.78,15,784.36,2,1568.72,Gamer,0,0.3925,1
Europe,HP,Laptop,i3,Intel UHD,32,2048,macOS,Gray,Reseller,Debit Card,2353.12,20,1882.5,3,5647.5,Gamer,1,0.4,1
Europe,Samsung,All-in-One,Ryzen 3,AMD Radeon Vega,8,1024,Windows 11,Blue,Retail Store,Bank Transfer,2002.75,5,1902.61,3,5707.83,Gamer,0,0.3675,1
Asia-Pacific,Acer,Laptop,Ryzen 5,NVIDIA RTX 2060,32,256,macOS,Silver,Online,Bank Transfer,2381.14,5,2262.08,3,6786.24,Professional,0,0.5,1
North America,Microsoft,Desktop,Ryzen 9,NVIDIA GTX 1650,8,256,Windows 11,Gray,Reseller,PayPal,734.59,0,734.59,1,734.59,Enterprise,1,0.48,1
Asia-Pacific,Acer,Desktop,i7,NVIDIA RTX 3060,32,2048,macOS,Silver,Retail Store,Credit Card,1791.02,20,1432.82,1,1432.82,Professional,1,0.445,1
Asia-Pacific,Asus,Gaming Laptop,i5,AMD Radeon Vega,16,512,Windows 11,Blue,Online,Credit Card,2717.74,5,2581.85,3,7745.55,Student,0,0.45,1
Europe,Samsung,Desktop,Ryzen 3,NVIDIA RTX 3060,8,1024,Windows 10,Silver,Retail Store,Debit Card,1240.14,10,1116.13,1,1116.13,Student,0,0.3675,1
Asia-Pacific,Lenovo,All-in-One,Ryzen 3,Intel UHD,32,1024,Linux,White,Online,Credit Card,2359.2,0,2359.2,1,2359.2,Professional,1,0.45,1
Asia-Pacific,HP,Desktop,M1,NVIDIA RTX 2060,8,256,Windows 11,White,Online,Bank Transfer,1378.15,5,1309.24,1,1309.24,Enterprise,0,0.4875,1
North America,Asus,Desktop,Ryzen 5,NVIDIA RTX 2060,16,2048,macOS,White,Online,Bank Transfer,1389.64,5,1320.16,2,2640.32,Enterprise,0,0.4275,1
Europe,MSI,Desktop,i7,Intel UHD,16,2048,Linux,Silver,Reseller,Credit Card,498.2,0,498.2,2,996.4,Professional,1,0.285,0
North America,Dell,Desktop,i5,NVIDIA RTX 3060,4,512,macOS,Black,Online,Credit Card,626.02,15,532.12,2,1064.24,Student,1,0.4525,1
Europe,Lenovo,Gaming Laptop,M1,Intel Iris,8,256,Windows 10,White,Retail Store,Credit Card,2585.27,20,2068.22,1,2068.22,Gamer,0,0.41,1
North America,Razer,Gaming Laptop,Ryzen 5,NVIDIA GTX 1650,16,512,Linux,Black,Retail Store,PayPal,776.95,0,776.95,3,2330.85,Gamer,0,0.4025,1
North America,Dell,All-in-One,i5,NVIDIA RTX 3060,4,256,Linux,Gray,Retail Store,Debit Card,1000.66,5,950.63,1,950.63,Student,1,0.47,1
Asia-Pacific,Acer,Gaming Laptop,Ryzen 5,Intel UHD,8,256,macOS,White,Online,PayPal,2036.24,15,1730.8,1,1730.8,Professional,1,0.4225,1
North America,Acer,Laptop,Ryzen 3,Intel UHD,32,1024,Windows 11,White,Online,Debit Card,1328.56,5,1262.13,1,1262.13,Enterprise,1,0.36,1
North America,Microsoft,Gaming Laptop,i5,NVIDIA RTX 3060,8,2048,Windows 10,Black,Reseller,Credit Card,409.29,0,409.29,2,818.58,Gamer,0,0.475,1
North America,Lenovo,Laptop,i5,NVIDIA RTX 3060,16,256,Windows 10,White,Online,Bank Transfer,2126.55,10,1913.9,3,5741.7,Enterprise,0,0.33,0
North America,HP,Gaming Laptop,Ryzen 9,NVIDIA GTX 1650,32,1024,Linux,Black,Reseller,PayPal,2703.86,5,2568.67,2,5137.34,Student,0,0.405,1
North America,Apple,Desktop,M2,AMD Radeon Vega,32,2048,macOS,Black,Online,Bank Transfer,1837.89,10,1654.1,2,3308.2,Gamer,0,0.375,1
Asia-Pacific,Asus,All-in-One,Ryzen 3,Intel Iris,4,256,Windows 11,Silver,Online,Bank Transfer,1440.41,0,1440.41,3,4321.23,Gamer,0,0.3925,1
Asia-Pacific,Acer,Desktop,M2,NVIDIA GTX 1650,8,2048,Linux,White,Retail Store,PayPal,2096.79,10,1887.11,3,5661.33,Gamer,0,0.4325,1
Europe,Microsoft,Laptop,i5,Intel UHD,16,2048,Windows 10,Black,Online,Credit Card,2384.07,10,2145.66,2,4291.32,Gamer,1,0.44,1
Asia-Pacific,HP,All-in-One,Ryzen 7,AMD Radeon Vega,8,256,macOS,Silver,Reseller,Bank Transfer,689.68,5,655.2,1,655.2,Enterprise,0,0.375,1
North America,Apple,Laptop,i9,NVIDIA RTX 2060,4,512,macOS,Blue,Online,Credit Card,2276.71,10,2049.04,1,2049.04,Professional,1,0.49,1
Asia-Pacific,Razer,Gaming Laptop,i5,NVIDIA GTX 1650,16,512,Linux,Silver,Retail Store,Credit Card,2014.59,20,1611.67,3,4835.01,Enterprise,0,0.405,1
Asia-Pacific,HP,Laptop,i5,NVIDIA GTX 1650,32,256,Linux,White,Online,Credit Card,1845.42,5,1753.15,2,3506.3,Professional,0,0.44,1
Asia-Pacific,Lenovo,Laptop,Ryzen 3,Intel UHD,16,2048,Linux,Gray,Online,Debit Card,1379.05,5,1310.1,2,2620.2,Gamer,0,0.4,1
North America,Razer,Desktop,Ryzen 7,NVIDIA GTX 1650,8,256,macOS,White,Reseller,PayPal,598.26,20,478.61,1,478.61,Student,1,0.4175,1
Asia-Pacific,Razer,Laptop,Ryzen 5,Intel UHD,32,256,Windows 10,Gray,Reseller,PayPal,2097.56,20,1678.05,1,1678.05,Professional,0,0.4,1
Europe,HP,All-in-One,i9,Intel UHD,16,2048,Windows 10,White,Retail Store,Bank Transfer,2985.27,0,2985.27,3,8955.81,Enterprise,1,0.29,0
Asia-Pacific,MSI,Desktop,M1,Intel UHD,16,2048,macOS,Black,Retail Store,PayPal,1865.34,10,1678.81,2,3357.62,Professional,1,0.4675,1
Asia-Pacific,MSI,All-in-One,M2,NVIDIA GTX 1650,4,2048,Windows 10,Gray,Online,Bank Transfer,846.13,5,803.82,1,803.82,Student,0,0.35,1
Asia-Pacific,Samsung,All-in-One,i5,Intel UHD,16,2048,macOS,Gray,Retail Store,Bank Transfer,2935.59,0,2935.59,3,8806.77,Gamer,0,0.4,1
North America,Acer,Laptop,i3,NVIDIA RTX 3060,8,1024,Windows 10,White,Online,Debit Card,1828.35,10,1645.51,1,1645.51,Student,0,0.285,0
North America,Dell,All-in-One,i3,AMD Radeon Vega,4,512,Linux,Black,Retail Store,Bank Transfer,2135.77,10,1922.19,3,5766.57,Gamer,0,0.4375,1
Asia-Pacific,Acer,Desktop,M2,NVIDIA RTX 3060,32,2048,Windows 11,Gray,Online,PayPal,1465.48,20,1172.38,1,1172.38,Gamer,0,0.43,1
North America,Acer,All-in-One,Ryzen 7,NVIDIA GTX 1650,32,512,Windows 11,Blue,Retail Store,Debit Card,1539.14,5,1462.18,1,1462.18,Professional,0,0.3975,1
Europe,Microsoft,All-in-One,Ryzen 7,NVIDIA RTX 3060,8,2048,macOS,Gray,Online,Bank Transfer,2816.14,0,2816.14,3,8448.42,Professional,0,0.33,0
Europe,Acer,Gaming Laptop,Ryzen 5,NVIDIA RTX 2060,4,1024,Windows 10,White,Retail Store,Credit Card,2827.82,10,2545.04,1,2545.04,Enterprise,0,0.3325,0
Europe,Samsung,Gaming Laptop,i7,Intel Iris,8,512,Windows 10,Gray,Online,Credit Card,2065.69,15,1755.84,1,1755.84,Enterprise,0,0.32,0
North America,Microsoft,Gaming Laptop,i9,Intel UHD,16,512,Linux,Silver,Reseller,Credit Card,2264.1,10,2037.69,1,2037.69,Student,1,0.425,1
Europe,Microsoft,All-in-One,i9,Intel Iris,16,1024,Windows 11,Blue,Reseller,Bank Transfer,1649.96,20,1319.97,2,2639.94,Gamer,0,0.51,1
North America,Asus,Laptop,M1,Intel Iris,8,512,macOS,White,Online,Bank Transfer,538.87,5,511.93,3,1535.79,Student,0,0.365,1
North America,Apple,Gaming Laptop,Ryzen 7,NVIDIA RTX 3060,16,512,macOS,Gray,Retail Store,Credit Card,1795.83,5,1706.04,3,5118.12,Enterprise,0,0.4475,1
Europe,HP,Gaming Laptop,Ryzen 5,AMD Radeon Vega,8,1024,macOS,Silver,Reseller,Debit Card,1268.66,15,1078.36,2,2156.72,Student,1,0.4075,1
Europe,Microsoft,Gaming Laptop,i9,NVIDIA RTX 3060,16,512,macOS,Silver,Reseller,Credit Card,2078.83,15,1767.01,3,5301.03,Enterprise,0,0.47,1
Europe,Samsung,All-in-One,M2,NVIDIA RTX 2060,4,256,Linux,Gray,Retail Store,Credit Card,1016.12,0,1016.12,2,2032.24,Student,0,0.29,0
Europe,Apple,Desktop,i9,NVIDIA RTX 2060,16,2048,macOS,Silver,Online,Bank Transfer,1157.08,15,983.52,3,2950.56,Enterprise,0,0.355,1
Europe,HP,All-in-One,Ryzen 7,Intel UHD,4,2048,macOS,Silver,Retail Store,Credit Card,2555.93,0,2555.93,3,7667.79,Student,1,0.3475,0
Europe,Apple,Gaming Laptop,i9,NVIDIA RTX 2060,32,256,macOS,Black,Reseller,Debit Card,2514.62,5,2388.89,1,2388.89,Student,0,0.4125,1
Asia-Pacific,Asus,All-in-One,Ryzen 7,NVIDIA GTX 1650,8,1024,macOS,Black,Online,Debit Card,801.34,20,641.07,2,1282.14,Student,1,0.395,1
Europe,Lenovo,Gaming Laptop,Ryzen 9,NVIDIA RTX 2060,4,1024,Linux,Black,Retail Store,PayPal,1241.85,20,993.48,2,1986.96,Professional,1,0.315,0
Europe,MSI,Laptop,Ryzen 9,NVIDIA RTX 2060,4,2048,macOS,White,Retail Store,Debit Card,2474.71,20,1979.77,1,1979.77,Gamer,1,0.3875,1
North America,Lenovo,Desktop,i5,NVIDIA GTX 1650,8,512,Linux,Black,Retail Store,Credit Card,628.84,10,565.96,3,1697.88,Student,0,0.3875,1
North America,Apple,Desktop,M2,Intel UHD,4,512,macOS,Silver,Retail Store,Debit Card,2373.42,5,2254.75,1,2254.75,Student,0,0.405,1
Asia-Pacific,HP,Gaming Laptop,Ryzen 9,Intel UHD,4,256,macOS,White,Retail Store,PayPal,2815.64,5,2674.86,1,2674.86,Professional,0,0.4225,1
Europe,Lenovo,Desktop,i9,Intel UHD,32,1024,macOS,Black,Reseller,Credit Card,1709.17,5,1623.71,3,4871.13,Enterprise,0,0.4375,1
Asia-Pacific,Razer,All-in-One,Ryzen 9,Intel UHD,16,256,Windows 10,Blue,Online,Credit Card,910.71,0,910.71,2,1821.42,Professional,1,0.36,1
North America,MSI,All-in-One,i5,NVIDIA RTX 3060,32,2048,macOS,Black,Retail Store,Credit Card,2913.09,0,2913.09,1,2913.09,Gamer,0,0.3875,1
North America,MSI,Laptop,i5,Intel UHD,16,1024,Windows 10,Gray,Online,Credit Card,1836.96,15,1561.42,2,3122.84,Enterprise,1,0.37,1
Asia-Pacific,Apple,All-in-One,i5,NVIDIA GTX 1650,4,1024,macOS,Gray,Online,PayPal,1263.18,5,1200.02,3,3600.06,Professional,0,0.46,1
Asia-Pacific,Razer,Desktop,i7,NVIDIA RTX 3060,16,256,Windows 11,Black,Online,Bank Transfer,607.03,15,515.98,1,515.98,Student,1,0.4625,1
Europe,Dell,All-in-One,Ryzen 3,NVIDIA RTX 3060,16,256,Windows 10,Gray,Reseller,Bank Transfer,2045.25,20,1636.2,3,4908.6,Student,1,0.4625,1
Asia-Pacific,Razer,Desktop,Ryzen 9,NVIDIA RTX 3060,32,256,Linux,White,Online,Debit Card,2232.31,5,2120.69,2,4241.38,Enterprise,0,0.4225,1
North America,Acer,Desktop,Ryzen 3,AMD Radeon Vega,4,2048,Windows 11,Gray,Online,Debit Card,2550.29,0,2550.29,3,7650.87,Professional,0,0.47,1
Asia-Pacific,MSI,Laptop,M2,AMD Radeon Vega,32,256,Windows 11,White,Reseller,PayPal,1106.37,5,1051.05,1,1051.05,Gamer,0,0.3875,1
North America,HP,All-in-One,Ryzen 5,Intel Iris,32,512,Windows 11,White,Retail Store,Debit Card,1215.26,10,1093.73,1,1093.73,Enterprise,1,0.4575,1
Asia-Pacific,Microsoft,Desktop,Ryzen 7,NVIDIA RTX 2060,8,256,Linux,White,Online,Credit Card,2162.01,20,1729.61,1,1729.61,Gamer,0,0.3225,0
Europe,Razer,Desktop,Ryzen 7,NVIDIA GTX 1650,4,512,macOS,Gray,Online,Bank Transfer,1837.74,5,1745.85,1,1745.85,Enterprise,0,0.3425,0
Asia-Pacific,HP,Gaming Laptop,Ryzen 9,NVIDIA GTX 1650,4,256,Windows 10,Silver,Online,PayPal,544.68,5,517.45,1,517.45,Enterprise,0,0.3525,1
North America,MSI,Laptop,i9,Intel Iris,32,512,Linux,Silver,Retail Store,Bank Transfer,1573.39,5,1494.72,1,1494.72,Gamer,1,0.32,0
Asia-Pacific,Apple,Gaming Laptop,i7,Intel UHD,32,256,macOS,White,Online,Debit Card,2511.69,15,2134.94,3,6404.82,Professional,0,0.47,1
Asia-Pacific,Microsoft,Laptop,M2,NVIDIA GTX 1650,16,1024,macOS,Silver,Online,Bank Transfer,1935.85,10,1742.26,2,3484.52,Enterprise,1,0.35,1
Europe,HP,All-in-One,Ryzen 7,Intel Iris,4,512,Windows 11,Silver,Reseller,Bank Transfer,785.11,0,785.11,1,785.11,Student,1,0.475,1
Asia-Pacific,Microsoft,Laptop,Ryzen 3,AMD Radeon Vega,4,256,Windows 10,Black,Retail Store,Credit Card,628.12,10,565.31,3,1695.93,Enterprise,0,0.375,1
Asia-Pacific,Asus,Gaming Laptop,Ryzen 7,NVIDIA RTX 2060,4,256,Linux,Black,Reseller,Debit Card,2640.53,10,2376.48,1,2376.48,Gamer,0,0.3225,0
Europe,Dell,All-in-One,Ryzen 7,Intel UHD,4,512,Linux,Silver,Reseller,Bank Transfer,2784.93,15,2367.19,2,4734.38,Enterprise,0,0.3575,1
North America,Razer,Gaming Laptop,Ryzen 3,Intel Iris,8,256,Windows 10,Gray,Reseller,PayPal,1319.81,20,1055.85,3,3167.55,Student,1,0.34,0
Asia-Pacific,HP,All-in-One,Ryzen 7,Intel Iris,8,1024,macOS,Silver,Retail Store,PayPal,2598.76,10,2338.88,2,4677.76,Gamer,0,0.39,1
North America,Acer,Desktop,i5,Intel Iris,16,1024,macOS,White,Retail Store,Credit Card,457.53,0,457.53,3,1372.59,Enterprise,0,0.305,0
Europe,Microsoft,Gaming Laptop,i7,NVIDIA GTX 1650,4,512,Windows 11,Silver,Retail Store,Debit Card,1115.61,5,1059.83,1,1059.83,Professional,1,0.315,0
Europe,Samsung,Gaming Laptop,i5,Intel UHD,16,256,Windows 11,Silver,Online,Debit Card,602.91,5,572.76,2,1145.52,Professional,0,0.32,0
Asia-Pacific,Samsung,All-in-One,M1,NVIDIA RTX 2060,32,512,macOS,Gray,Online,PayPal,786.46,15,668.49,2,1336.98,Gamer,0,0.36,1
Asia-Pacific,Acer,Gaming Laptop,Ryzen 5,Intel Iris,16,2048,macOS,Gray,Reseller,PayPal,2407.22,15,2046.14,3,6138.42,Student,0,0.435,1
North America,Asus,Gaming Laptop,i7,NVIDIA RTX 2060,16,1024,Linux,Black,Retail Store,PayPal,2483.41,15,2110.9,3,6332.7,Gamer,1,0.4725,1
North America,Razer,Laptop,Ryzen 3,Intel Iris,8,2048,Linux,Silver,Reseller,Bank Transfer,2764.79,10,2488.31,1,2488.31,Student,1,0.3825,1
Europe,Acer,Desktop,i3,AMD Radeon Vega,32,256,Windows 11,Black,Online,Credit Card,2310.35,10,2079.32,3,6237.96,Professional,0,0.4925,1
North America,Dell,Desktop,Ryzen 9,Intel Iris,32,2048,macOS,Gray,Online,Credit Card,979.14,10,881.23,3,2643.69,Gamer,1,0.4525,1
Europe,Asus,Laptop,i5,Intel Iris,8,512,Windows 10,Black,Reseller,PayPal,2833.31,5,2691.64,2,5383.28,Professional,1,0.4225,1
Europe,Asus,All-in-One,i9,Intel Iris,32,1024,Linux,Silver,Retail Store,Credit Card,899.89,5,854.9,1,854.9,Enterprise,0,0.2975,0
Europe,Acer,Desktop,Ryzen 7,NVIDIA RTX 2060,32,256,Windows 10,Black,Online,Credit Card,1874.94,15,1593.7,2,3187.4,Enterprise,0,0.335,0
North America,Apple,Desktop,i3,NVIDIA RTX 2060,32,2048,macOS,White,Retail Store,Debit Card,402.3,5,382.19,1,382.19,Student,0,0.35,1
North America,Samsung,Desktop,i3,Intel UHD,4,2048,macOS,Silver,Online,Bank Transfer,1633.2,15,1388.22,3,4164.66,Student,0,0.39,1
North America,HP,All-in-One,i5,NVIDIA RTX 3060,4,256,Windows 11,White,Retail Store,Debit Card,428.81,20,343.05,3,1029.15,Enterprise,0,0.4475,1
North America,Microsoft,Laptop,Ryzen 3,AMD Radeon Vega,16,2048,macOS,Silver,Reseller,Bank Transfer,1661.85,5,1578.76,3,4736.28,Enterprise,1,0.4275,1
Asia-Pacific,Razer,Gaming Laptop,Ryzen 9,AMD Radeon Vega,4,2048,macOS,Silver,Online,Bank Transfer,1134.55,15,964.37,1,964.37,Student,0,0.3875,1
Europe,MSI,Desktop,i5,NVIDIA RTX 2060,8,1024,macOS,White,Reseller,Bank Transfer,2922.38,0,2922.38,3,8767.14,Gamer,0,0.31,0
Asia-Pacific,Dell,All-in-One,M1,Intel UHD,16,1024,Windows 11,Black,Online,Credit Card,2251.0,15,1913.35,3,5740.05,Student,1,0.47,1
Asia-Pacific,Dell,Laptop,Ryzen 7,Intel UHD,8,2048,Windows 10,White,Reseller,PayPal,1848.48,15,1571.21,2,3142.42,Professional,0,0.37,1
Asia-Pacific,Razer,Gaming Laptop,i5,NVIDIA RTX 2060,32,1024,Linux,Gray,Reseller,Bank Transfer,1798.38,5,1708.46,1,1708.46,Enterprise,1,0.38,1
Asia-Pacific,Razer,All-in-One,i3,NVIDIA RTX 3060,8,2048,Windows 11,Silver,Retail Store,Debit Card,925.73,5,879.44,1,879.44,Student,0,0.355,1
North America,Acer,Laptop,Ryzen 7,NVIDIA RTX 3060,16,2048,macOS,Blue,Retail Store,Bank Transfer,2733.06,15,2323.1,3,6969.3,Enterprise,1,0.48,1
Europe,Razer,Gaming Laptop,i9,NVIDIA RTX 2060,8,512,Windows 11,Silver,Online,Bank Transfer,1772.35,20,1417.88,2,2835.76,Gamer,0,0.34,0
Europe,Samsung,Laptop,i5,NVIDIA RTX 3060,32,256,Linux,White,Retail Store,Credit Card,2431.35,15,2066.65,3,6199.95,Enterprise,0,0.5275,1
North America,HP,Gaming Laptop,Ryzen 5,NVIDIA RTX 2060,32,1024,macOS,White,Retail Store,Credit Card,2377.37,20,1901.9,2,3803.8,Enterprise,0,0.36,1
Europe,MSI,Gaming Laptop,M1,NVIDIA RTX 3060,32,256,Windows 10,White,Online,PayPal,1459.15,10,1313.24,2,2626.48,Gamer,1,0.3375,0
Europe,Microsoft,All-in-One,M2,Intel UHD,4,512,Windows 10,White,Reseller,Credit Card,961.94,20,769.55,1,769.55,Enterprise,0,0.3425,0
North America,HP,Desktop,M1,Intel UHD,4,1024,macOS,Gray,Online,Credit Card,1329.57,15,1130.13,2,2260.26,Gamer,0,0.445,1
North America,HP,All-in-One,Ryzen 9,NVIDIA RTX 2060,8,1024,Windows 11,Blue,Online,Credit Card,1130.14,15,960.62,3,2881.86,Gamer,0,0.4,1
Europe,Apple,Gaming Laptop,Ryzen 7,NVIDIA GTX 1650,32,512,macOS,White,Retail Store,Debit Card,566.95,0,566.95,2,1133.9,Gamer,1,0.2575,0
North America,Acer,Gaming Laptop,i9,AMD Radeon Vega,8,1024,macOS,Black,Online,PayPal,1488.42,10,1339.58,1,1339.58,Student,0,0.35,1
Asia-Pacific,Samsung,Laptop,Ryzen 3,Intel UHD,8,1024,Windows 10,Gray,Retail Store,Credit Card,639.89,20,511.91,1,511.91,Professional,1,0.355,1
Europe,Acer,Laptop,i7,Intel Iris,32,2048,Windows 10,Gray,Reseller,Credit Card,697.75,10,627.98,3,1883.94,Professional,1,0.36,1
North America,Asus,All-in-One,M1,AMD Radeon Vega,8,2048,Windows 10,White,Online,Bank Transfer,2534.38,15,2154.22,2,4308.44,Student,0,0.4575,1
North America,MSI,Desktop,Ryzen 9,Intel Iris,16,2048,Windows 10,Gray,Online,Bank Transfer,1462.11,5,1389.0,1,1389.0,Enterprise,1,0.3825,1
Europe,Asus,Laptop,i3,Intel UHD,4,2048,Windows 10,Blue,Reseller,Bank Transfer,950.44,5,902.92,2,1805.84,Gamer,0,0.4825,1
Asia-Pacific,Acer,Laptop,Ryzen 5,Intel Iris,16,512,Windows 10,Black,Reseller,PayPal,509.97,20,407.98,3,1223.94,Gamer,1,0.37,1
Asia-Pacific,Samsung,All-in-One,M1,AMD Radeon Vega,8,512,Windows 11,Blue,Retail Store,Bank Transfer,2679.38,5,2545.41,1,2545.41,Gamer,0,0.3375,0
North America,Dell,Gaming Laptop,i3,NVIDIA GTX 1650,16,2048,Windows 10,Blue,Reseller,Bank Transfer,739.47,15,628.55,1,628.55,Professional,1,0.43,1
Europe,Razer,Laptop,Ryzen 3,Intel Iris,16,1024,Linux,Gray,Online,Credit Card,1068.9,15,908.57,3,2725.71,Student,0,0.3875,1
North America,Lenovo,Desktop,M1,Intel UHD,32,512,macOS,Gray,Online,Credit Card,578.1,5,549.2,3,1647.6,Professional,1,0.3625,1
Europe,Acer,Gaming Laptop,i3,NVIDIA GTX 1650,16,1024,Windows 11,Silver,Retail Store,Debit Card,2266.5,0,2266.5,1,2266.5,Gamer,1,0.33,0
North America,Acer,Gaming Laptop,M1,NVIDIA RTX 2060,32,256,Windows 11,White,Retail Store,PayPal,2265.92,0,2265.92,1,2265.92,Enterprise,1,0.44,1
Europe,MSI,Desktop,i5,AMD Radeon Vega,32,2048,Linux,Blue,Reseller,PayPal,2264.3,15,1924.66,2,3849.32,Enterprise,1,0.3975,1
Asia-Pacific,Samsung,Laptop,Ryzen 7,AMD Radeon Vega,8,256,Linux,Silver,Online,Credit Card,1961.93,5,1863.83,1,1863.83,Enterprise,1,0.345,0
Asia-Pacific,Microsoft,Desktop,Ryzen 9,Intel UHD,32,256,Linux,Silver,Reseller,Debit Card,2373.03,10,2135.73,3,6407.19,Enterprise,1,0.4825,1
Europe,Acer,Desktop,i3,Intel UHD,16,1024,Linux,Blue,Retail Store,Credit Card,2518.67,15,2140.87,3,6422.61,Enterprise,1,0.415,1
Europe,Razer,Laptop,i7,NVIDIA RTX 3060,8,2048,Linux,Gray,Retail Store,PayPal,2105.56,5,2000.28,2,4000.56,Student,1,0.485,1
Asia-Pacific,Microsoft,Laptop,Ryzen 7,AMD Radeon Vega,8,256,Windows 11,Gray,Online,Bank Transfer,1090.76,20,872.61,2,1745.22,Professional,0,0.4375,1
Asia-Pacific,MSI,Gaming Laptop,M1,NVIDIA RTX 3060,4,2048,Windows 11,White,Retail Store,Credit Card,1396.94,5,1327.09,2,2654.18,Student,0,0.435,1
Europe,Razer,All-in-One,i7,AMD Radeon Vega,8,1024,macOS,Blue,Retail Store,Credit Card,416.49,20,333.19,3,999.57,Enterprise,1,0.4425,1
North America,HP,All-in-One,M1,AMD Radeon Vega,32,256,Windows 10,Gray,Online,Bank Transfer,1019.64,15,866.69,3,2600.07,Enterprise,0,0.33,0
North America,Asus,Desktop,Ryzen 7,NVIDIA RTX 2060,8,1024,Windows 11,Silver,Retail Store,Debit Card,1145.64,0,1145.64,2,2291.28,Gamer,0,0.435,1
Asia-Pacific,Lenovo,Gaming Laptop,M1,Intel Iris,32,2048,Windows 10,Gray,Online,Bank Transfer,1919.83,10,1727.85,2,3455.7,Gamer,0,0.345,0
Asia-Pacific,Microsoft,Desktop,Ryzen 3,Intel Iris,4,512,macOS,Gray,Retail Store,PayPal,1087.78,20,870.22,3,2610.66,Enterprise,1,0.41,1
North America,HP,Desktop,i3,AMD Radeon Vega,32,2048,Windows 11,Gray,Online,Debit Card,1853.56,20,1482.85,2,2965.7,Gamer,0,0.4275,1
Asia-Pacific,Dell,Laptop,i3,AMD Radeon Vega,16,2048,Windows 11,Black,Retail Store,Debit Card,2286.83,0,2286.83,2,4573.66,Enterprise,0,0.4625,1
North America,HP,Laptop,Ryzen 7,NVIDIA RTX 3060,8,2048,Linux,Silver,Retail Store,PayPal,1865.78,20,1492.62,2,2985.24,Gamer,0,0.3375,0
Asia-Pacific,Dell,Laptop,i3,AMD Radeon Vega,4,2048,Windows 10,White,Retail Store,PayPal,666.43,15,566.47,2,1132.94,Enterprise,0,0.385,1
North America,Microsoft,All-in-One,Ryzen 9,NVIDIA GTX 1650,4,256,Windows 11,Blue,Online,PayPal,2611.91,20,2089.53,1,2089.53,Enterprise,0,0.385,1
Europe,Apple,Gaming Laptop,i3,NVIDIA RTX 3060,16,256,macOS,Black,Online,Debit Card,1766.35,0,1766.35,2,3532.7,Student,0,0.46,1
North America,Dell,Desktop,i9,AMD Radeon Vega,16,2048,Linux,White,Reseller,PayPal,1434.45,0,1434.45,2,2868.9,Enterprise,0,0.4325,1
Europe,Samsung,Gaming Laptop,i3,Intel UHD,32,2048,Windows 11,Silver,Retail Store,Credit Card,747.4,0,747.4,2,1494.8,Gamer,1,0.3575,1
Asia-Pacific,Apple,All-in-One,i3,Intel Iris,32,2048,macOS,Blue,Retail Store,Bank Transfer,1961.11,5,1863.05,3,5589.15,Gamer,0,0.4375,1
Europe,Samsung,Desktop,i3,NVIDIA GTX 1650,4,1024,Windows 10,White,Retail Store,Credit Card,2990.24,10,2691.22,3,8073.66,Student,1,0.4775,1
North America,Dell,All-in-One,Ryzen 9,NVIDIA RTX 2060,32,256,Windows 11,Blue,Reseller,PayPal,650.03,20,520.02,1,520.02,Student,1,0.4325,1
Asia-Pacific,Asus,Gaming Laptop,i5,Intel UHD,4,1024,Windows 11,Silver,Online,Credit Card,522.42,0,522.42,1,522.42,Enterprise,0,0.3425,0
North America,Asus,Gaming Laptop,i7,NVIDIA RTX 3060,4,256,Windows 10,Silver,Retail Store,Bank Transfer,1281.84,0,1281.84,2,2563.68,Gamer,0,0.4575,1
Europe,Dell,All-in-One,Ryzen 9,NVIDIA GTX 1650,32,2048,Windows 10,White,Retail Store,Credit Card,1668.72,10,1501.85,3,4505.55,Enterprise,0,0.4525,1
Europe,Apple,Desktop,Ryzen 5,NVIDIA GTX 1650,16,1024,macOS,White,Reseller,Credit Card,668.18,5,634.77,3,1904.31,Gamer,0,0.3525,1
Asia-Pacific,Samsung,Laptop,i7,NVIDIA GTX 1650,16,512,Linux,Blue,Online,PayPal,2331.24,20,1864.99,3,5594.97,Professional,0,0.5275,1
Europe,Razer,Laptop,i3,NVIDIA GTX 1650,32,512,macOS,Blue,Reseller,Debit Card,2546.6,5,2419.27,3,7257.81,Gamer,1,0.4525,1
Europe,Razer,Laptop,Ryzen 3,NVIDIA GTX 1650,32,1024,macOS,Silver,Reseller,PayPal,1213.23,15,1031.25,1,1031.25,Enterprise,0,0.4375,1
North America,Asus,Desktop,i3,NVIDIA RTX 3060,4,1024,Linux,Silver,Retail Store,Credit Card,2786.53,5,2647.2,1,2647.2,Student,0,0.375,1
Europe,Dell,Desktop,Ryzen 3,AMD Radeon Vega,32,256,Windows 10,White,Retail Store,Debit Card,2541.55,15,2160.32,3,6480.96,Enterprise,0,0.4775,1
North America,HP,Desktop,Ryzen 9,NVIDIA RTX 3060,4,1024,Windows 11,Silver,Reseller,Debit Card,2190.92,20,1752.74,1,1752.74,Enterprise,1,0.375,1
Asia-Pacific,Razer,Laptop,i7,NVIDIA RTX 3060,8,512,macOS,Black,Retail Store,Debit Card,1739.22,20,1391.38,3,4174.14,Enterprise,0,0.4275,1
Asia-Pacific,Samsung,Desktop,i5,NVIDIA RTX 2060,8,2048,Windows 10,Blue,Reseller,Debit Card,2896.91,15,2462.37,1,2462.37,Professional,1,0.3625,1
Europe,Samsung,Laptop,i9,Intel UHD,16,256,Linux,Silver,Reseller,Credit Card,2054.48,0,2054.48,3,6163.44,Student,1,0.4125,1
Europe,Samsung,All-in-One,Ryzen 9,AMD Radeon Vega,8,256,macOS,Blue,Reseller,PayPal,1259.33,0,1259.33,3,3777.99,Gamer,0,0.36,1
Asia-Pacific,Samsung,Desktop,i7,AMD Radeon Vega,8,256,macOS,Black,Retail Store,Bank Transfer,1796.94,20,1437.55,3,4312.65,Professional,1,0.3575,1
Asia-Pacific,Dell,Gaming Laptop,Ryzen 7,Intel Iris,32,256,Windows 11,Black,Online,Debit Card,1460.28,0,1460.28,1,1460.28,Professional,0,0.345,0
Europe,Acer,Desktop,Ryzen 9,AMD Radeon Vega,4,512,Windows 11,Blue,Retail Store,Bank Transfer,977.88,10,880.09,3,2640.27,Student,1,0.28,0
Europe,Lenovo,Gaming Laptop,M1,NVIDIA RTX 2060,32,1024,Windows 11,White,Online,Credit Card,1758.93,10,1583.04,3,4749.12,Student,0,0.3675,1
North America,Asus,Laptop,i9,NVIDIA RTX 2060,16,1024,Windows 10,White,Reseller,Credit Card,970.01,0,970.01,1,970.01,Gamer,0,0.315,0
Asia-Pacific,Acer,Desktop,i7,Intel UHD,8,2048,Windows 10,White,Retail Store,Bank Transfer,1155.69,10,1040.12,1,1040.12,Gamer,0,0.39,1
Europe,Microsoft,Laptop,Ryzen 3,NVIDIA GTX 1650,32,1024,Linux,White,Reseller,PayPal,1750.51,10,1575.46,3,4726.38,Gamer,0,0.4375,1
Europe,Asus,Laptop,i3,Intel UHD,32,512,Windows 10,Silver,Online,Debit Card,2370.12,0,2370.12,1,2370.12,Student,0,0.4275,1
Asia-Pacific,HP,Gaming Laptop,Ryzen 3,Intel UHD,8,1024,macOS,Silver,Reseller,Bank Transfer,2264.37,10,2037.93,1,2037.93,Enterprise,1,0.3175,0
Europe,Samsung,Gaming Laptop,i9,NVIDIA GTX 1650,16,256,Linux,Gray,Reseller,Debit Card,1308.08,20,1046.46,3,3139.38,Student,1,0.35,1
Asia-Pacific,MSI,Gaming Laptop,Ryzen 9,AMD Radeon Vega,16,1024,Linux,White,Reseller,PayPal,2089.31,10,1880.38,1,1880.38,Enterprise,0,0.385,1
Asia-Pacific,Asus,Gaming Laptop,i5,NVIDIA RTX 3060,32,256,macOS,White,Retail Store,PayPal,1470.91,5,1397.36,2,2794.72,Student,1,0.43,1
Europe,Acer,All-in-One,i9,Intel Iris,16,1024,macOS,Silver,Online,Credit Card,1138.19,0,1138.19,1,1138.19,Enterprise,1,0.3025,0
Europe,Acer,All-in-One,M2,NVIDIA RTX 3060,16,2048,Windows 10,Blue,Reseller,PayPal,969.64,0,969.64,3,2908.92,Student,0,0.38,1
North America,Microsoft,Laptop,M1,NVIDIA GTX 1650,4,512,macOS,White,Reseller,Credit Card,2956.13,15,2512.71,1,2512.71,Enterprise,0,0.47,1
Europe,Lenovo,Gaming Laptop,Ryzen 3,NVIDIA RTX 3060,32,512,macOS,White,Reseller,Credit Card,462.47,10,416.22,2,832.44,Student,0,0.415,1
Europe,Microsoft,All-in-One,i3,Intel Iris,4,256,Windows 10,Silver,Retail Store,Bank Transfer,2226.51,0,2226.51,1,2226.51,Gamer,0,0.2725,0
North America,Razer,All-in-One,Ryzen 3,AMD Radeon Vega,16,256,macOS,Blue,Reseller,Credit Card,2817.55,5,2676.67,1,2676.67,Gamer,1,0.4725,1
North America,Acer,Desktop,Ryzen 5,NVIDIA GTX 1650,16,512,Linux,Blue,Online,Debit Card,2991.54,5,2841.96,1,2841.96,Gamer,0,0.44,1
Europe,MSI,Desktop,i7,NVIDIA RTX 3060,16,2048,Windows 11,White,Online,PayPal,1943.28,20,1554.62,1,1554.62,Student,0,0.3725,1
Asia-Pacific,MSI,Gaming Laptop,Ryzen 7,NVIDIA RTX 2060,4,2048,Windows 10,Silver,Online,Credit Card,1324.9,10,1192.41,1,1192.41,Enterprise,0,0.3975,1
Europe,Apple,All-in-One,M2,NVIDIA RTX 3060,32,1024,macOS,White,Reseller,Credit Card,745.76,10,671.18,1,671.18,Enterprise,0,0.3875,1
Europe,Samsung,Laptop,Ryzen 5,Intel Iris,32,512,Windows 11,Silver,Retail Store,PayPal,779.61,5,740.63,1,740.63,Gamer,1,0.35,1
North America,Acer,All-in-One,M1,NVIDIA GTX 1650,16,1024,Linux,Silver,Online,Credit Card,2142.59,0,2142.59,3,6427.77,Gamer,0,0.385,1
North America,Dell,All-in-One,M2,Intel Iris,16,512,Linux,Black,Online,Bank Transfer,1674.88,15,1423.65,1,1423.65,Gamer,1,0.4125,1
Europe,Asus,Desktop,i7,NVIDIA RTX 2060,4,512,Linux,White,Online,Credit Card,1196.38,10,1076.74,2,2153.48,Enterprise,1,0.405,1
Asia-Pacific,HP,All-in-One,Ryzen 3,Intel Iris,32,2048,Linux,Silver,Online,Bank Transfer,2308.52,5,2193.09,2,4386.18,Student,1,0.475,1
Asia-Pacific,Apple,Desktop,i9,AMD Radeon Vega,32,256,macOS,White,Retail Store,Credit Card,1737.53,20,1390.02,2,2780.04,Enterprise,1,0.3975,1
Europe,Apple,All-in-One,M1,AMD Radeon Vega,16,1024,macOS,Black,Reseller,Bank Transfer,707.17,20,565.74,2,1131.48,Student,0,0.43,1
Asia-Pacific,Microsoft,All-in-One,i3,NVIDIA RTX 2060,32,256,Linux,White,Reseller,Bank Transfer,1208.44,5,1148.02,3,3444.06,Gamer,1,0.3675,1
North America,Acer,All-in-One,M2,NVIDIA RTX 2060,32,512,Windows 11,Blue,Online,Bank Transfer,1349.43,20,1079.54,3,3238.62,Professional,1,0.38,1
North America,Asus,Gaming Laptop,Ryzen 9,Intel UHD,16,256,Windows 10,White,Reseller,PayPal,814.62,0,814.62,3,2443.86,Student,1,0.4525,1
Asia-Pacific,MSI,Laptop,i5,NVIDIA GTX 1650,32,1024,Windows 11,Black,Reseller,Credit Card,2876.13,0,2876.13,2,5752.26,Enterprise,1,0.375,1
North America,Asus,Laptop,Ryzen 3,NVIDIA RTX 2060,8,256,macOS,Blue,Reseller,Bank Transfer,794.38,15,675.22,2,1350.44,Gamer,1,0.34,0
Asia-Pacific,Lenovo,Laptop,Ryzen 9,AMD Radeon Vega,16,256,Windows 10,Blue,Retail Store,Credit Card,2570.08,10,2313.07,3,6939.21,Student,1,0.4275,1
North America,Dell,Desktop,M2,Intel UHD,32,512,macOS,Black,Reseller,Credit Card,2920.06,10,2628.05,3,7884.15,Enterprise,0,0.44,1
North America,Microsoft,Desktop,M2,AMD Radeon Vega,32,1024,Windows 11,Blue,Reseller,Bank Transfer,2182.72,10,1964.45,1,1964.45,Gamer,1,0.3975,1
North America,Dell,Gaming Laptop,i3,NVIDIA RTX 2060,4,1024,Windows 11,White,Retail Store,PayPal,842.0,15,715.7,2,1431.4,Gamer,1,0.355,1
Europe,Dell,Desktop,M1,NVIDIA RTX 3060,32,1024,Windows 11,White,Online,PayPal,1401.11,20,1120.89,3,3362.67,Gamer,1,0.4575,1
North America,Apple,All-in-One,i9,Intel UHD,32,256,macOS,Silver,Retail Store,Credit Card,1970.96,5,1872.41,3,5617.23,Gamer,0,0.405,1
Europe,Microsoft,Laptop,M2,NVIDIA GTX 1650,32,2048,macOS,Gray,Reseller,Bank Transfer,2372.92,20,1898.34,1,1898.34,Student,1,0.44,1
Europe,Lenovo,All-in-One,i7,NVIDIA RTX 2060,8,256,macOS,White,Retail Store,Bank Transfer,2880.31,0,2880.31,3,8640.93,Student,1,0.3425,0
North America,HP,Laptop,Ryzen 7,NVIDIA RTX 2060,4,512,macOS,Silver,Retail Store,PayPal,1964.95,10,1768.46,2,3536.92,Professional,0,0.3925,1
Europe,Apple,Desktop,M2,AMD Radeon Vega,4,2048,macOS,Silver,Reseller,Credit Card,2042.89,5,1940.75,1,1940.75,Professional,0,0.3375,0
North America,Lenovo,Laptop,Ryzen 5,NVIDIA GTX 1650,4,512,Windows 11,Silver,Online,Debit Card,730.32,15,620.77,2,1241.54,Gamer,0,0.3625,1
Europe,Acer,Gaming Laptop,Ryzen 5,Intel UHD,16,512,Linux,Black,Online,Bank Transfer,2526.24,20,2020.99,1,2020.99,Enterprise,0,0.455,1
Europe,Asus,Laptop,M2,NVIDIA GTX 1650,4,256,Linux,Gray,Reseller,Credit Card,1148.13,0,1148.13,2,2296.26,Professional,0,0.3775,1
Asia-Pacific,Dell,Gaming Laptop,Ryzen 3,Intel UHD,16,1024,Windows 11,Blue,Retail Store,Credit Card,2947.89,20,2358.31,1,2358.31,Student,1,0.4275,1
Europe,HP,All-in-One,i3,NVIDIA RTX 2060,8,256,Windows 10,Blue,Reseller,PayPal,2942.11,20,2353.69,2,4707.38,Enterprise,0,0.47,1
Asia-Pacific,HP,All-in-One,Ryzen 3,Intel Iris,16,256,macOS,Black,Reseller,PayPal,1032.71,15,877.8,1,877.8,Student,1,0.4825,1
North America,Microsoft,Gaming Laptop,M2,Intel Iris,8,256,Linux,Black,Reseller,PayPal,1289.36,10,1160.42,3,3481.26,Professional,1,0.3375,0
Asia-Pacific,Acer,Desktop,M1,AMD Radeon Vega,32,1024,Windows 11,White,Retail Store,Bank Transfer,2689.39,10,2420.45,1,2420.45,Professional,1,0.4575,1
Asia-Pacific,MSI,Laptop,i9,AMD Radeon Vega,16,256,Linux,White,Retail Store,Credit Card,733.42,10,660.08,1,660.08,Student,1,0.3975,1
North America,Samsung,Gaming Laptop,Ryzen 5,Intel UHD,32,512,macOS,Silver,Retail Store,Debit Card,675.72,15,574.36,2,1148.72,Enterprise,0,0.3225,0
Asia-Pacific,HP,All-in-One,M2,Intel Iris,32,1024,macOS,Silver,Online,Credit Card,2147.58,15,1825.44,2,3650.88,Gamer,0,0.3925,1
Europe,Samsung,Laptop,M1,NVIDIA RTX 2060,8,256,Linux,Blue,Retail Store,Bank Transfer,1329.18,15,1129.8,1,1129.8,Enterprise,1,0.3675,1
Europe,Samsung,Desktop,Ryzen 7,AMD Radeon Vega,16,2048,Linux,Silver,Online,PayPal,799.96,0,799.96,3,2399.88,Enterprise,1,0.4,1
North America,Microsoft,Desktop,M1,NVIDIA RTX 2060,16,1024,Linux,Silver,Reseller,PayPal,1433.72,15,1218.66,1,1218.66,Professional,0,0.4025,1
North America,HP,Laptop,i7,NVIDIA GTX 1650,32,2048,Linux,Silver,Reseller,PayPal,2417.03,5,2296.18,3,6888.54,Professional,1,0.5175,1
Europe,Samsung,All-in-One,i7,NVIDIA RTX 3060,16,1024,Windows 10,Silver,Online,Credit Card,2252.61,20,1802.09,2,3604.18,Professional,0,0.4075,1
Asia-Pacific,Apple,All-in-One,i7,NVIDIA RTX 3060,16,512,macOS,Silver,Online,Bank Transfer,733.12,10,659.81,1,659.81,Gamer,0,0.3625,1
Europe,Apple,Gaming Laptop,i5,NVIDIA RTX 2060,8,512,macOS,Black,Online,PayPal,863.8,20,691.04,3,2073.12,Gamer,0,0.3975,1
Asia-Pacific,Razer,Desktop,i7,Intel UHD,16,512,Linux,Gray,Reseller,Credit Card,2654.25,10,2388.83,1,2388.83,Enterprise,0,0.4625,1
North America,Samsung,Desktop,i7,NVIDIA RTX 2060,16,1024,Linux,White,Retail Store,Credit Card,2638.4,10,2374.56,3,7123.68,Professional,0,0.445,1
Europe,HP,Desktop,Ryzen 9,Intel Iris,8,2048,Linux,Silver,Reseller,Debit Card,2294.47,5,2179.75,1,2179.75,Gamer,0,0.28,0
North America,Asus,Desktop,i5,NVIDIA RTX 3060,32,1024,macOS,Silver,Retail Store,Credit Card,2474.46,0,2474.46,3,7423.38,Gamer,1,0.395,1
Asia-Pacific,Razer,All-in-One,Ryzen 9,NVIDIA RTX 2060,8,256,Windows 11,Blue,Online,Credit Card,2381.94,0,2381.94,3,7145.82,Enterprise,0,0.3975,1
North America,Samsung,All-in-One,Ryzen 3,Intel UHD,32,1024,Windows 10,White,Reseller,Bank Transfer,2118.35,20,1694.68,1,1694.68,Professional,0,0.4825,1
Europe,Apple,All-in-One,M2,Intel Iris,8,256,macOS,White,Retail Store,PayPal,1035.53,0,1035.53,2,2071.06,Gamer,0,0.31,0
North America,Lenovo,All-in-One,i3,Intel UHD,4,256,Windows 11,White,Reseller,Debit Card,743.39,10,669.05,3,2007.15,Enterprise,0,0.4525,1
Asia-Pacific,Lenovo,Desktop,i5,AMD Radeon Vega,32,2048,Linux,White,Retail Store,Credit Card,2495.77,0,2495.77,3,7487.31,Gamer,0,0.3725,1
Europe,Asus,All-in-One,M1,NVIDIA GTX 1650,8,2048,Windows 11,Black,Online,PayPal,2823.2,10,2540.88,2,5081.76,Enterprise,1,0.35,1
Asia-Pacific,Samsung,All-in-One,Ryzen 9,Intel UHD,4,256,Windows 10,Silver,Online,PayPal,1705.41,15,1449.6,1,1449.6,Gamer,0,0.2775,0
Asia-Pacific,Acer,All-in-One,Ryzen 5,AMD Radeon Vega,16,1024,Windows 11,White,Reseller,Debit Card,1562.39,15,1328.03,1,1328.03,Professional,1,0.4225,1
Europe,Lenovo,All-in-One,Ryzen 9,NVIDIA RTX 3060,32,2048,Windows 10,Black,Retail Store,Credit Card,1405.9,0,1405.9,1,1405.9,Student,0,0.3825,1
Asia-Pacific,Lenovo,Desktop,M1,Intel Iris,32,2048,Linux,Black,Reseller,Credit Card,2284.72,5,2170.48,1,2170.48,Professional,0,0.4,1
Asia-Pacific,Samsung,All-in-One,Ryzen 9,NVIDIA GTX 1650,16,1024,Linux,Gray,Online,PayPal,2178.76,5,2069.82,2,4139.64,Professional,1,0.4125,1
Europe,HP,Gaming Laptop,i5,NVIDIA RTX 2060,16,512,Windows 10,White,Online,Bank Transfer,2672.65,0,2672.65,2,5345.3,Student,0,0.33,0
Europe,Dell,Laptop,i7,NVIDIA RTX 2060,32,2048,Linux,Gray,Reseller,PayPal,930.46,20,744.37,1,744.37,Gamer,0,0.355,1
North America,Lenovo,Laptop,i3,NVIDIA RTX 2060,8,2048,Windows 10,Silver,Online,Debit Card,1476.51,10,1328.86,2,2657.72,Enterprise,0,0.5275,1
Asia-Pacific,Asus,All-in-One,M1,NVIDIA RTX 2060,8,256,Windows 10,Blue,Retail Store,Bank Transfer,2582.41,10,2324.17,3,6972.51,Enterprise,0,0.3675,1
North America,Apple,All-in-One,i3,NVIDIA RTX 3060,8,1024,macOS,White,Reseller,Debit Card,1685.05,20,1348.04,2,2696.08,Enterprise,0,0.4975,1
Asia-Pacific,Apple,All-in-One,M2,NVIDIA RTX 2060,4,1024,macOS,Gray,Retail Store,Bank Transfer,2900.69,10,2610.62,1,2610.62,Enterprise,0,0.4275,1
Asia-Pacific,Dell,All-in-One,Ryzen 3,AMD Radeon Vega,32,2048,macOS,White,Online,Debit Card,2276.94,15,1935.4,2,3870.8,Enterprise,0,0.5825,1
North America,Dell,Desktop,Ryzen 3,NVIDIA GTX 1650,16,2048,Windows 11,Black,Reseller,PayPal,1080.25,0,1080.25,1,1080.25,Gamer,1,0.4525,1
Asia-Pacific,HP,Desktop,i3,Intel UHD,4,256,Windows 10,Blue,Reseller,Bank Transfer,653.28,10,587.95,1,587.95,Student,1,0.41,1
Europe,Dell,Laptop,i9,Intel UHD,4,1024,Linux,Silver,Retail Store,Debit Card,2644.32,20,2115.46,3,6346.38,Enterprise,0,0.535,1
Europe,Microsoft,All-in-One,i3,NVIDIA RTX 2060,8,1024,Linux,Blue,Online,Credit Card,958.26,5,910.35,2,1820.7,Professional,0,0.355,1
Asia-Pacific,HP,Gaming Laptop,Ryzen 3,NVIDIA RTX 2060,4,2048,Windows 11,Black,Online,Bank Transfer,905.94,5,860.64,3,2581.92,Enterprise,1,0.3375,0
Asia-Pacific,MSI,Laptop,i5,AMD Radeon Vega,16,512,Linux,Blue,Retail Store,Credit Card,2573.86,10,2316.47,1,2316.47,Enterprise,0,0.415,1
Europe,Microsoft,Gaming Laptop,i9,NVIDIA RTX 3060,4,1024,Linux,Blue,Online,Credit Card,1205.52,15,1024.69,1,1024.69,Professional,1,0.365,1
Asia-Pacific,Acer,Desktop,Ryzen 7,NVIDIA RTX 3060,8,256,macOS,Silver,Online,Debit Card,936.24,20,748.99,3,2246.97,Enterprise,0,0.3675,1
Europe,Acer,Laptop,i5,NVIDIA GTX 1650,8,512,Linux,White,Online,Credit Card,2651.48,5,2518.91,3,7556.73,Enterprise,0,0.4,1
Europe,Microsoft,Laptop,i9,Intel UHD,4,512,Linux,White,Reseller,Debit Card,2125.42,0,2125.42,3,6376.26,Student,1,0.4325,1
Europe,Razer,Gaming Laptop,i3,Intel UHD,4,2048,macOS,White,Retail Store,Debit Card,488.98,5,464.53,2,929.06,Professional,0,0.31,0
North America,HP,All-in-One,Ryzen 5,Intel Iris,4,256,Windows 11,Black,Online,PayPal,1974.84,15,1678.61,2,3357.22,Enterprise,1,0.4175,1
North America,HP,All-in-One,M2,Intel Iris,32,512,macOS,Silver,Online,Bank Transfer,2113.81,0,2113.81,2,4227.62,Gamer,0,0.4275,1
Asia-Pacific,Acer,Desktop,i3,Intel Iris,16,2048,macOS,White,Retail Store,Debit Card,1192.06,5,1132.46,3,3397.38,Enterprise,0,0.43,1
Asia-Pacific,Acer,Laptop,M1,NVIDIA GTX 1650,4,512,Windows 10,Black,Reseller,PayPal,1577.31,5,1498.44,3,4495.32,Enterprise,0,0.39,1
Asia-Pacific,Acer,Laptop,Ryzen 9,Intel UHD,16,2048,macOS,Black,Retail Store,Debit Card,918.54,10,826.69,3,2480.07,Gamer,1,0.4,1
North America,Acer,Desktop,i9,NVIDIA GTX 1650,32,512,macOS,Blue,Reseller,Bank Transfer,2709.96,0,2709.96,2,5419.92,Gamer,0,0.295,0
Asia-Pacific,MSI,Desktop,M2,Intel UHD,32,512,Windows 11,Silver,Retail Store,Debit Card,2180.91,15,1853.77,3,5561.31,Gamer,1,0.36,1
Europe,MSI,Laptop,i7,NVIDIA RTX 2060,32,256,Windows 11,Black,Online,Bank Transfer,1050.21,5,997.7,3,2993.1,Enterprise,0,0.42,1
Asia-Pacific,Apple,All-in-One,M2,NVIDIA RTX 3060,32,2048,macOS,Black,Retail Store,Bank Transfer,2804.23,0,2804.23,1,2804.23,Professional,0,0.41,1
Europe,Dell,Desktop,i5,Intel Iris,16,512,Windows 10,Blue,Reseller,Debit Card,1629.96,5,1548.46,1,1548.46,Professional,1,0.4725,1
Europe,Samsung,Desktop,i9,Intel UHD,8,256,Windows 10,Gray,Retail Store,PayPal,1708.79,5,1623.35,1,1623.35,Enterprise,1,0.3475,0
Europe,Samsung,Desktop,i5,Intel Iris,16,2048,Windows 11,White,Online,PayPal,411.58,10,370.42,2,740.84,Student,1,0.45,1
North America,Asus,Laptop,Ryzen 5,AMD Radeon Vega,32,256,Linux,Silver,Online,PayPal,1939.65,20,1551.72,2,3103.44,Gamer,0,0.4775,1
North America,HP,All-in-One,Ryzen 3,NVIDIA RTX 2060,4,2048,Windows 11,Gray,Online,Credit Card,2149.14,5,2041.68,2,4083.36,Gamer,1,0.3325,0
North America,Asus,Laptop,i3,Intel UHD,4,2048,Linux,Blue,Reseller,PayPal,714.8,20,571.84,2,1143.68,Student,0,0.43,1
North America,MSI,Desktop,i9,NVIDIA GTX 1650,8,1024,Windows 11,Silver,Reseller,Debit Card,2142.38,20,1713.9,2,3427.8,Student,0,0.3625,1
North America,Microsoft,Desktop,Ryzen 9,Intel Iris,32,2048,Windows 11,Black,Retail Store,Debit Card,2925.24,0,2925.24,2,5850.48,Enterprise,0,0.3175,0
North America,Dell,Desktop,Ryzen 5,Intel UHD,8,512,Windows 10,Blue,Reseller,Debit Card,1004.37,10,903.93,1,903.93,Enterprise,0,0.385,1
Asia-Pacific,Razer,Desktop,M2,NVIDIA RTX 3060,4,256,Linux,Gray,Online,PayPal,2881.58,20,2305.26,2,4610.52,Student,0,0.45,1
Asia-Pacific,Samsung,All-in-One,i7,Intel UHD,8,1024,macOS,White,Reseller,Bank Transfer,2274.61,20,1819.69,2,3639.38,Professional,1,0.4475,1
North America,Dell,Desktop,Ryzen 3,NVIDIA RTX 2060,4,256,Windows 10,Silver,Online,Credit Card,523.71,5,497.52,3,1492.56,Student,0,0.2975,0
Asia-Pacific,Dell,Laptop,i9,Intel UHD,8,256,macOS,White,Online,Debit Card,2792.69,15,2373.79,2,4747.58,Student,0,0.4975,1
Europe,MSI,All-in-One,Ryzen 9,AMD Radeon Vega,32,2048,Windows 10,White,Online,Bank Transfer,1435.13,5,1363.37,3,4090.11,Professional,1,0.38,1
Asia-Pacific,Acer,Gaming Laptop,i9,Intel Iris,8,256,Windows 11,Gray,Retail Store,Bank Transfer,2221.01,20,1776.81,2,3553.62,Professional,1,0.34,0
Asia-Pacific,Asus,Laptop,i3,NVIDIA GTX 1650,4,512,macOS,White,Retail Store,Credit Card,629.23,20,503.38,3,1510.14,Gamer,1,0.2875,0
North America,Samsung,Laptop,i3,NVIDIA RTX 2060,32,2048,Windows 11,Black,Reseller,Credit Card,839.63,10,755.67,1,755.67,Student,0,0.415,1
North America,Razer,All-in-One,i9,NVIDIA GTX 1650,16,512,Linux,Black,Reseller,Debit Card,757.15,20,605.72,1,605.72,Gamer,0,0.4475,1
Asia-Pacific,Apple,Gaming Laptop,i3,NVIDIA RTX 2060,4,512,macOS,Black,Retail Store,Bank Transfer,734.53,20,587.62,2,1175.24,Professional,0,0.46,1
Asia-Pacific,Lenovo,Desktop,i7,Intel UHD,8,256,Windows 10,Silver,Retail Store,PayPal,814.69,0,814.69,2,1629.38,Professional,1,0.4225,1
Europe,Asus,All-in-One,i9,NVIDIA RTX 2060,8,256,Windows 11,Gray,Retail Store,Debit Card,909.07,15,772.71,2,1545.42,Professional,0,0.3325,0
Europe,Asus,Desktop,Ryzen 3,Intel Iris,8,256,Windows 11,White,Reseller,PayPal,2254.39,20,1803.51,3,5410.53,Student,1,0.47,1
North America,Samsung,Desktop,Ryzen 3,Intel UHD,16,512,Windows 10,Black,Online,PayPal,442.79,15,376.37,1,376.37,Gamer,0,0.3725,1
North America,HP,Laptop,M1,Intel Iris,4,1024,macOS,Gray,Online,Debit Card,1604.38,20,1283.5,2,2567.0,Gamer,0,0.5025,1
Europe,HP,Desktop,i7,Intel UHD,4,2048,macOS,White,Online,Bank Transfer,1219.12,20,975.3,2,1950.6,Student,0,0.375,1
Asia-Pacific,HP,Laptop,M1,Intel Iris,4,2048,Windows 10,Gray,Retail Store,Bank Transfer,2189.84,20,1751.87,2,3503.74,Gamer,1,0.3925,1
Europe,Razer,Desktop,Ryzen 7,AMD Radeon Vega,4,256,Linux,Silver,Retail Store,Credit Card,1734.69,15,1474.49,3,4423.47,Enterprise,1,0.33,0
Asia-Pacific,Microsoft,Gaming Laptop,Ryzen 9,Intel Iris,4,1024,macOS,Black,Reseller,Debit Card,1044.56,10,940.1,2,1880.2,Enterprise,0,0.395,1
North America,Samsung,Gaming Laptop,Ryzen 5,Intel UHD,16,2048,Windows 11,White,Reseller,Bank Transfer,2422.02,0,2422.02,1,2422.02,Professional,0,0.385,1
Europe,Lenovo,Laptop,M2,NVIDIA RTX 3060,8,256,Linux,Black,Retail Store,Debit Card,2804.86,5,2664.62,3,7993.86,Enterprise,1,0.5075,1
North America,Microsoft,Laptop,i5,NVIDIA GTX 1650,32,1024,Windows 11,White,Online,Credit Card,1688.18,0,1688.18,1,1688.18,Gamer,1,0.37,1
Europe,Acer,Gaming Laptop,Ryzen 3,Intel UHD,32,256,Windows 10,Gray,Online,Debit Card,1890.84,0,1890.84,3,5672.52,Professional,0,0.3325,0
Asia-Pacific,Samsung,All-in-One,i9,AMD Radeon Vega,16,2048,Windows 10,Silver,Online,Debit Card,1787.88,0,1787.88,1,1787.88,Professional,1,0.355,1
Asia-Pacific,Samsung,All-in-One,i7,NVIDIA RTX 3060,8,2048,Linux,Black,Reseller,Debit Card,1284.67,0,1284.67,3,3854.01,Professional,0,0.44,1
Europe,Lenovo,All-in-One,M2,NVIDIA GTX 1650,8,512,Windows 10,White,Reseller,Credit Card,1229.67,20,983.74,3,2951.22,Gamer,0,0.3325,0
North America,Samsung,All-in-One,i5,Intel UHD,8,256,macOS,Silver,Reseller,Debit Card,934.38,0,934.38,2,1868.76,Professional,0,0.455,1
Asia-Pacific,Lenovo,Desktop,M1,Intel UHD,32,512,Windows 10,Black,Reseller,Debit Card,1271.21,10,1144.09,1,1144.09,Student,0,0.4,1
Europe,Samsung,All-in-One,M1,AMD Radeon Vega,32,2048,Windows 10,Black,Retail Store,Bank Transfer,1353.8,5,1286.11,1,1286.11,Student,0,0.4175,1
Asia-Pacific,Lenovo,All-in-One,Ryzen 7,NVIDIA RTX 2060,4,2048,Windows 11,Blue,Reseller,PayPal,842.43,15,716.07,3,2148.21,Professional,0,0.4475,1
Asia-Pacific,Lenovo,Gaming Laptop,Ryzen 3,AMD Radeon Vega,4,512,Windows 10,Gray,Online,Bank Transfer,2427.03,5,2305.68,1,2305.68,Gamer,0,0.345,0
North America,Acer,Gaming Laptop,M2,NVIDIA RTX 2060,16,2048,Windows 11,Silver,Retail Store,Bank Transfer,608.04,10,547.24,2,1094.48,Gamer,1,0.2775,0
North America,HP,Gaming Laptop,i9,Intel Iris,4,2048,macOS,Silver,Online,Credit Card,1897.25,20,1517.8,2,3035.6,Professional,0,0.44,1
Asia-Pacific,MSI,All-in-One,i5,NVIDIA RTX 3060,16,2048,Windows 10,Black,Online,Credit Card,1652.73,0,1652.73,1,1652.73,Enterprise,1,0.4425,1
Europe,Microsoft,Laptop,i5,Intel Iris,16,256,macOS,Gray,Retail Store,Debit Card,2392.69,0,2392.69,1,2392.69,Student,0,0.3625,1
Europe,Dell,Laptop,Ryzen 7,Intel Iris,16,1024,Linux,Silver,Online,Credit Card,2834.65,0,2834.65,2,5669.3,Gamer,1,0.4425,1
North America,Microsoft,Gaming Laptop,i5,NVIDIA RTX 3060,32,512,Windows 10,Black,Retail Store,Debit Card,1976.55,10,1778.89,2,3557.78,Student,0,0.4525,1
North America,Apple,All-in-One,i5,AMD Radeon Vega,8,2048,macOS,Gray,Retail Store,Debit Card,1825.05,15,1551.29,2,3102.58,Student,0,0.4525,1
Europe,MSI,Gaming Laptop,i9,NVIDIA RTX 2060,4,1024,Linux,Silver,Reseller,Credit Card,2689.36,15,2285.96,3,6857.88,Gamer,1,0.3475,0
Europe,Acer,Laptop,M2,AMD Radeon Vega,4,256,Linux,Black,Reseller,Credit Card,856.54,0,856.54,1,856.54,Gamer,0,0.38,1
North America,Asus,Gaming Laptop,i7,NVIDIA RTX 3060,32,2048,Windows 10,White,Retail Store,Credit Card,1932.02,0,1932.02,2,3864.04,Gamer,0,0.37,1
North America,Lenovo,Gaming Laptop,Ryzen 3,NVIDIA GTX 1650,8,512,Windows 10,Silver,Retail Store,PayPal,1534.61,10,1381.15,2,2762.3,Enterprise,1,0.3875,1
North America,Apple,Gaming Laptop,Ryzen 9,Intel Iris,16,256,macOS,Black,Online,PayPal,1347.19,20,1077.75,1,1077.75,Gamer,0,0.435,1
North America,Microsoft,Desktop,Ryzen 3,NVIDIA GTX 1650,16,2048,Windows 10,Silver,Reseller,Bank Transfer,1819.16,15,1546.29,2,3092.58,Enterprise,1,0.3925,1
Europe,MSI,Desktop,M2,AMD Radeon Vega,8,1024,Windows 10,Blue,Online,Debit Card,500.36,10,450.32,1,450.32,Enterprise,1,0.3775,1
North America,MSI,Laptop,M1,AMD Radeon Vega,8,512,macOS,Blue,Reseller,Credit Card,790.25,15,671.71,2,1343.42,Gamer,0,0.405,1
Europe,Samsung,Laptop,Ryzen 3,Intel Iris,16,2048,Linux,Blue,Retail Store,Bank Transfer,800.82,5,760.78,3,2282.34,Student,0,0.41,1
North America,Microsoft,Gaming Laptop,Ryzen 5,Intel UHD,8,1024,Windows 11,White,Retail Store,Debit Card,2699.77,0,2699.77,1,2699.77,Student,0,0.3125,0
Asia-Pacific,HP,Gaming Laptop,M2,Intel UHD,8,1024,macOS,White,Reseller,Bank Transfer,1649.87,20,1319.9,3,3959.7,Enterprise,0,0.365,1
North America,Dell,All-in-One,Ryzen 9,AMD Radeon Vega,16,1024,macOS,Gray,Online,Bank Transfer,681.74,15,579.48,2,1158.96,Enterprise,1,0.4475,1
Europe,Acer,Desktop,i9,NVIDIA RTX 3060,32,512,Windows 10,Gray,Reseller,Credit Card,879.83,15,747.86,2,1495.72,Gamer,0,0.3025,0
Asia-Pacific,Dell,Gaming Laptop,M1,NVIDIA GTX 1650,4,1024,Linux,Gray,Retail Store,Bank Transfer,2561.82,10,2305.64,3,6916.92,Professional,1,0.38,1
North America,Apple,Gaming Laptop,M1,AMD Radeon Vega,4,1024,macOS,Gray,Online,Credit Card,833.85,0,833.85,2,1667.7,Student,1,0.3775,1
Asia-Pacific,Dell,Laptop,Ryzen 5,AMD Radeon Vega,16,1024,macOS,White,Retail Store,Credit Card,918.5,20,734.8,3,2204.4,Enterprise,1,0.415,1
North America,MSI,All-in-One,Ryzen 7,Intel UHD,8,1024,Linux,Gray,Retail Store,Bank Transfer,1951.52,15,1658.79,2,3317.58,Enterprise,0,0.375,1
Asia-Pacific,Asus,Desktop,M1,NVIDIA RTX 2060,4,256,Windows 11,Black,Reseller,PayPal,575.15,5,546.39,1,546.39,Enterprise,0,0.4525,1
Asia-Pacific,Asus,Gaming Laptop,i9,AMD Radeon Vega,4,2048,Windows 10,Blue,Retail Store,PayPal,1341.43,5,1274.36,2,2548.72,Enterprise,1,0.36,1
Europe,Microsoft,All-in-One,i9,AMD Radeon Vega,32,256,macOS,Black,Online,Debit Card,2172.6,20,1738.08,2,3476.16,Gamer,0,0.4025,1
Asia-Pacific,Lenovo,Gaming Laptop,i3,Intel UHD,16,1024,macOS,Blue,Reseller,Debit Card,674.18,20,539.34,1,539.34,Enterprise,0,0.3925,1
Europe,Samsung,All-in-One,i7,AMD Radeon Vega,8,256,Windows 11,Blue,Retail Store,PayPal,2911.83,15,2475.06,1,2475.06,Student,0,0.505,1
Asia-Pacific,MSI,Gaming Laptop,i3,AMD Radeon Vega,32,2048,macOS,Silver,Reseller,Credit Card,865.71,15,735.85,1,735.85,Enterprise,1,0.41,1
Asia-Pacific,Samsung,Gaming Laptop,i5,Intel Iris,16,256,Linux,Gray,Online,Debit Card,1244.24,0,1244.24,3,3732.72,Gamer,0,0.3725,1
North America,Samsung,Gaming Laptop,i9,AMD Radeon Vega,16,1024,Windows 10,White,Online,Bank Transfer,2734.11,5,2597.4,3,7792.2,Gamer,0,0.425,1
North America,HP,Laptop,i7,AMD Radeon Vega,32,2048,Windows 10,Black,Reseller,PayPal,1486.66,5,1412.33,1,1412.33,Enterprise,0,0.4275,1
Europe,Apple,Gaming Laptop,Ryzen 9,AMD Radeon Vega,8,2048,macOS,Silver,Online,Credit Card,1807.57,0,1807.57,1,1807.57,Gamer,0,0.275,0
Asia-Pacific,Apple,Laptop,i5,Intel UHD,4,1024,macOS,Silver,Retail Store,Bank Transfer,1398.35,5,1328.43,1,1328.43,Professional,1,0.345,0
Europe,Lenovo,Laptop,Ryzen 3,Intel UHD,16,512,Windows 10,Blue,Retail Store,PayPal,2106.49,20,1685.19,2,3370.38,Gamer,0,0.35,1
North America,Razer,Gaming Laptop,M2,Intel UHD,8,256,macOS,Black,Reseller,Bank Transfer,1855.14,5,1762.38,1,1762.38,Professional,0,0.4125,1
Europe,Asus,Desktop,Ryzen 7,NVIDIA RTX 2060,16,1024,Windows 11,Gray,Reseller,Bank Transfer,1734.78,5,1648.04,3,4944.12,Enterprise,0,0.39,1
North America,Lenovo,Desktop,Ryzen 7,NVIDIA RTX 2060,8,2048,Windows 10,White,Online,Bank Transfer,2364.97,15,2010.22,2,4020.44,Gamer,0,0.39,1
Asia-Pacific,Apple,Desktop,Ryzen 5,Intel Iris,32,2048,macOS,Silver,Retail Store,Credit Card,2860.88,20,2288.7,2,4577.4,Gamer,1,0.325,0
North America,Microsoft,Gaming Laptop,Ryzen 5,NVIDIA RTX 3060,16,256,Windows 11,Black,Reseller,Bank Transfer,535.16,20,428.13,1,428.13,Enterprise,0,0.45,1
Asia-Pacific,Acer,All-in-One,M1,AMD Radeon Vega,4,2048,Linux,Gray,Retail Store,Debit Card,1118.21,0,1118.21,3,3354.63,Student,1,0.3675,1
Asia-Pacific,Acer,Laptop,i7,Intel Iris,4,256,macOS,Gray,Online,Debit Card,695.18,5,660.42,3,1981.26,Gamer,1,0.3925,1
Asia-Pacific,Apple,All-in-One,M2,NVIDIA RTX 3060,8,1024,macOS,Gray,Retail Store,PayPal,1785.12,0,1785.12,3,5355.36,Enterprise,0,0.41,1
North America,Microsoft,Laptop,i5,Intel Iris,4,512,Windows 11,Gray,Reseller,PayPal,1479.14,15,1257.27,1,1257.27,Gamer,0,0.4025,1
Asia-Pacific,Microsoft,Laptop,i9,NVIDIA GTX 1650,4,1024,macOS,Blue,Retail Store,Bank Transfer,2158.63,15,1834.84,1,1834.84,Gamer,1,0.3275,0
Asia-Pacific,Dell,Desktop,Ryzen 9,AMD Radeon Vega,4,512,Windows 11,Black,Online,Bank Transfer,1721.69,10,1549.52,3,4648.56,Student,0,0.34,0
North America,Dell,Gaming Laptop,i9,NVIDIA GTX 1650,8,1024,Windows 10,White,Reseller,Credit Card,1247.32,10,1122.59,2,2245.18,Gamer,0,0.3125,0
Europe,Dell,Laptop,Ryzen 5,NVIDIA RTX 3060,8,256,macOS,Blue,Online,Credit Card,1750.03,15,1487.53,2,2975.06,Enterprise,0,0.3775,1
Europe,Dell,Laptop,i9,Intel Iris,32,1024,Windows 11,Gray,Online,Debit Card,846.03,20,676.82,2,1353.64,Student,0,0.405,1
North America,HP,Gaming Laptop,Ryzen 3,AMD Radeon Vega,4,1024,Linux,Blue,Reseller,Bank Transfer,637.54,0,637.54,1,637.54,Gamer,0,0.4075,1
North America,Samsung,Laptop,i5,NVIDIA RTX 3060,4,1024,macOS,Blue,Online,Debit Card,2689.0,5,2554.55,2,5109.1,Gamer,1,0.555,1
Asia-Pacific,Asus,All-in-One,M1,NVIDIA GTX 1650,16,1024,Windows 10,Silver,Reseller,Debit Card,1793.56,5,1703.88,2,3407.76,Enterprise,0,0.45,1
Europe,Lenovo,All-in-One,Ryzen 7,AMD Radeon Vega,4,2048,Linux,Silver,Retail Store,Bank Transfer,1057.07,15,898.51,2,1797.02,Gamer,0,0.3625,1
North America,MSI,Laptop,i3,NVIDIA GTX 1650,4,256,macOS,Silver,Reseller,Debit Card,465.82,5,442.53,2,885.06,Student,0,0.3325,0
Europe,Razer,Desktop,Ryzen 7,NVIDIA RTX 2060,16,512,Linux,Black,Online,PayPal,1915.66,20,1532.53,1,1532.53,Enterprise,1,0.3275,0
Asia-Pacific,Dell,Laptop,i7,NVIDIA RTX 3060,4,512,Linux,Black,Retail Store,Bank Transfer,2520.25,0,2520.25,3,7560.75,Student,0,0.4275,1
North America,Lenovo,Laptop,Ryzen 7,Intel Iris,16,512,Windows 10,Black,Retail Store,Debit Card,480.81,5,456.77,1,456.77,Professional,0,0.39,1
North America,Asus,Laptop,Ryzen 9,Intel Iris,4,512,macOS,Black,Reseller,Credit Card,1428.07,20,1142.46,2,2284.92,Professional,1,0.41,1
Asia-Pacific,Lenovo,All-in-One,Ryzen 5,NVIDIA RTX 2060,8,256,Windows 10,Silver,Retail Store,Bank Transfer,2148.91,15,1826.57,2,3653.14,Professional,0,0.3625,1
Asia-Pacific,Acer,Laptop,Ryzen 7,Intel UHD,8,512,Linux,Blue,Retail Store,Bank Transfer,2243.01,20,1794.41,1,1794.41,Enterprise,1,0.33,0
North America,HP,All-in-One,i5,NVIDIA RTX 3060,32,256,Linux,Blue,Online,Credit Card,984.67,0,984.67,2,1969.34,Professional,0,0.3225,0
Asia-Pacific,Samsung,Desktop,i3,NVIDIA RTX 2060,8,2048,Windows 10,White,Online,PayPal,725.44,5,689.17,3,2067.51,Gamer,0,0.3925,1
Europe,Asus,Desktop,i5,Intel Iris,32,2048,Windows 11,Gray,Online,Credit Card,719.39,5,683.42,3,2050.26,Professional,1,0.435,1
Europe,Asus,Desktop,Ryzen 7,Intel UHD,8,512,Windows 11,Black,Retail Store,PayPal,789.87,15,671.39,2,1342.78,Professional,0,0.375,1
Asia-Pacific,Dell,Laptop,i3,NVIDIA RTX 3060,32,2048,macOS,Silver,Retail Store,PayPal,2508.16,5,2382.75,1,2382.75,Enterprise,0,0.47,1
Asia-Pacific,Microsoft,Desktop,i3,Intel UHD,32,2048,Linux,Gray,Reseller,Debit Card,859.09,0,859.09,3,2577.27,Gamer,0,0.355,1
Asia-Pacific,Dell,All-in-One,Ryzen 7,AMD Radeon Vega,32,512,macOS,Silver,Online,PayPal,1517.18,15,1289.6,1,1289.6,Gamer,0,0.415,1
Asia-Pacific,Apple,Laptop,Ryzen 7,Intel UHD,32,512,macOS,Silver,Reseller,Bank Transfer,865.47,0,865.47,1,865.47,Gamer,1,0.265,0
North America,Samsung,Gaming Laptop,i5,Intel UHD,32,512,Linux,White,Reseller,PayPal,2864.25,10,2577.83,1,2577.83,Enterprise,1,0.3975,1
North America,MSI,Desktop,i5,Intel Iris,4,512,macOS,Black,Online,Bank Transfer,1667.93,20,1334.34,1,1334.34,Professional,0,0.385,1
North America,Microsoft,All-in-One,Ryzen 9,Intel Iris,16,512,Linux,Gray,Online,Debit Card,2029.71,20,1623.77,2,3247.54,Enterprise,1,0.3525,1
North America,Lenovo,Gaming Laptop,Ryzen 7,NVIDIA GTX 1650,4,2048,Windows 10,Silver,Retail Store,PayPal,422.64,20,338.11,3,1014.33,Gamer,0,0.36,1
North America,Microsoft,Desktop,Ryzen 3,Intel UHD,4,1024,Windows 11,Gray,Retail Store,Bank Transfer,2454.62,5,2331.89,3,6995.67,Enterprise,0,0.395,1
Asia-Pacific,Acer,Desktop,Ryzen 3,Intel Iris,32,512,Windows 11,Silver,Retail Store,PayPal,1918.46,0,1918.46,2,3836.92,Student,0,0.4575,1
North America,MSI,All-in-One,M1,NVIDIA RTX 3060,8,1024,macOS,Silver,Online,PayPal,1231.96,10,1108.76,1,1108.76,Enterprise,0,0.505,1
North America,Razer,Gaming Laptop,i3,NVIDIA GTX 1650,4,2048,Windows 10,White,Online,Credit Card,2912.94,15,2476.0,1,2476.0,Gamer,0,0.4375,1
Europe,Acer,Gaming Laptop,Ryzen 9,Intel Iris,8,2048,macOS,White,Online,Debit Card,1085.39,15,922.58,1,922.58,Student,0,0.35,1
Europe,Microsoft,Desktop,M1,AMD Radeon Vega,4,512,Windows 10,Gray,Reseller,PayPal,2961.12,15,2516.95,3,7550.85,Gamer,0,0.345,0
Asia-Pacific,Lenovo,Laptop,Ryzen 7,AMD Radeon Vega,4,512,Windows 11,Silver,Retail Store,Bank Transfer,1936.4,20,1549.12,3,4647.36,Enterprise,0,0.34,0
North America,HP,All-in-One,i5,NVIDIA RTX 3060,4,2048,macOS,Blue,Online,PayPal,2228.11,20,1782.49,2,3564.98,Student,0,0.4,1
Europe,Lenovo,All-in-One,Ryzen 5,Intel UHD,32,2048,macOS,White,Retail Store,Bank Transfer,1687.54,0,1687.54,1,1687.54,Enterprise,0,0.395,1
Europe,MSI,Laptop,Ryzen 3,NVIDIA RTX 2060,4,512,Linux,White,Online,Debit Card,2387.0,5,2267.65,3,6802.95,Professional,0,0.45,1
Asia-Pacific,Microsoft,Laptop,Ryzen 7,NVIDIA RTX 2060,8,1024,Windows 10,Black,Retail Store,Bank Transfer,1882.99,0,1882.99,1,1882.99,Professional,1,0.355,1
North America,HP,Desktop,i7,NVIDIA GTX 1650,32,512,Linux,White,Retail Store,Bank Transfer,405.05,20,324.04,2,648.08,Professional,0,0.385,1
Asia-Pacific,Razer,All-in-One,i9,Intel Iris,8,2048,Windows 11,White,Online,Bank Transfer,1765.48,20,1412.38,3,4237.14,Professional,1,0.4075,1
Europe,Microsoft,Desktop,i7,NVIDIA GTX 1650,32,256,Windows 10,White,Retail Store,Debit Card,1825.2,10,1642.68,1,1642.68,Professional,1,0.4,1
Asia-Pacific,Microsoft,Gaming Laptop,M2,NVIDIA RTX 2060,16,1024,macOS,White,Online,Bank Transfer,2008.96,0,2008.96,1,2008.96,Professional,0,0.39,1
North America,Lenovo,All-in-One,M1,NVIDIA RTX 2060,16,1024,Windows 11,White,Reseller,Credit Card,520.97,15,442.82,3,1328.46,Gamer,1,0.375,1
Asia-Pacific,MSI,Gaming Laptop,M1,Intel UHD,4,512,Windows 11,Black,Retail Store,Debit Card,2075.58,15,1764.24,2,3528.48,Gamer,0,0.365,1
Europe,Microsoft,Gaming Laptop,Ryzen 3,Intel Iris,8,512,Linux,Silver,Online,PayPal,2552.38,0,2552.38,3,7657.14,Student,0,0.3625,1
North America,Acer,Desktop,i7,NVIDIA RTX 3060,16,512,Linux,Black,Reseller,Debit Card,740.03,0,740.03,3,2220.09,Professional,1,0.435,1
Europe,HP,Desktop,i7,NVIDIA RTX 3060,16,512,Windows 11,Gray,Retail Store,Bank Transfer,1820.33,0,1820.33,3,5460.99,Student,1,0.435,1
Europe,Dell,Gaming Laptop,Ryzen 7,NVIDIA RTX 3060,4,256,Windows 11,White,Retail Store,PayPal,2604.03,5,2473.83,3,7421.49,Gamer,0,0.315,0
Asia-Pacific,Apple,Laptop,i9,AMD Radeon Vega,16,1024,macOS,White,Retail Store,Bank Transfer,2483.42,10,2235.08,1,2235.08,Gamer,0,0.385,1
North America,Lenovo,Desktop,Ryzen 3,NVIDIA GTX 1650,4,512,macOS,Gray,Online,Debit Card,2261.79,15,1922.52,1,1922.52,Enterprise,0,0.5,1
North America,Razer,Laptop,i9,NVIDIA GTX 1650,4,512,Linux,White,Reseller,Bank Transfer,1779.92,20,1423.94,3,4271.82,Gamer,0,0.3525,1
Europe,MSI,Gaming Laptop,i5,AMD Radeon Vega,8,1024,Linux,Black,Retail Store,Bank Transfer,2702.28,10,2432.05,1,2432.05,Gamer,0,0.475,1
Europe,Microsoft,All-in-One,M2,Intel Iris,32,256,Linux,Silver,Reseller,Bank Transfer,2644.61,15,2247.92,2,4495.84,Gamer,1,0.355,1
Asia-Pacific,MSI,Gaming Laptop,Ryzen 7,Intel UHD,16,2048,macOS,Black,Online,Credit Card,517.09,10,465.38,2,930.76,Enterprise,0,0.38,1
Asia-Pacific,Microsoft,Gaming Laptop,Ryzen 9,AMD Radeon Vega,32,512,Linux,Blue,Online,Credit Card,2575.35,10,2317.82,3,6953.46,Student,0,0.4575,1
North America,Lenovo,Desktop,M2,Intel Iris,8,256,Windows 11,Gray,Retail Store,Credit Card,1204.99,5,1144.74,1,1144.74,Enterprise,1,0.4175,1
Europe,Microsoft,Laptop,Ryzen 3,Intel UHD,16,1024,Linux,Silver,Online,PayPal,1758.45,20,1406.76,2,2813.52,Professional,1,0.485,1
Europe,Asus,Desktop,i3,Intel UHD,4,2048,macOS,Blue,Online,PayPal,1829.43,5,1737.96,2,3475.92,Professional,0,0.3425,0
Europe,Samsung,Gaming Laptop,i7,NVIDIA GTX 1650,4,256,Windows 10,White,Retail Store,Credit Card,1525.16,20,1220.13,3,3660.39,Student,1,0.27,0
Europe,Lenovo,All-in-One,Ryzen 5,NVIDIA RTX 3060,16,256,Windows 11,Silver,Reseller,Credit Card,513.57,10,462.21,1,462.21,Student,1,0.2875,0
Europe,Asus,Desktop,i9,Intel UHD,32,256,Linux,Silver,Online,Debit Card,2155.42,0,2155.42,3,6466.26,Gamer,1,0.3975,1
North America,MSI,Laptop,M2,Intel Iris,32,512,Windows 11,Silver,Reseller,Debit Card,2490.28,5,2365.77,3,7097.31,Gamer,1,0.4875,1
Asia-Pacific,Asus,All-in-One,Ryzen 5,AMD Radeon Vega,4,1024,macOS,Black,Reseller,PayPal,1973.37,10,1776.03,3,5328.09,Student,0,0.395,1
Europe,Lenovo,Gaming Laptop,Ryzen 9,NVIDIA RTX 3060,16,256,Windows 11,White,Reseller,PayPal,2891.75,5,2747.16,1,2747.16,Student,0,0.44,1
Asia-Pacific,Lenovo,Desktop,M1,NVIDIA RTX 3060,32,256,macOS,Gray,Online,Credit Card,2201.96,10,1981.76,2,3963.52,Gamer,0,0.3325,0
Europe,Dell,All-in-One,Ryzen 7,NVIDIA RTX 3060,8,1024,Windows 10,Silver,Online,Credit Card,2289.33,15,1945.93,3,5837.79,Gamer,1,0.3525,1
Europe,HP,Gaming Laptop,i9,AMD Radeon Vega,32,256,Windows 11,Black,Reseller,Bank Transfer,2767.87,20,2214.3,2,4428.6,Gamer,0,0.395,1
Europe,Razer,Gaming Laptop,M2,NVIDIA RTX 2060,16,256,Windows 10,Black,Reseller,PayPal,2679.59,15,2277.65,2,4555.3,Student,0,0.385,1
Europe,HP,Gaming Laptop,i3,NVIDIA RTX 3060,4,1024,Linux,Silver,Online,Credit Card,1816.05,0,1816.05,1,1816.05,Professional,0,0.31,0
Europe,Microsoft,Laptop,Ryzen 7,AMD Radeon Vega,32,512,macOS,Gray,Reseller,Credit Card,1249.19,0,1249.19,3,3747.57,Student,0,0.385,1
Europe,Dell,Laptop,M1,Intel Iris,16,256,Windows 11,Gray,Online,Bank Transfer,452.5,5,429.88,2,859.76,Professional,0,0.4425,1
Europe,HP,Desktop,i3,NVIDIA GTX 1650,8,256,Linux,Silver,Online,Bank Transfer,2636.16,20,2108.93,1,2108.93,Student,1,0.3975,1
Asia-Pacific,Microsoft,Gaming Laptop,Ryzen 3,NVIDIA RTX 2060,16,256,macOS,Silver,Retail Store,Debit Card,1608.88,5,1528.44,2,3056.88,Professional,1,0.3725,1
Europe,Apple,Laptop,Ryzen 7,AMD Radeon Vega,8,2048,macOS,Gray,Reseller,Credit Card,1779.68,20,1423.74,1,1423.74,Professional,0,0.3025,0
Asia-Pacific,MSI,Desktop,M2,Intel Iris,4,2048,macOS,Silver,Online,Debit Card,1919.2,5,1823.24,2,3646.48,Student,0,0.3625,1
North America,HP,All-in-One,i9,Intel Iris,8,512,macOS,Black,Reseller,PayPal,1551.97,15,1319.17,3,3957.51,Enterprise,0,0.4525,1
Asia-Pacific,Dell,Gaming Laptop,i5,Intel UHD,4,512,Windows 10,Gray,Retail Store,PayPal,518.16,0,518.16,3,1554.48,Student,0,0.36,1
North America,Acer,Gaming Laptop,Ryzen 9,NVIDIA GTX 1650,8,1024,Linux,Blue,Retail Store,Debit Card,2542.89,5,2415.75,3,7247.25,Enterprise,1,0.455,1
Europe,Apple,All-in-One,M2,NVIDIA GTX 1650,4,1024,macOS,Silver,Reseller,Bank Transfer,1045.35,10,940.81,1,940.81,Enterprise,0,0.3975,1
Asia-Pacific,Lenovo,Laptop,Ryzen 5,AMD Radeon Vega,8,512,Linux,Black,Retail Store,Debit Card,1471.02,5,1397.47,2,2794.94,Enterprise,1,0.46,1
Europe,Acer,All-in-One,M1,Intel UHD,16,2048,macOS,Gray,Reseller,Bank Transfer,2678.95,20,2143.16,2,4286.32,Gamer,1,0.3625,1
Asia-Pacific,Acer,Laptop,Ryzen 9,Intel Iris,4,256,Windows 10,Gray,Reseller,Debit Card,2267.65,20,1814.12,3,5442.36,Enterprise,0,0.3375,0
North America,HP,All-in-One,Ryzen 7,NVIDIA RTX 3060,32,1024,Windows 11,Black,Retail Store,Credit Card,741.91,10,667.72,2,1335.44,Professional,1,0.445,1
Asia-Pacific,Samsung,Gaming Laptop,Ryzen 7,NVIDIA RTX 2060,4,2048,Windows 10,White,Reseller,Debit Card,2494.13,5,2369.42,1,2369.42,Enterprise,1,0.3025,0
Asia-Pacific,MSI,Laptop,i3,NVIDIA GTX 1650,32,2048,Linux,Silver,Reseller,Bank Transfer,554.17,10,498.75,3,1496.25,Student,0,0.315,0
Asia-Pacific,HP,Laptop,Ryzen 3,Intel Iris,4,512,Linux,Silver,Retail Store,Bank Transfer,1887.74,15,1604.58,1,1604.58,Professional,0,0.4425,1
Asia-Pacific,HP,Laptop,i7,Intel UHD,16,1024,Windows 10,Silver,Online,Credit Card,2818.54,5,2677.61,1,2677.61,Student,0,0.4175,1
Europe,Razer,Gaming Laptop,Ryzen 9,Intel Iris,16,1024,Linux,Gray,Retail Store,Bank Transfer,2347.53,0,2347.53,1,2347.53,Student,0,0.4375,1
Asia-Pacific,Samsung,Gaming Laptop,i3,Intel UHD,8,256,Windows 10,Silver,Retail Store,Credit Card,663.62,5,630.44,1,630.44,Gamer,0,0.36,1
North America,Dell,Laptop,M2,Intel Iris,32,256,Windows 10,Gray,Online,Bank Transfer,969.06,15,823.7,1,823.7,Gamer,1,0.3575,1
Europe,Razer,Laptop,M2,Intel Iris,8,256,Windows 10,Blue,Online,PayPal,1358.52,10,1222.67,1,1222.67,Professional,1,0.4725,1
Europe,Razer,Gaming Laptop,M1,AMD Radeon Vega,16,2048,Windows 11,Blue,Reseller,Debit Card,1012.23,0,1012.23,3,3036.69,Enterprise,0,0.3575,1
Asia-Pacific,Apple,Laptop,i3,NVIDIA GTX 1650,8,1024,macOS,Blue,Retail Store,Debit Card,2460.29,10,2214.26,3,6642.78,Professional,0,0.495,1
Europe,Samsung,Desktop,M2,AMD Radeon Vega,8,1024,Windows 11,Black,Online,PayPal,988.52,5,939.09,3,2817.27,Professional,0,0.4025,1
Asia-Pacific,Razer,All-in-One,Ryzen 3,NVIDIA GTX 1650,8,1024,Windows 11,Silver,Retail Store,PayPal,1994.62,15,1695.43,1,1695.43,Enterprise,0,0.4675,1
North America,HP,All-in-One,i9,Intel Iris,4,512,Windows 10,Black,Reseller,PayPal,2652.59,20,2122.07,2,4244.14,Student,0,0.3775,1
Europe,Asus,Desktop,Ryzen 3,AMD Radeon Vega,32,512,Windows 11,Silver,Online,Bank Transfer,479.83,20,383.86,3,1151.58,Enterprise,0,0.37,1
Asia-Pacific,Apple,Desktop,Ryzen 9,NVIDIA GTX 1650,8,2048,macOS,White,Retail Store,Debit Card,1659.29,10,1493.36,3,4480.08,Enterprise,1,0.37,1
Asia-Pacific,Lenovo,Laptop,M2,NVIDIA RTX 2060,4,256,macOS,Black,Online,Debit Card,1278.92,10,1151.03,1,1151.03,Enterprise,0,0.38,1
Europe,Razer,Desktop,M2,Intel UHD,16,256,Windows 11,White,Retail Store,Credit Card,1864.96,10,1678.46,1,1678.46,Professional,1,0.3225,0
Asia-Pacific,Razer,Desktop,i7,Intel Iris,8,2048,Windows 11,Gray,Reseller,Credit Card,1674.69,5,1590.96,2,3181.92,Student,1,0.4425,1
North America,Samsung,All-in-One,M1,Intel UHD,32,256,Linux,White,Retail Store,Bank Transfer,1229.27,10,1106.34,2,2212.68,Gamer,0,0.3725,1
Asia-Pacific,HP,Desktop,Ryzen 9,Intel UHD,16,256,Windows 10,Gray,Online,Bank Transfer,1278.04,10,1150.24,1,1150.24,Gamer,0,0.355,1
North America,Samsung,Gaming Laptop,Ryzen 7,NVIDIA RTX 2060,4,512,Windows 10,Blue,Online,Debit Card,1894.05,20,1515.24,2,3030.48,Gamer,0,0.2475,0
Asia-Pacific,Microsoft,Desktop,M2,AMD Radeon Vega,16,512,Windows 11,Silver,Reseller,Bank Transfer,1266.56,20,1013.25,2,2026.5,Student,1,0.3125,0
Europe,Lenovo,Desktop,M2,NVIDIA GTX 1650,16,512,Linux,Gray,Retail Store,Bank Transfer,2842.08,0,2842.08,3,8526.24,Gamer,0,0.45,1
Asia-Pacific,Apple,Desktop,i7,NVIDIA GTX 1650,4,512,macOS,Black,Online,Credit Card,2071.69,10,1864.52,2,3729.04,Gamer,0,0.3775,1
North America,Apple,Desktop,M1,AMD Radeon Vega,8,1024,macOS,Silver,Online,Debit Card,1852.03,20,1481.62,3,4444.86,Student,0,0.46,1
Europe,HP,All-in-One,Ryzen 7,NVIDIA GTX 1650,4,2048,macOS,Gray,Reseller,Debit Card,2370.05,0,2370.05,2,4740.1,Professional,0,0.3775,1
Europe,MSI,Laptop,Ryzen 5,Intel Iris,8,1024,Windows 10,White,Retail Store,Credit Card,615.34,20,492.27,1,492.27,Enterprise,1,0.37,1
North America,Razer,All-in-One,i7,NVIDIA RTX 3060,16,2048,Windows 11,Black,Online,Credit Card,637.78,15,542.11,1,542.11,Professional,1,0.5025,1
Asia-Pacific,Apple,Desktop,i5,Intel Iris,16,256,macOS,Black,Retail Store,PayPal,506.12,5,480.81,1,480.81,Gamer,0,0.4175,1
Europe,Razer,All-in-One,Ryzen 5,NVIDIA RTX 2060,4,512,Windows 10,Silver,Online,Bank Transfer,2233.88,15,1898.8,3,5696.4,Enterprise,1,0.4325,1
Asia-Pacific,Lenovo,All-in-One,Ryzen 3,NVIDIA RTX 3060,4,512,Linux,Gray,Reseller,Credit Card,1066.5,0,1066.5,3,3199.5,Enterprise,0,0.3825,1
Asia-Pacific,Asus,All-in-One,Ryzen 7,NVIDIA RTX 3060,32,256,macOS,White,Reseller,PayPal,1735.95,5,1649.15,2,3298.3,Gamer,0,0.365,1
North America,Razer,Laptop,Ryzen 9,Intel Iris,16,256,Linux,Silver,Online,PayPal,2099.81,5,1994.82,3,5984.46,Enterprise,1,0.3375,0
Europe,Microsoft,All-in-One,Ryzen 5,NVIDIA RTX 3060,32,2048,macOS,Silver,Online,PayPal,2882.92,10,2594.63,2,5189.26,Professional,1,0.3725,1
North America,Lenovo,All-in-One,M2,Intel UHD,16,256,Windows 10,Blue,Retail Store,Debit Card,1730.99,0,1730.99,3,5192.97,Student,1,0.4275,1
North America,Microsoft,Desktop,Ryzen 5,NVIDIA RTX 3060,8,1024,macOS,Silver,Reseller,Credit Card,1334.78,15,1134.56,3,3403.68,Professional,1,0.3775,1
North America,Apple,Laptop,i7,NVIDIA RTX 3060,16,1024,macOS,Silver,Online,Debit Card,2652.8,20,2122.24,3,6366.72,Gamer,0,0.5425,1
North America,Apple,Desktop,Ryzen 9,Intel UHD,32,256,macOS,Black,Online,Credit Card,1270.19,15,1079.66,3,3238.98,Gamer,1,0.2975,0
North America,Asus,All-in-One,i9,NVIDIA RTX 2060,4,2048,Linux,Silver,Reseller,PayPal,2200.27,0,2200.27,2,4400.54,Student,0,0.4425,1
Europe,Acer,Desktop,i9,Intel Iris,16,1024,macOS,Black,Online,PayPal,2795.25,10,2515.72,1,2515.72,Enterprise,0,0.345,0
Asia-Pacific,Razer,Laptop,M1,NVIDIA RTX 3060,4,2048,Windows 11,Blue,Online,Bank Transfer,2190.21,15,1861.68,2,3723.36,Professional,0,0.3725,1
Asia-Pacific,MSI,Desktop,i7,NVIDIA GTX 1650,16,1024,Windows 10,Black,Online,Debit Card,2487.19,5,2362.83,1,2362.83,Student,0,0.335,0
Europe,Microsoft,All-in-One,i7,NVIDIA RTX 3060,4,1024,Windows 10,Gray,Online,Credit Card,1161.29,0,1161.29,3,3483.87,Professional,0,0.35,1
North America,Asus,Laptop,i7,NVIDIA RTX 3060,16,512,Windows 10,White,Online,Credit Card,2304.63,10,2074.17,3,6222.51,Gamer,0,0.4225,1
Europe,Microsoft,Desktop,i9,AMD Radeon Vega,8,512,Windows 11,Gray,Online,Debit Card,2617.49,10,2355.74,1,2355.74,Professional,0,0.315,0
Europe,HP,Desktop,Ryzen 3,Intel Iris,4,2048,Windows 11,Silver,Online,Credit Card,1871.48,10,1684.33,3,5052.99,Student,0,0.4325,1
Europe,Microsoft,Laptop,Ryzen 9,NVIDIA RTX 3060,16,256,Linux,Gray,Retail Store,Bank Transfer,2920.37,10,2628.33,3,7884.99,Student,0,0.3575,1
Asia-Pacific,Lenovo,Gaming Laptop,i3,NVIDIA GTX 1650,4,2048,macOS,Black,Online,Credit Card,593.38,15,504.37,3,1513.11,Gamer,0,0.3225,0
Europe,Lenovo,Desktop,Ryzen 5,AMD Radeon Vega,32,1024,Windows 11,Silver,Retail Store,Credit Card,1719.02,5,1633.07,3,4899.21,Gamer,0,0.515,1
Europe,MSI,Laptop,Ryzen 7,NVIDIA RTX 3060,4,512,Windows 10,Blue,Online,PayPal,1933.14,5,1836.48,1,1836.48,Student,1,0.3925,1
Asia-Pacific,Asus,Laptop,M2,Intel Iris,8,1024,Windows 10,White,Reseller,Bank Transfer,863.65,20,690.92,1,690.92,Enterprise,1,0.3625,1
Europe,Samsung,Laptop,M2,NVIDIA GTX 1650,8,1024,Linux,White,Online,Debit Card,2159.76,10,1943.78,3,5831.34,Gamer,0,0.4075,1
Asia-Pacific,Asus,Laptop,Ryzen 3,Intel UHD,32,512,Windows 11,White,Online,Debit Card,1889.25,15,1605.86,2,3211.72,Gamer,0,0.395,1
Europe,MSI,Desktop,i5,NVIDIA RTX 2060,16,256,Linux,Silver,Online,Bank Transfer,1197.93,15,1018.24,2,2036.48,Enterprise,0,0.3575,1
North America,Asus,Gaming Laptop,i9,Intel UHD,8,256,macOS,Silver,Retail Store,Bank Transfer,2447.57,0,2447.57,1,2447.57,Enterprise,0,0.3025,0
Europe,Razer,Laptop,i9,AMD Radeon Vega,8,256,Windows 11,Silver,Online,Credit Card,869.36,15,738.96,3,2216.88,Enterprise,0,0.4225,1
Europe,Asus,Gaming Laptop,i7,NVIDIA GTX 1650,8,256,Linux,Black,Retail Store,Credit Card,942.34,5,895.22,2,1790.44,Student,0,0.33,0
Asia-Pacific,Acer,All-in-One,M1,NVIDIA GTX 1650,16,256,Windows 11,Black,Reseller,PayPal,2770.8,20,2216.64,1,2216.64,Gamer,0,0.285,0
Asia-Pacific,HP,All-in-One,i5,NVIDIA GTX 1650,16,2048,Windows 11,White,Reseller,Bank Transfer,1024.39,10,921.95,3,2765.85,Student,0,0.4725,1
North America,Acer,All-in-One,Ryzen 9,Intel UHD,16,512,macOS,Black,Online,PayPal,1093.85,5,1039.16,2,2078.32,Professional,1,0.395,1
Europe,Asus,Gaming Laptop,Ryzen 3,Intel UHD,16,2048,Windows 10,Silver,Retail Store,Debit Card,1924.17,0,1924.17,2,3848.34,Professional,1,0.3375,0
North America,HP,Gaming Laptop,i5,NVIDIA RTX 2060,4,2048,Linux,Black,Reseller,Credit Card,1721.58,10,1549.42,2,3098.84,Gamer,0,0.35,1
Europe,Asus,Gaming Laptop,M2,AMD Radeon Vega,8,512,macOS,Gray,Online,Debit Card,1830.32,15,1555.77,3,4667.31,Student,1,0.435,1
Europe,HP,Gaming Laptop,i9,NVIDIA RTX 3060,4,1024,Windows 11,Silver,Reseller,Credit Card,1838.19,5,1746.28,2,3492.56,Student,1,0.4225,1
North America,Lenovo,Gaming Laptop,i9,Intel Iris,4,512,Windows 11,Silver,Retail Store,PayPal,533.5,10,480.15,3,1440.45,Enterprise,1,0.305,0
Asia-Pacific,MSI,Gaming Laptop,i9,Intel UHD,32,256,Windows 11,Silver,Retail Store,PayPal,528.8,20,423.04,2,846.08,Gamer,0,0.35,1
North America,Razer,Laptop,Ryzen 5,Intel UHD,8,2048,Windows 11,Silver,Retail Store,PayPal,1154.44,20,923.55,3,2770.65,Student,0,0.335,0
Asia-Pacific,Samsung,Gaming Laptop,M1,NVIDIA RTX 3060,8,512,macOS,Blue,Reseller,Bank Transfer,1965.21,5,1866.95,3,5600.85,Enterprise,0,0.3875,1
Europe,MSI,Laptop,i7,Intel Iris,32,512,Linux,Blue,Online,Bank Transfer,1132.45,10,1019.21,1,1019.21,Gamer,0,0.39,1
Europe,Samsung,Desktop,Ryzen 7,NVIDIA RTX 2060,16,512,Windows 11,Silver,Online,Debit Card,2006.0,15,1705.1,1,1705.1,Enterprise,0,0.3225,0
Europe,Asus,Gaming Laptop,Ryzen 7,AMD Radeon Vega,4,256,Windows 11,Black,Online,Credit Card,1797.17,5,1707.31,1,1707.31,Enterprise,0,0.275,0
Europe,HP,All-in-One,M2,Intel UHD,4,256,Windows 10,Gray,Reseller,Credit Card,2197.83,0,2197.83,3,6593.49,Enterprise,1,0.4525,1
Europe,Dell,Laptop,Ryzen 7,Intel UHD,8,256,macOS,White,Reseller,Bank Transfer,1405.95,10,1265.36,3,3796.08,Student,0,0.4175,1
Europe,Acer,Gaming Laptop,i3,NVIDIA GTX 1650,32,1024,macOS,Silver,Retail Store,Credit Card,1314.9,5,1249.15,2,2498.3,Gamer,0,0.4525,1
Europe,Lenovo,Gaming Laptop,M2,NVIDIA RTX 2060,16,256,Windows 11,Silver,Online,PayPal,902.43,5,857.31,1,857.31,Gamer,0,0.3525,1
North America,MSI,Laptop,Ryzen 9,NVIDIA RTX 2060,4,2048,Windows 10,White,Retail Store,Bank Transfer,729.4,0,729.4,1,729.4,Professional,0,0.37,1
Europe,Razer,Laptop,Ryzen 3,Intel Iris,4,1024,Linux,White,Online,Debit Card,536.86,10,483.17,3,1449.51,Professional,1,0.375,1
Asia-Pacific,Razer,Desktop,i5,AMD Radeon Vega,4,2048,Windows 11,Gray,Retail Store,Debit Card,2118.71,10,1906.84,1,1906.84,Professional,1,0.37,1
North America,Microsoft,All-in-One,i7,AMD Radeon Vega,4,1024,Windows 10,Black,Reseller,Debit Card,1392.83,20,1114.26,1,1114.26,Professional,0,0.335,0
Europe,Dell,Desktop,Ryzen 7,NVIDIA RTX 2060,16,2048,Linux,White,Online,Bank Transfer,2587.07,20,2069.66,3,6208.98,Gamer,0,0.3475,0
Asia-Pacific,Lenovo,All-in-One,i9,NVIDIA GTX 1650,16,512,Windows 11,Silver,Reseller,PayPal,865.47,10,778.92,2,1557.84,Gamer,1,0.35,1
Asia-Pacific,HP,All-in-One,i9,NVIDIA RTX 2060,8,512,Windows 10,Black,Retail Store,Debit Card,2729.15,0,2729.15,3,8187.45,Student,0,0.4075,1
Europe,Asus,All-in-One,i3,NVIDIA RTX 3060,32,2048,macOS,Silver,Reseller,Credit Card,1732.89,5,1646.25,2,3292.5,Enterprise,1,0.4925,1
Europe,Apple,Desktop,i9,NVIDIA RTX 3060,4,1024,macOS,Gray,Online,Bank Transfer,2306.89,5,2191.55,3,6574.65,Gamer,0,0.4075,1
North America,Acer,Laptop,Ryzen 7,NVIDIA RTX 3060,32,512,Linux,Silver,Online,PayPal,2129.11,10,1916.2,1,1916.2,Student,0,0.35,1
North America,Acer,Laptop,Ryzen 7,NVIDIA GTX 1650,32,2048,macOS,White,Online,Debit Card,742.97,15,631.52,3,1894.56,Enterprise,0,0.375,1
Asia-Pacific,Lenovo,Gaming Laptop,M1,Intel Iris,32,256,macOS,Blue,Online,PayPal,1103.44,10,993.1,1,993.1,Student,1,0.45,1
Asia-Pacific,HP,All-in-One,i9,Intel Iris,8,512,Linux,Gray,Reseller,Bank Transfer,1643.84,15,1397.26,1,1397.26,Professional,1,0.3625,1
Europe,Acer,Desktop,Ryzen 9,NVIDIA RTX 2060,16,1024,Windows 10,Gray,Reseller,Debit Card,664.59,0,664.59,3,1993.77,Gamer,1,0.335,0
Europe,Dell,Laptop,M2,AMD Radeon Vega,16,512,macOS,Gray,Online,PayPal,2663.91,10,2397.52,1,2397.52,Gamer,1,0.435,1
Europe,Microsoft,All-in-One,i5,NVIDIA RTX 2060,32,256,Windows 10,Blue,Retail Store,Debit Card,1408.15,15,1196.93,3,3590.79,Student,1,0.3425,0
Europe,Dell,Laptop,Ryzen 7,AMD Radeon Vega,8,1024,Linux,Gray,Retail Store,Bank Transfer,2205.47,15,1874.65,1,1874.65,Professional,0,0.4225,1
Europe,Dell,Gaming Laptop,M2,NVIDIA GTX 1650,32,1024,Linux,White,Online,Debit Card,2229.37,10,2006.43,2,4012.86,Professional,1,0.4925,1
Asia-Pacific,Apple,Gaming Laptop,i7,NVIDIA RTX 3060,8,512,macOS,Black,Reseller,Credit Card,2715.4,15,2308.09,3,6924.27,Gamer,1,0.46,1
Asia-Pacific,Microsoft,Desktop,i9,NVIDIA RTX 3060,32,512,macOS,Black,Retail Store,Debit Card,2888.69,20,2310.95,3,6932.85,Gamer,1,0.46,1
Europe,Apple,Laptop,Ryzen 5,AMD Radeon Vega,32,256,macOS,Silver,Online,PayPal,2454.74,10,2209.27,3,6627.81,Professional,0,0.5525,1
Europe,Samsung,Gaming Laptop,M1,Intel Iris,4,2048,Linux,Blue,Retail Store,Bank Transfer,1551.92,5,1474.32,3,4422.96,Student,1,0.365,1
North America,MSI,Laptop,Ryzen 3,Intel Iris,16,2048,Linux,Gray,Retail Store,Bank Transfer,1057.52,20,846.02,1,846.02,Professional,1,0.5575,1
Europe,MSI,All-in-One,i3,Intel UHD,16,256,Linux,Blue,Reseller,Bank Transfer,2867.45,20,2293.96,2,4587.92,Professional,0,0.455,1
Europe,Asus,Laptop,Ryzen 3,Intel UHD,16,512,Linux,White,Reseller,Credit Card,2650.28,5,2517.77,2,5035.54,Student,1,0.5125,1
Europe,Asus,Laptop,Ryzen 9,NVIDIA GTX 1650,4,1024,macOS,Blue,Reseller,Credit Card,2525.2,10,2272.68,2,4545.36,Professional,0,0.4875,1
Asia-Pacific,Acer,Gaming Laptop,Ryzen 9,Intel Iris,8,2048,Windows 10,Silver,Reseller,PayPal,1379.86,15,1172.88,3,3518.64,Student,0,0.425,1
North America,Microsoft,Desktop,i9,NVIDIA RTX 3060,4,2048,macOS,White,Reseller,PayPal,1614.33,20,1291.46,3,3874.38,Gamer,0,0.435,1
Europe,Microsoft,Desktop,Ryzen 7,NVIDIA GTX 1650,32,1024,Windows 10,White,Retail Store,Credit Card,2626.75,0,2626.75,1,2626.75,Gamer,1,0.395,1
Asia-Pacific,Razer,Laptop,Ryzen 3,NVIDIA RTX 3060,16,256,Windows 11,Blue,Online,Debit Card,1079.53,0,1079.53,2,2159.06,Professional,1,0.415,1
Europe,Asus,Desktop,M1,AMD Radeon Vega,4,1024,Linux,Blue,Reseller,Bank Transfer,1017.86,0,1017.86,1,1017.86,Student,0,0.3825,1
Asia-Pacific,Apple,Desktop,Ryzen 3,NVIDIA RTX 2060,4,2048,macOS,Silver,Reseller,PayPal,511.56,10,460.4,2,920.8,Gamer,1,0.315,0
Asia-Pacific,Microsoft,Laptop,M1,Intel UHD,32,256,Windows 11,Silver,Reseller,Bank Transfer,2226.9,15,1892.87,2,3785.74,Professional,1,0.35,1
Asia-Pacific,Microsoft,Laptop,i3,NVIDIA RTX 2060,16,1024,Windows 10,Blue,Retail Store,Credit Card,929.36,20,743.49,2,1486.98,Gamer,1,0.36,1
Europe,HP,Desktop,i7,AMD Radeon Vega,4,1024,Linux,Silver,Reseller,PayPal,2107.03,20,1685.62,3,5056.86,Enterprise,1,0.41,1
Asia-Pacific,MSI,Gaming Laptop,Ryzen 3,Intel UHD,8,1024,Windows 10,Silver,Retail Store,PayPal,1703.3,5,1618.13,1,1618.13,Professional,0,0.3475,0
North America,Apple,Gaming Laptop,M2,NVIDIA RTX 3060,32,2048,macOS,Silver,Online,Credit Card,756.01,15,642.61,1,642.61,Enterprise,0,0.445,1
Asia-Pacific,Acer,Gaming Laptop,M2,Intel Iris,32,512,Linux,Black,Online,Debit Card,2166.13,15,1841.21,3,5523.63,Gamer,1,0.45,1
North America,Razer,All-in-One,i9,Intel Iris,16,256,Windows 11,Blue,Retail Store,Debit Card,2804.79,15,2384.07,1,2384.07,Gamer,1,0.3675,1
Asia-Pacific,Dell,All-in-One,Ryzen 7,Intel Iris,16,2048,Linux,White,Retail Store,Bank Transfer,2047.23,20,1637.78,1,1637.78,Enterprise,0,0.38,1
Europe,Microsoft,Laptop,i5,Intel UHD,16,1024,Linux,Black,Retail Store,Credit Card,1767.84,15,1502.66,2,3005.32,Professional,0,0.495,1
Asia-Pacific,Lenovo,Desktop,i5,NVIDIA GTX 1650,16,2048,Linux,Black,Online,PayPal,1454.17,5,1381.46,3,4144.38,Enterprise,0,0.3975,1
Europe,Samsung,Laptop,i3,AMD Radeon Vega,32,256,macOS,Gray,Online,Bank Transfer,1722.9,15,1464.47,1,1464.47,Professional,1,0.4125,1
Asia-Pacific,Acer,Desktop,i7,Intel UHD,32,2048,macOS,Silver,Retail Store,Debit Card,2748.65,20,2198.92,1,2198.92,Student,1,0.385,1
North America,Dell,Laptop,Ryzen 3,AMD Radeon Vega,4,256,Windows 11,Black,Online,PayPal,1156.91,5,1099.06,1,1099.06,Student,0,0.4925,1
Europe,Razer,All-in-One,M1,NVIDIA GTX 1650,4,1024,Windows 10,Blue,Online,Bank Transfer,2398.36,10,2158.52,1,2158.52,Student,0,0.38,1
Europe,Dell,Gaming Laptop,i3,NVIDIA RTX 2060,8,1024,Linux,White,Reseller,PayPal,1510.6,20,1208.48,2,2416.96,Enterprise,0,0.4425,1
Europe,Lenovo,Desktop,Ryzen 7,NVIDIA GTX 1650,32,512,Windows 10,Blue,Retail Store,Credit Card,2480.73,15,2108.62,1,2108.62,Enterprise,0,0.4825,1
Europe,HP,Desktop,i7,Intel UHD,32,1024,Windows 10,Silver,Retail Store,Bank Transfer,1820.62,5,1729.59,3,5188.77,Student,1,0.37,1
North America,Dell,All-in-One,Ryzen 7,NVIDIA GTX 1650,32,1024,Windows 10,Gray,Online,Bank Transfer,1610.59,20,1288.47,2,2576.94,Gamer,0,0.3575,1
Asia-Pacific,HP,Laptop,M2,NVIDIA RTX 3060,16,512,Windows 10,Gray,Retail Store,Credit Card,606.58,20,485.26,2,970.52,Professional,0,0.39,1
Europe,Acer,Gaming Laptop,i3,NVIDIA RTX 2060,16,1024,Windows 10,Black,Online,PayPal,668.84,5,635.4,2,1270.8,Gamer,0,0.3575,1
Asia-Pacific,Razer,Desktop,i5,NVIDIA GTX 1650,16,512,Windows 11,White,Reseller,PayPal,1918.6,20,1534.88,1,1534.88,Professional,0,0.39,1
Asia-Pacific,Microsoft,All-in-One,Ryzen 5,AMD Radeon Vega,8,256,Windows 10,White,Online,PayPal,2438.95,5,2317.0,2,4634.0,Gamer,0,0.515,1
Asia-Pacific,Acer,All-in-One,i7,NVIDIA RTX 3060,4,2048,Windows 11,Gray,Online,Credit Card,1648.75,5,1566.31,2,3132.62,Student,0,0.39,1
Asia-Pacific,HP,All-in-One,i9,NVIDIA RTX 2060,32,512,Windows 11,Silver,Retail Store,Bank Transfer,2463.75,5,2340.56,1,2340.56,Enterprise,1,0.4025,1
Asia-Pacific,Samsung,Gaming Laptop,M2,NVIDIA RTX 2060,32,1024,Linux,Gray,Reseller,Credit Card,2440.49,20,1952.39,1,1952.39,Professional,1,0.4075,1
North America,HP,All-in-One,i3,Intel Iris,16,256,Linux,Blue,Reseller,Bank Transfer,2625.77,15,2231.9,2,4463.8,Professional,1,0.3225,0
Europe,Dell,Gaming Laptop,i9,Intel UHD,16,512,Windows 10,Silver,Online,PayPal,1429.32,15,1214.92,1,1214.92,Student,0,0.335,0
North America,Apple,Gaming Laptop,i3,Intel Iris,8,512,macOS,Gray,Online,Bank Transfer,2694.37,5,2559.65,2,5119.3,Gamer,1,0.4025,1
Europe,Samsung,Gaming Laptop,i3,NVIDIA RTX 3060,32,256,Linux,Blue,Retail Store,Bank Transfer,1972.23,15,1676.4,2,3352.8,Gamer,0,0.4025,1
North America,Apple,All-in-One,Ryzen 3,Intel UHD,4,1024,macOS,Gray,Retail Store,Debit Card,667.39,0,667.39,2,1334.78,Professional,0,0.3525,1
North America,Samsung,Laptop,i3,NVIDIA RTX 2060,8,1024,Linux,Silver,Retail Store,Bank Transfer,1492.72,20,1194.18,3,3582.54,Gamer,1,0.385,1
Europe,Apple,Desktop,Ryzen 7,AMD Radeon Vega,8,1024,macOS,White,Retail Store,Bank Transfer,978.2,0,978.2,3,2934.6,Enterprise,0,0.3725,1
Asia-Pacific,Acer,Gaming Laptop,Ryzen 7,Intel Iris,16,256,Windows 11,Black,Reseller,Debit Card,2660.29,20,2128.23,1,2128.23,Student,0,0.3975,1
Asia-Pacific,Samsung,All-in-One,M1,AMD Radeon Vega,8,512,macOS,Black,Retail Store,PayPal,1921.82,5,1825.73,1,1825.73,Student,0,0.4875,1
North America,Acer,All-in-One,M1,Intel Iris,4,256,macOS,Gray,Retail Store,Credit Card,2289.6,20,1831.68,2,3663.36,Gamer,0,0.3225,0
North America,Apple,Gaming Laptop,i9,AMD Radeon Vega,32,512,macOS,Blue,Retail Store,Bank Transfer,1590.44,5,1510.92,2,3021.84,Enterprise,1,0.4025,1
Europe,Samsung,Desktop,Ryzen 5,NVIDIA GTX 1650,8,512,Windows 10,Blue,Reseller,Credit Card,589.08,15,500.72,1,500.72,Enterprise,0,0.2925,0
Europe,Microsoft,All-in-One,i3,Intel UHD,16,256,Linux,Silver,Online,PayPal,1871.1,15,1590.43,2,3180.86,Gamer,0,0.3975,1
North America,HP,All-in-One,i7,Intel Iris,8,2048,Linux,Black,Online,PayPal,1416.6,5,1345.77,1,1345.77,Professional,1,0.4225,1
Asia-Pacific,Acer,All-in-One,i7,NVIDIA GTX 1650,8,256,macOS,Blue,Online,Debit Card,2608.33,0,2608.33,2,5216.66,Professional,0,0.43,1
North America,Razer,Gaming Laptop,Ryzen 9,NVIDIA GTX 1650,16,2048,Windows 10,Silver,Reseller,PayPal,1914.34,15,1627.19,2,3254.38,Enterprise,0,0.39,1
North America,MSI,All-in-One,i5,Intel Iris,8,512,Windows 11,Gray,Retail Store,Bank Transfer,2106.16,0,2106.16,2,4212.32,Enterprise,0,0.38,1
Asia-Pacific,Microsoft,Gaming Laptop,Ryzen 5,Intel Iris,32,512,Linux,Silver,Retail Store,Credit Card,1146.55,20,917.24,2,1834.48,Gamer,0,0.365,1
Asia-Pacific,Lenovo,Desktop,i7,NVIDIA RTX 3060,4,2048,Windows 10,White,Retail Store,PayPal,1692.55,0,1692.55,2,3385.1,Student,0,0.4125,1
Europe,Acer,Laptop,i5,Intel Iris,32,512,Windows 11,Blue,Reseller,PayPal,1532.69,0,1532.69,1,1532.69,Enterprise,1,0.405,1
Asia-Pacific,Lenovo,All-in-One,Ryzen 9,Intel Iris,32,2048,Linux,Silver,Retail Store,Bank Transfer,1296.62,20,1037.3,2,2074.6,Gamer,0,0.395,1
Asia-Pacific,HP,Desktop,i3,Intel UHD,16,512,macOS,Black,Retail Store,PayPal,1194.43,5,1134.71,3,3404.13,Student,0,0.39,1
Asia-Pacific,Dell,All-in-One,M2,NVIDIA GTX 1650,16,2048,macOS,White,Reseller,PayPal,1407.97,10,1267.17,1,1267.17,Student,0,0.4,1
Europe,Razer,Desktop,i5,NVIDIA RTX 2060,32,2048,Linux,Blue,Retail Store,Debit Card,2536.0,15,2155.6,2,4311.2,Student,0,0.34,0
Asia-Pacific,Asus,All-in-One,i5,NVIDIA GTX 1650,4,512,Windows 11,Gray,Retail Store,Credit Card,1598.39,5,1518.47,3,4555.41,Gamer,0,0.31,0
Europe,Lenovo,Gaming Laptop,i3,Intel Iris,4,2048,Linux,White,Online,PayPal,2988.48,5,2839.06,2,5678.12,Enterprise,0,0.43,1
North America,Lenovo,Gaming Laptop,i3,AMD Radeon Vega,16,256,Windows 11,Blue,Retail Store,Bank Transfer,1016.73,10,915.06,2,1830.12,Student,1,0.49,1
Asia-Pacific,Acer,All-in-One,M2,NVIDIA RTX 2060,4,1024,Linux,Blue,Retail Store,Debit Card,1645.41,10,1480.87,1,1480.87,Enterprise,0,0.3825,1
Asia-Pacific,Samsung,All-in-One,Ryzen 7,Intel Iris,8,2048,macOS,Black,Retail Store,Debit Card,1988.95,0,1988.95,2,3977.9,Professional,0,0.39,1
Europe,Microsoft,All-in-One,i3,Intel UHD,32,512,macOS,White,Online,Bank Transfer,1490.01,20,1192.01,1,1192.01,Enterprise,1,0.4525,1
Europe,HP,All-in-One,i3,NVIDIA GTX 1650,4,1024,Linux,Gray,Online,Credit Card,705.64,20,564.51,1,564.51,Student,1,0.365,1
North America,Dell,Laptop,i7,Intel Iris,32,1024,Windows 11,White,Reseller,Credit Card,2401.35,20,1921.08,3,5763.24,Gamer,1,0.4125,1
North America,MSI,All-in-One,i9,NVIDIA GTX 1650,16,2048,Windows 10,Gray,Reseller,Credit Card,1085.24,15,922.45,3,2767.35,Professional,1,0.3225,0
Europe,Apple,All-in-One,Ryzen 3,NVIDIA GTX 1650,32,256,macOS,Black,Retail Store,PayPal,410.48,10,369.43,2,738.86,Gamer,0,0.3775,1
Europe,Lenovo,Desktop,i7,NVIDIA RTX 3060,16,2048,Windows 11,Gray,Reseller,PayPal,1436.36,20,1149.09,2,2298.18,Professional,0,0.4175,1
North America,Razer,All-in-One,M1,Intel Iris,16,256,macOS,Gray,Online,Bank Transfer,1357.69,10,1221.92,3,3665.76,Student,0,0.3675,1
Europe,Lenovo,Desktop,i5,AMD Radeon Vega,4,256,Windows 11,Silver,Retail Store,Debit Card,1051.02,20,840.82,2,1681.64,Gamer,0,0.3475,0
North America,Dell,Desktop,Ryzen 3,AMD Radeon Vega,32,1024,macOS,Gray,Retail Store,Bank Transfer,1909.5,15,1623.08,3,4869.24,Student,0,0.41,1
Europe,HP,Gaming Laptop,Ryzen 7,NVIDIA RTX 3060,4,512,Windows 10,Black,Retail Store,PayPal,1358.78,10,1222.9,3,3668.7,Enterprise,1,0.3275,0
Asia-Pacific,Razer,Desktop,Ryzen 3,NVIDIA RTX 3060,16,2048,Windows 11,Black,Retail Store,Debit Card,2239.35,0,2239.35,1,2239.35,Gamer,1,0.4425,1
Europe,Asus,Gaming Laptop,Ryzen 9,NVIDIA RTX 2060,4,256,macOS,Gray,Reseller,PayPal,2989.52,0,2989.52,1,2989.52,Professional,1,0.5225,1
Asia-Pacific,Dell,Desktop,Ryzen 9,Intel Iris,4,1024,macOS,Black,Retail Store,Credit Card,1547.76,0,1547.76,3,4643.28,Student,1,0.4825,1
Europe,Lenovo,Laptop,M2,NVIDIA RTX 3060,16,256,Windows 10,Blue,Online,Bank Transfer,1757.98,0,1757.98,3,5273.94,Gamer,0,0.32,0
Asia-Pacific,Dell,Gaming Laptop,Ryzen 7,Intel UHD,16,512,macOS,Gray,Reseller,PayPal,1657.49,15,1408.87,3,4226.61,Gamer,1,0.4225,1
Europe,Dell,All-in-One,Ryzen 5,AMD Radeon Vega,4,512,Linux,Gray,Online,Debit Card,2044.71,20,1635.77,3,4907.31,Gamer,1,0.51,1
Asia-Pacific,Asus,Laptop,Ryzen 5,NVIDIA RTX 2060,16,512,Linux,Gray,Reseller,Bank Transfer,1827.95,15,1553.76,1,1553.76,Professional,0,0.4075,1
North America,Apple,Desktop,i5,NVIDIA RTX 3060,32,512,macOS,Gray,Retail Store,PayPal,2448.98,5,2326.53,1,2326.53,Professional,0,0.5025,1
Asia-Pacific,Samsung,All-in-One,Ryzen 5,Intel UHD,16,1024,macOS,White,Retail Store,Debit Card,637.66,10,573.89,2,1147.78,Gamer,1,0.27,0
North America,Acer,Gaming Laptop,M1,Intel Iris,4,2048,macOS,Black,Reseller,Bank Transfer,1344.73,15,1143.02,1,1143.02,Student,0,0.3975,1
Asia-Pacific,Asus,Desktop,i9,Intel UHD,4,1024,Windows 11,Blue,Reseller,PayPal,2692.63,20,2154.1,1,2154.1,Student,1,0.4425,1
Europe,Apple,All-in-One,M2,NVIDIA RTX 3060,4,512,macOS,Gray,Online,Credit Card,2745.4,15,2333.59,2,4667.18,Enterprise,1,0.445,1
Europe,Samsung,All-in-One,Ryzen 3,Intel Iris,4,1024,Windows 10,Blue,Online,Debit Card,2645.17,20,2116.14,1,2116.14,Professional,1,0.3825,1
Europe,Dell,All-in-One,Ryzen 9,NVIDIA GTX 1650,4,1024,Windows 11,Gray,Retail Store,Debit Card,1891.37,10,1702.23,2,3404.46,Professional,1,0.33,0
Europe,Asus,Desktop,Ryzen 9,AMD Radeon Vega,4,256,Windows 10,Gray,Retail Store,Bank Transfer,1497.81,5,1422.92,2,2845.84,Student,0,0.305,0
Europe,Asus,Gaming Laptop,i3,NVIDIA RTX 2060,8,2048,macOS,Silver,Reseller,Credit Card,808.94,20,647.15,1,647.15,Gamer,1,0.395,1
North America,Samsung,Laptop,Ryzen 3,NVIDIA RTX 2060,32,512,Windows 10,White,Reseller,Credit Card,2582.56,15,2195.18,1,2195.18,Professional,1,0.35,1
North America,Apple,All-in-One,i7,NVIDIA GTX 1650,32,256,macOS,Blue,Online,Credit Card,1836.27,15,1560.83,2,3121.66,Enterprise,0,0.385,1
Europe,Razer,Desktop,i7,NVIDIA RTX 3060,32,1024,Linux,Blue,Retail Store,Debit Card,625.52,0,625.52,1,625.52,Student,0,0.3425,0
North America,MSI,Laptop,i9,Intel UHD,4,2048,Windows 10,White,Retail Store,Debit Card,814.27,5,773.56,3,2320.68,Enterprise,0,0.3825,1
Europe,Microsoft,All-in-One,i9,NVIDIA GTX 1650,32,2048,Windows 10,Silver,Retail Store,Bank Transfer,2541.33,5,2414.26,3,7242.78,Professional,1,0.44,1
North America,Acer,Desktop,M1,Intel UHD,4,512,macOS,Black,Retail Store,Debit Card,1561.91,15,1327.62,2,2655.24,Enterprise,0,0.43,1
Asia-Pacific,MSI,Laptop,i7,Intel UHD,32,2048,Windows 11,Gray,Reseller,Credit Card,1641.37,5,1559.3,2,3118.6,Student,1,0.445,1
Asia-Pacific,Asus,Gaming Laptop,i7,NVIDIA RTX 2060,4,512,Windows 10,Black,Reseller,Bank Transfer,1528.44,20,1222.75,3,3668.25,Student,1,0.3275,0
Europe,Microsoft,Desktop,M1,Intel Iris,8,512,Linux,White,Online,Credit Card,1692.96,5,1608.31,1,1608.31,Student,0,0.35,1
North America,Razer,All-in-One,Ryzen 5,AMD Radeon Vega,16,1024,Windows 11,Black,Online,Debit Card,1464.95,10,1318.46,1,1318.46,Student,0,0.55,1
Europe,Razer,All-in-One,Ryzen 5,NVIDIA RTX 2060,4,512,Linux,Gray,Retail Store,Bank Transfer,923.15,20,738.52,2,1477.04,Professional,0,0.415,1
Asia-Pacific,Samsung,Gaming Laptop,i9,NVIDIA RTX 3060,16,2048,macOS,Gray,Retail Store,PayPal,2178.94,20,1743.15,3,5229.45,Enterprise,1,0.4025,1
Asia-Pacific,MSI,Gaming Laptop,Ryzen 5,NVIDIA RTX 3060,4,256,Linux,Gray,Reseller,Credit Card,2402.1,20,1921.68,2,3843.36,Gamer,0,0.3575,1
North America,HP,Laptop,Ryzen 5,NVIDIA GTX 1650,16,512,macOS,Black,Retail Store,Bank Transfer,2773.83,0,2773.83,3,8321.49,Enterprise,0,0.4075,1
North America,Apple,Gaming Laptop,i9,Intel Iris,32,256,macOS,White,Reseller,PayPal,2095.07,10,1885.56,1,1885.56,Gamer,0,0.42,1
Europe,HP,Desktop,M1,NVIDIA RTX 3060,32,1024,macOS,White,Retail Store,Debit Card,1449.75,10,1304.78,2,2609.56,Student,0,0.5075,1
North America,Lenovo,Laptop,i5,Intel UHD,32,2048,macOS,Gray,Reseller,Bank Transfer,1632.6,0,1632.6,1,1632.6,Enterprise,0,0.3725,1
North America,HP,Desktop,i3,NVIDIA RTX 2060,16,2048,Windows 11,Gray,Retail Store,PayPal,1623.17,10,1460.85,2,2921.7,Professional,1,0.4475,1
Europe,Apple,Desktop,i3,NVIDIA RTX 2060,32,512,macOS,White,Reseller,Bank Transfer,1900.92,0,1900.92,2,3801.84,Professional,0,0.5175,1
Europe,Microsoft,Laptop,M1,AMD Radeon Vega,16,2048,Windows 10,White,Online,Credit Card,1010.84,10,909.76,2,1819.52,Gamer,0,0.365,1
Asia-Pacific,Dell,All-in-One,i5,Intel Iris,8,1024,macOS,Black,Online,Debit Card,1414.13,20,1131.3,3,3393.9,Enterprise,0,0.4375,1
Europe,Lenovo,Laptop,i5,Intel UHD,16,1024,Windows 11,White,Reseller,Bank Transfer,2543.63,0,2543.63,1,2543.63,Enterprise,0,0.43,1
Europe,Razer,Laptop,i9,AMD Radeon Vega,4,2048,Windows 10,Silver,Retail Store,Bank Transfer,1610.94,20,1288.75,3,3866.25,Student,1,0.2975,0
North America,Acer,All-in-One,M1,AMD Radeon Vega,8,2048,Linux,Black,Reseller,Bank Transfer,1178.05,0,1178.05,2,2356.1,Student,0,0.4175,1
Europe,Dell,All-in-One,i9,Intel UHD,32,1024,Windows 11,White,Online,PayPal,2330.18,10,2097.16,2,4194.32,Student,1,0.5125,1
Europe,Microsoft,Gaming Laptop,i5,Intel UHD,4,512,Windows 11,Gray,Retail Store,Bank Transfer,2410.32,0,2410.32,3,7230.96,Gamer,0,0.325,0
Europe,Razer,Desktop,M1,NVIDIA GTX 1650,4,256,Windows 10,White,Online,Debit Card,1679.98,0,1679.98,1,1679.98,Professional,1,0.3925,1
North America,Apple,All-in-One,i5,Intel Iris,4,512,macOS,Blue,Online,Credit Card,2971.5,5,2822.92,1,2822.92,Gamer,1,0.5025,1
Europe,HP,Desktop,Ryzen 5,Intel UHD,16,2048,Windows 11,Silver,Retail Store,Bank Transfer,1192.77,0,1192.77,2,2385.54,Student,1,0.445,1
North America,Lenovo,Desktop,i3,Intel UHD,32,1024,Linux,Gray,Online,Credit Card,2094.25,5,1989.54,1,1989.54,Enterprise,0,0.4675,1
Asia-Pacific,Samsung,All-in-One,i9,NVIDIA RTX 2060,16,256,Windows 10,Gray,Online,PayPal,2406.04,0,2406.04,3,7218.12,Professional,1,0.395,1
North America,MSI,Laptop,Ryzen 7,NVIDIA RTX 3060,16,2048,Linux,White,Reseller,Credit Card,2366.17,0,2366.17,2,4732.34,Professional,1,0.3475,0
Asia-Pacific,Asus,Laptop,M2,AMD Radeon Vega,4,512,Linux,Gray,Retail Store,Bank Transfer,2617.64,20,2094.11,3,6282.33,Professional,0,0.395,1
Europe,Microsoft,Desktop,i5,Intel Iris,32,256,Linux,Gray,Retail Store,Bank Transfer,1411.38,5,1340.81,1,1340.81,Professional,1,0.35,1
North America,Dell,Gaming Laptop,Ryzen 7,Intel Iris,32,256,Linux,White,Online,Credit Card,1803.56,10,1623.2,1,1623.2,Student,1,0.315,0
North America,MSI,Gaming Laptop,i3,NVIDIA GTX 1650,4,1024,Linux,Silver,Reseller,Credit Card,2898.25,5,2753.34,3,8260.02,Professional,0,0.4325,1
Asia-Pacific,Apple,Laptop,i5,NVIDIA RTX 2060,8,256,macOS,Gray,Online,PayPal,1285.54,20,1028.43,3,3085.29,Gamer,1,0.3875,1
Asia-Pacific,Dell,Desktop,M2,Intel Iris,32,512,Windows 11,Gray,Reseller,Debit Card,2411.66,20,1929.33,2,3858.66,Enterprise,0,0.4325,1
Asia-Pacific,Razer,Gaming Laptop,M2,AMD Radeon Vega,4,2048,Windows 10,Silver,Retail Store,Bank Transfer,2123.88,10,1911.49,1,1911.49,Professional,0,0.315,0
Europe,Microsoft,All-in-One,Ryzen 3,Intel UHD,32,2048,Windows 11,Silver,Reseller,Debit Card,1673.51,5,1589.83,2,3179.66,Professional,1,0.405,1
Asia-Pacific,Asus,Laptop,i7,Intel Iris,8,1024,Linux,Gray,Reseller,Debit Card,634.28,5,602.57,1,602.57,Enterprise,1,0.4,1
Asia-Pacific,MSI,Gaming Laptop,i5,Intel UHD,32,2048,Windows 10,Gray,Online,Debit Card,1923.23,15,1634.75,2,3269.5,Gamer,0,0.3525,1
Europe,Dell,Gaming Laptop,Ryzen 7,NVIDIA RTX 2060,4,256,Windows 11,Black,Online,PayPal,2095.06,5,1990.31,2,3980.62,Student,1,0.3625,1
Europe,Samsung,Desktop,Ryzen 9,NVIDIA GTX 1650,32,1024,macOS,Gray,Retail Store,PayPal,2302.36,15,1957.01,3,5871.03,Enterprise,0,0.3775,1
Asia-Pacific,Apple,Laptop,Ryzen 3,Intel Iris,16,512,macOS,Blue,Reseller,Debit Card,2636.11,10,2372.5,3,7117.5,Professional,0,0.4625,1
North America,Asus,Desktop,Ryzen 9,AMD Radeon Vega,4,1024,Linux,Gray,Reseller,Credit Card,885.11,5,840.85,1,840.85,Gamer,0,0.3125,0
Europe,Dell,Gaming Laptop,Ryzen 5,NVIDIA RTX 2060,4,512,Windows 10,Blue,Retail Store,Credit Card,2459.17,15,2090.29,1,2090.29,Professional,1,0.375,1
Europe,Samsung,All-in-One,Ryzen 5,Intel UHD,4,256,Linux,Black,Online,Credit Card,2393.01,20,1914.41,1,1914.41,Student,0,0.4625,1
Europe,Asus,All-in-One,i7,Intel UHD,32,2048,Windows 11,Blue,Retail Store,Debit Card,2996.73,5,2846.89,1,2846.89,Enterprise,0,0.4075,1
Asia-Pacific,HP,Desktop,Ryzen 3,NVIDIA RTX 2060,32,2048,Linux,Blue,Online,PayPal,510.28,15,433.74,1,433.74,Enterprise,1,0.325,0
Europe,Apple,Desktop,Ryzen 9,NVIDIA GTX 1650,8,2048,macOS,Black,Online,Debit Card,2636.76,0,2636.76,2,5273.52,Professional,1,0.405,1
Europe,MSI,Gaming Laptop,M2,NVIDIA GTX 1650,4,1024,Windows 10,Gray,Retail Store,Bank Transfer,1239.15,20,991.32,1,991.32,Professional,1,0.4125,1
Europe,Asus,Desktop,M1,Intel Iris,4,512,Windows 10,Silver,Online,Debit Card,739.13,10,665.22,1,665.22,Enterprise,0,0.39,1
Europe,Microsoft,Desktop,M1,NVIDIA RTX 3060,32,512,Windows 11,Gray,Online,Debit Card,2252.06,20,1801.65,1,1801.65,Student,0,0.3825,1
Europe,Acer,All-in-One,Ryzen 7,NVIDIA RTX 2060,4,1024,Windows 10,Black,Reseller,Credit Card,660.34,10,594.31,3,1782.93,Gamer,1,0.3625,1
Europe,Dell,All-in-One,Ryzen 3,Intel UHD,32,512,macOS,Black,Reseller,Credit Card,888.25,15,755.01,3,2265.03,Professional,0,0.4375,1
Europe,Dell,All-in-One,M1,NVIDIA RTX 3060,16,512,macOS,Silver,Reseller,PayPal,658.27,5,625.36,1,625.36,Student,1,0.38,1
North America,HP,Gaming Laptop,i3,NVIDIA GTX 1650,32,256,Windows 10,Black,Retail Store,Bank Transfer,1768.36,0,1768.36,2,3536.72,Student,0,0.355,1
North America,Asus,All-in-One,M2,NVIDIA GTX 1650,32,1024,Windows 10,Blue,Reseller,PayPal,688.74,0,688.74,3,2066.22,Gamer,0,0.3425,0
North America,Acer,All-in-One,M2,Intel Iris,16,256,macOS,Silver,Reseller,Bank Transfer,1487.93,15,1264.74,3,3794.22,Gamer,1,0.55,1
Europe,HP,Laptop,Ryzen 3,NVIDIA GTX 1650,8,512,Linux,White,Retail Store,Debit Card,743.62,20,594.9,2,1189.8,Enterprise,1,0.3775,1
Europe,Microsoft,Desktop,Ryzen 9,NVIDIA RTX 3060,4,2048,macOS,White,Online,PayPal,1553.43,10,1398.09,2,2796.18,Gamer,1,0.32,0
North America,Lenovo,Desktop,i3,NVIDIA RTX 3060,4,256,Linux,Black,Reseller,Credit Card,1190.9,15,1012.27,1,1012.27,Enterprise,0,0.3825,1
Asia-Pacific,MSI,Laptop,i7,Intel UHD,8,1024,Linux,Gray,Reseller,Bank Transfer,1744.29,5,1657.08,1,1657.08,Professional,0,0.4275,1
Europe,MSI,Gaming Laptop,i5,NVIDIA GTX 1650,8,256,macOS,Silver,Online,Bank Transfer,615.73,0,615.73,1,615.73,Gamer,0,0.31,0
Europe,Asus,Gaming Laptop,Ryzen 3,NVIDIA RTX 2060,16,1024,Linux,Blue,Retail Store,Debit Card,1795.64,20,1436.51,2,2873.02,Student,1,0.3125,0
Asia-Pacific,Dell,Laptop,M1,NVIDIA GTX 1650,4,2048,Windows 11,Blue,Reseller,Debit Card,2552.22,10,2297.0,3,6891.0,Professional,0,0.49,1
Europe,Asus,Desktop,i3,NVIDIA RTX 3060,4,512,macOS,White,Retail Store,Debit Card,1812.03,15,1540.23,1,1540.23,Enterprise,1,0.3375,0
Asia-Pacific,Lenovo,Gaming Laptop,Ryzen 5,NVIDIA RTX 3060,8,2048,Linux,White,Reseller,Bank Transfer,2549.61,5,2422.13,3,7266.39,Gamer,0,0.3325,0
North America,Microsoft,Gaming Laptop,i3,AMD Radeon Vega,16,256,macOS,Blue,Online,Bank Transfer,660.93,10,594.84,2,1189.68,Student,1,0.4575,1
Asia-Pacific,MSI,Laptop,i7,NVIDIA RTX 3060,16,512,Linux,Silver,Online,Bank Transfer,1801.23,5,1711.17,1,1711.17,Student,0,0.4775,1
North America,Apple,Laptop,i7,AMD Radeon Vega,8,256,macOS,Silver,Retail Store,Debit Card,1479.82,0,1479.82,2,2959.64,Gamer,1,0.26,0
Asia-Pacific,Razer,All-in-One,Ryzen 9,Intel Iris,4,512,Windows 10,Black,Reseller,Bank Transfer,2018.31,20,1614.65,1,1614.65,Gamer,0,0.4425,1
Asia-Pacific,Acer,Desktop,Ryzen 9,NVIDIA RTX 2060,4,512,Windows 11,White,Reseller,Bank Transfer,932.59,5,885.96,1,885.96,Gamer,1,0.3525,1
Asia-Pacific,Asus,Gaming Laptop,M2,AMD Radeon Vega,4,2048,Windows 10,Gray,Retail Store,Debit Card,589.02,10,530.12,1,530.12,Student,1,0.4025,1
Europe,Lenovo,Desktop,i7,Intel UHD,32,1024,Linux,Black,Reseller,Bank Transfer,2116.79,5,2010.95,1,2010.95,Student,0,0.415,1
North America,HP,All-in-One,M1,Intel UHD,32,1024,macOS,White,Reseller,Debit Card,1049.81,10,944.83,1,944.83,Professional,0,0.37,1
Europe,Acer,Gaming Laptop,Ryzen 3,AMD Radeon Vega,16,1024,macOS,Blue,Reseller,Debit Card,2771.67,5,2633.09,2,5266.18,Enterprise,0,0.4375,1
Asia-Pacific,Asus,Gaming Laptop,i3,NVIDIA RTX 2060,32,512,Windows 11,Gray,Online,PayPal,2151.01,20,1720.81,1,1720.81,Student,1,0.475,1
North America,Acer,Laptop,i5,Intel UHD,16,1024,Linux,White,Retail Store,Debit Card,1763.25,0,1763.25,2,3526.5,Professional,1,0.3625,1
Asia-Pacific,Samsung,Desktop,Ryzen 3,NVIDIA RTX 2060,4,512,Windows 10,Silver,Online,PayPal,2943.1,20,2354.48,2,4708.96,Student,0,0.3825,1
North America,Acer,Gaming Laptop,i5,NVIDIA RTX 2060,8,256,Windows 11,Black,Reseller,Bank Transfer,2725.12,0,2725.12,1,2725.12,Gamer,1,0.385,1
Asia-Pacific,Lenovo,Gaming Laptop,i5,NVIDIA GTX 1650,8,2048,macOS,White,Online,Debit Card,2087.62,0,2087.62,1,2087.62,Student,1,0.3325,0
Europe,Asus,Gaming Laptop,i5,Intel Iris,8,2048,Windows 11,Blue,Retail Store,Debit Card,1633.27,10,1469.94,3,4409.82,Gamer,1,0.4175,1
Asia-Pacific,Asus,All-in-One,Ryzen 7,AMD Radeon Vega,8,512,Windows 11,Black,Online,Bank Transfer,586.27,15,498.33,2,996.66,Gamer,0,0.435,1
Asia-Pacific,Acer,Laptop,i7,Intel UHD,8,512,Windows 10,Blue,Online,Bank Transfer,1356.39,20,1085.11,3,3255.33,Student,0,0.315,0
Europe,HP,Gaming Laptop,i3,AMD Radeon Vega,16,1024,Windows 11,Silver,Reseller,Bank Transfer,1278.15,15,1086.43,3,3259.29,Gamer,0,0.445,1
Asia-Pacific,Lenovo,Desktop,i9,AMD Radeon Vega,4,256,Windows 11,Gray,Reseller,Credit Card,1720.09,20,1376.07,2,2752.14,Enterprise,0,0.4025,1
Europe,Lenovo,Laptop,i3,NVIDIA RTX 2060,32,1024,Windows 11,Blue,Retail Store,Debit Card,2320.53,0,2320.53,1,2320.53,Enterprise,0,0.4125,1
North America,Samsung,Gaming Laptop,i9,AMD Radeon Vega,8,256,Linux,Silver,Online,Debit Card,1340.41,10,1206.37,2,2412.74,Gamer,0,0.4625,1
North America,Razer,All-in-One,Ryzen 5,Intel UHD,16,2048,macOS,Gray,Reseller,Credit Card,1832.17,15,1557.34,2,3114.68,Professional,0,0.435,1
Asia-Pacific,Razer,Desktop,Ryzen 7,AMD Radeon Vega,16,256,macOS,Blue,Reseller,Bank Transfer,1035.96,15,880.57,3,2641.71,Gamer,0,0.415,1
Europe,MSI,Desktop,i3,Intel Iris,8,2048,Windows 11,Blue,Retail Store,Credit Card,1862.51,15,1583.13,1,1583.13,Student,0,0.4625,1
North America,MSI,All-in-One,Ryzen 3,NVIDIA GTX 1650,16,256,macOS,Gray,Online,Debit Card,2533.13,10,2279.82,3,6839.46,Professional,1,0.5075,1
Europe,Dell,Laptop,i3,NVIDIA RTX 2060,8,1024,macOS,Silver,Reseller,Debit Card,2685.93,15,2283.04,2,4566.08,Gamer,0,0.4075,1
Asia-Pacific,MSI,All-in-One,Ryzen 3,NVIDIA GTX 1650,32,512,Windows 11,White,Online,Debit Card,2394.84,10,2155.36,3,6466.08,Gamer,0,0.425,1
North America,Lenovo,Desktop,M2,Intel Iris,32,1024,Windows 11,Blue,Retail Store,Debit Card,2356.83,20,1885.46,1,1885.46,Student,1,0.49,1
Europe,HP,Laptop,M1,AMD Radeon Vega,32,256,macOS,Gray,Retail Store,PayPal,2288.68,0,2288.68,2,4577.36,Gamer,1,0.415,1
Asia-Pacific,Acer,Laptop,i3,NVIDIA RTX 3060,16,256,Linux,White,Online,PayPal,2601.77,0,2601.77,1,2601.77,Student,1,0.4,1
Europe,Lenovo,Gaming Laptop,i5,NVIDIA GTX 1650,16,1024,Linux,White,Retail Store,Credit Card,2207.5,5,2097.12,2,4194.24,Professional,1,0.4125,1
Europe,Dell,Desktop,i3,NVIDIA RTX 2060,16,1024,macOS,Black,Online,PayPal,782.6,20,626.08,1,626.08,Professional,0,0.41,1
Asia-Pacific,Razer,Laptop,Ryzen 3,AMD Radeon Vega,8,1024,macOS,Silver,Online,Credit Card,897.43,10,807.69,3,2423.07,Gamer,0,0.3225,0
Asia-Pacific,Acer,Gaming Laptop,i7,Intel Iris,8,512,macOS,Silver,Retail Store,Bank Transfer,2811.78,5,2671.19,3,8013.57,Student,0,0.425,1
Europe,HP,Gaming Laptop,Ryzen 3,Intel UHD,4,256,macOS,Black,Retail Store,Credit Card,2137.59,15,1816.95,2,3633.9,Enterprise,1,0.41,1
North America,Razer,Laptop,Ryzen 7,NVIDIA RTX 2060,4,1024,macOS,Blue,Retail Store,PayPal,2410.63,10,2169.57,1,2169.57,Gamer,0,0.35,1
North America,Razer,Desktop,Ryzen 9,Intel UHD,8,1024,Linux,White,Retail Store,Credit Card,1854.66,15,1576.46,2,3152.92,Student,1,0.3825,1
Asia-Pacific,Samsung,Desktop,i3,Intel Iris,8,256,Linux,Silver,Retail Store,Credit Card,1797.09,15,1527.53,1,1527.53,Professional,1,0.335,0
Europe,Acer,Laptop,Ryzen 3,NVIDIA GTX 1650,8,256,Linux,Blue,Reseller,PayPal,1641.76,0,1641.76,2,3283.52,Student,0,0.4875,1
Asia-Pacific,Apple,Desktop,i9,Intel Iris,32,2048,macOS,Gray,Online,Debit Card,2819.22,0,2819.22,2,5638.44,Professional,0,0.3675,1
Europe,Samsung,Gaming Laptop,Ryzen 5,NVIDIA RTX 2060,16,2048,macOS,Gray,Reseller,Debit Card,2501.97,20,2001.58,2,4003.16,Student,1,0.35,1
North America,Apple,Gaming Laptop,M2,NVIDIA GTX 1650,16,256,macOS,Silver,Retail Store,PayPal,671.95,20,537.56,1,537.56,Gamer,1,0.4125,1
Europe,Samsung,Laptop,i7,NVIDIA RTX 2060,8,512,Windows 10,Gray,Online,Credit Card,1123.28,10,1010.95,2,2021.9,Enterprise,1,0.3,0
Europe,Asus,Laptop,i5,NVIDIA GTX 1650,8,256,Windows 11,Silver,Online,Credit Card,2733.93,20,2187.14,3,6561.42,Gamer,0,0.38,1
North America,MSI,Desktop,Ryzen 3,AMD Radeon Vega,32,512,macOS,Blue,Online,PayPal,2144.38,5,2037.16,1,2037.16,Enterprise,0,0.4225,1
Europe,Dell,Laptop,i9,NVIDIA RTX 3060,16,256,Windows 10,White,Online,Bank Transfer,1465.3,15,1245.5,2,2491.0,Enterprise,0,0.38,1
Asia-Pacific,Microsoft,Laptop,i5,AMD Radeon Vega,4,1024,Windows 10,Blue,Retail Store,Credit Card,587.74,10,528.97,3,1586.91,Gamer,0,0.325,0
Asia-Pacific,Samsung,Laptop,M1,NVIDIA RTX 2060,16,512,Windows 11,White,Reseller,Bank Transfer,1079.82,15,917.85,3,2753.55,Enterprise,0,0.465,1
North America,Lenovo,All-in-One,i7,NVIDIA RTX 2060,16,1024,Windows 10,White,Online,Bank Transfer,1569.01,5,1490.56,2,2981.12,Gamer,1,0.3725,1
North America,Microsoft,Gaming Laptop,M2,Intel UHD,4,2048,macOS,Gray,Online,PayPal,2722.52,20,2178.02,2,4356.04,Enterprise,1,0.4275,1
Europe,Apple,All-in-One,i5,NVIDIA RTX 3060,4,2048,macOS,Black,Retail Store,Debit Card,2167.35,5,2058.98,2,4117.96,Student,0,0.4725,1
North America,Microsoft,Laptop,Ryzen 3,NVIDIA RTX 3060,8,512,Linux,Gray,Online,PayPal,549.59,10,494.63,2,989.26,Student,1,0.455,1
Asia-Pacific,Razer,Desktop,Ryzen 7,NVIDIA GTX 1650,16,1024,Linux,Blue,Reseller,Debit Card,1733.01,20,1386.41,2,2772.82,Professional,0,0.3575,1
North America,Samsung,All-in-One,Ryzen 5,NVIDIA GTX 1650,8,512,Linux,Black,Online,PayPal,2299.23,20,1839.38,1,1839.38,Student,0,0.54,1
Europe,Asus,Desktop,Ryzen 9,NVIDIA GTX 1650,32,2048,macOS,Gray,Retail Store,Credit Card,2831.11,5,2689.55,2,5379.1,Gamer,0,0.43,1
Europe,HP,Gaming Laptop,Ryzen 5,AMD Radeon Vega,32,512,Linux,Silver,Reseller,PayPal,2713.33,10,2442.0,3,7326.0,Professional,1,0.4075,1
Europe,MSI,Gaming Laptop,Ryzen 5,Intel UHD,16,512,macOS,Blue,Retail Store,Credit Card,1261.33,20,1009.06,2,2018.12,Enterprise,1,0.31,0
North America,Microsoft,All-in-One,Ryzen 7,NVIDIA RTX 3060,8,2048,macOS,Gray,Reseller,Credit Card,2665.69,20,2132.55,2,4265.1,Gamer,1,0.355,1
Europe,Apple,Laptop,Ryzen 5,NVIDIA GTX 1650,16,512,macOS,Blue,Reseller,Credit Card,2731.42,0,2731.42,2,5462.84,Professional,1,0.42,1
North America,HP,All-in-One,Ryzen 5,Intel Iris,16,2048,Windows 11,Black,Online,Credit Card,1360.58,10,1224.52,2,2449.04,Professional,1,0.4225,1
Europe,Lenovo,Laptop,i9,Intel Iris,8,256,Windows 10,White,Online,Credit Card,1946.15,20,1556.92,3,4670.76,Student,0,0.325,0
Europe,Samsung,Desktop,i5,AMD Radeon Vega,32,256,Windows 10,White,Retail Store,PayPal,1793.18,10,1613.86,1,1613.86,Professional,0,0.45,1
North America,Apple,Desktop,Ryzen 7,AMD Radeon Vega,4,512,macOS,White,Retail Store,Bank Transfer,2124.56,0,2124.56,3,6373.68,Gamer,1,0.42,1
North America,HP,Desktop,i5,NVIDIA GTX 1650,8,256,macOS,White,Online,Debit Card,1126.68,20,901.34,3,2704.02,Professional,0,0.5275,1
Europe,Dell,Desktop,i9,Intel UHD,4,512,Windows 10,Silver,Reseller,Bank Transfer,1966.1,20,1572.88,1,1572.88,Professional,1,0.39,1
North America,Lenovo,Laptop,i3,NVIDIA GTX 1650,16,256,Linux,Black,Online,Debit Card,2480.1,20,1984.08,3,5952.24,Gamer,0,0.44,1
North America,Acer,Gaming Laptop,i7,AMD Radeon Vega,4,2048,Linux,White,Online,Bank Transfer,2352.94,10,2117.65,1,2117.65,Gamer,0,0.4,1
Europe,Acer,Laptop,i9,Intel Iris,32,512,macOS,Gray,Online,Debit Card,2006.54,20,1605.23,1,1605.23,Enterprise,0,0.36,1
Asia-Pacific,Razer,Desktop,Ryzen 7,Intel Iris,8,512,macOS,Gray,Reseller,Credit Card,2678.34,10,2410.51,1,2410.51,Professional,1,0.365,1
North America,Lenovo,Desktop,Ryzen 9,AMD Radeon Vega,8,512,Linux,Black,Retail Store,Debit Card,1931.66,0,1931.66,1,1931.66,Gamer,0,0.3925,1
Asia-Pacific,Asus,Laptop,M1,NVIDIA RTX 3060,16,512,macOS,White,Online,Bank Transfer,1005.97,10,905.37,3,2716.11,Gamer,0,0.4525,1
Europe,Asus,All-in-One,i7,Intel UHD,16,1024,Linux,Gray,Reseller,Credit Card,557.16,20,445.73,2,891.46,Gamer,1,0.405,1
Asia-Pacific,HP,Laptop,Ryzen 3,AMD Radeon Vega,8,1024,Windows 11,White,Retail Store,Bank Transfer,2382.53,20,1906.02,3,5718.06,Student,0,0.39,1
Asia-Pacific,Asus,Gaming Laptop,Ryzen 7,AMD Radeon Vega,4,2048,Windows 11,Gray,Reseller,Bank Transfer,612.28,20,489.82,1,489.82,Enterprise,0,0.395,1
Europe,Razer,All-in-One,M2,NVIDIA GTX 1650,4,1024,macOS,Silver,Retail Store,Debit Card,651.16,5,618.6,1,618.6,Enterprise,0,0.385,1
Asia-Pacific,Lenovo,Gaming Laptop,M1,Intel UHD,8,2048,macOS,Blue,Retail Store,Debit Card,2497.82,5,2372.93,2,4745.86,Enterprise,1,0.4075,1
Europe,HP,Gaming Laptop,Ryzen 7,Intel Iris,32,1024,Windows 11,Blue,Online,Credit Card,608.34,5,577.92,3,1733.76,Gamer,0,0.3975,1
North America,MSI,Desktop,Ryzen 5,NVIDIA RTX 3060,8,512,Linux,White,Reseller,Credit Card,1499.34,15,1274.44,2,2548.88,Professional,0,0.41,1
Europe,Apple,All-in-One,Ryzen 3,Intel Iris,16,512,macOS,Silver,Reseller,Bank Transfer,458.14,15,389.42,2,778.84,Professional,0,0.325,0
North America,Acer,All-in-One,Ryzen 3,NVIDIA GTX 1650,8,2048,Windows 10,White,Online,Debit Card,714.44,20,571.55,1,571.55,Professional,1,0.36,1
Europe,Asus,Laptop,i5,NVIDIA RTX 2060,32,512,Linux,Silver,Online,PayPal,1744.52,5,1657.29,1,1657.29,Enterprise,0,0.3725,1
North America,Lenovo,Desktop,M2,AMD Radeon Vega,16,1024,Windows 11,White,Online,Debit Card,2194.03,5,2084.33,3,6252.99,Professional,0,0.51,1
North America,Dell,All-in-One,i5,Intel Iris,8,2048,macOS,Black,Retail Store,PayPal,2558.31,5,2430.39,2,4860.78,Professional,0,0.5075,1
North America,Microsoft,All-in-One,i5,AMD Radeon Vega,32,2048,macOS,Silver,Retail Store,Debit Card,698.46,5,663.54,1,663.54,Student,1,0.38,1
Asia-Pacific,Razer,All-in-One,i5,NVIDIA RTX 3060,16,512,macOS,Blue,Retail Store,Bank Transfer,708.69,0,708.69,1,708.69,Gamer,0,0.34,0
North America,HP,Desktop,i5,AMD Radeon Vega,16,1024,Linux,White,Online,Bank Transfer,2377.89,0,2377.89,1,2377.89,Gamer,1,0.4075,1
Asia-Pacific,Microsoft,All-in-One,Ryzen 7,NVIDIA RTX 3060,8,512,macOS,Black,Reseller,Bank Transfer,409.36,20,327.49,1,327.49,Enterprise,0,0.4125,1
Asia-Pacific,Microsoft,All-in-One,Ryzen 7,NVIDIA RTX 2060,16,1024,Windows 11,Black,Retail Store,PayPal,406.57,5,386.24,1,386.24,Gamer,0,0.3625,1
Europe,Dell,All-in-One,Ryzen 9,NVIDIA GTX 1650,4,1024,Windows 11,Gray,Retail Store,Debit Card,1208.84,20,967.07,1,967.07,Gamer,0,0.43,1
Europe,Razer,Laptop,M1,NVIDIA RTX 2060,8,2048,Windows 11,Gray,Online,Credit Card,1828.29,10,1645.46,2,3290.92,Enterprise,0,0.365,1
North America,Lenovo,All-in-One,i3,AMD Radeon Vega,16,1024,macOS,White,Reseller,Bank Transfer,1959.6,10,1763.64,3,5290.92,Gamer,0,0.4575,1
Europe,Dell,Laptop,i9,AMD Radeon Vega,4,2048,Windows 10,Silver,Reseller,Debit Card,1155.46,10,1039.91,1,1039.91,Professional,0,0.4275,1
North America,Dell,All-in-One,i9,NVIDIA GTX 1650,16,1024,Windows 11,Blue,Retail Store,PayPal,1183.14,10,1064.83,1,1064.83,Gamer,1,0.4525,1
Asia-Pacific,HP,Laptop,M1,NVIDIA RTX 3060,4,1024,macOS,Silver,Retail Store,Bank Transfer,2070.87,0,2070.87,3,6212.61,Student,1,0.345,0
Asia-Pacific,Samsung,All-in-One,Ryzen 9,AMD Radeon Vega,16,256,Windows 11,Blue,Online,Bank Transfer,1184.14,20,947.31,2,1894.62,Professional,0,0.345,0
North America,Acer,Laptop,M2,Intel UHD,4,2048,macOS,White,Online,PayPal,1709.27,20,1367.42,1,1367.42,Gamer,1,0.3975,1
Asia-Pacific,Acer,Gaming Laptop,i3,NVIDIA RTX 2060,4,1024,Windows 10,Black,Retail Store,PayPal,1489.64,0,1489.64,3,4468.92,Enterprise,0,0.3325,0
Asia-Pacific,Apple,Gaming Laptop,Ryzen 9,AMD Radeon Vega,4,512,macOS,Blue,Reseller,PayPal,1566.43,5,1488.11,3,4464.33,Professional,1,0.3625,1
North America,Microsoft,Gaming Laptop,i3,Intel Iris,8,512,macOS,White,Retail Store,PayPal,2189.91,0,2189.91,3,6569.73,Student,0,0.36,1
Europe,MSI,Gaming Laptop,Ryzen 5,AMD Radeon Vega,8,2048,macOS,Gray,Online,PayPal,1047.24,0,1047.24,3,3141.72,Student,0,0.3525,1
Asia-Pacific,Samsung,Laptop,Ryzen 7,NVIDIA RTX 2060,4,1024,macOS,Black,Reseller,PayPal,1586.98,0,1586.98,2,3173.96,Enterprise,0,0.3775,1
Asia-Pacific,Acer,All-in-One,i9,NVIDIA RTX 3060,4,256,macOS,Silver,Online,Debit Card,1750.35,0,1750.35,1,1750.35,Enterprise,0,0.3525,1
North America,MSI,Desktop,i5,Intel Iris,4,1024,Linux,Silver,Retail Store,Debit Card,2600.89,15,2210.76,1,2210.76,Student,1,0.38,1
Asia-Pacific,Apple,Gaming Laptop,i5,NVIDIA RTX 3060,16,256,macOS,White,Online,Bank Transfer,1705.31,0,1705.31,1,1705.31,Student,1,0.4575,1
Europe,Acer,Laptop,i3,NVIDIA RTX 3060,4,1024,macOS,Black,Online,PayPal,1034.62,20,827.7,1,827.7,Gamer,0,0.405,1
Europe,HP,Gaming Laptop,i5,NVIDIA GTX 1650,16,1024,Linux,Black,Online,Credit Card,1342.7,5,1275.57,1,1275.57,Student,0,0.41,1
Europe,Acer,Gaming Laptop,Ryzen 7,AMD Radeon Vega,32,256,Linux,Black,Online,Credit Card,2798.05,15,2378.34,1,2378.34,Enterprise,0,0.395,1
Europe,HP,All-in-One,i3,Intel UHD,32,2048,Windows 10,White,Reseller,PayPal,1451.06,10,1305.95,1,1305.95,Professional,0,0.385,1
North America,Microsoft,Desktop,M1,AMD Radeon Vega,16,2048,Windows 11,Gray,Reseller,PayPal,2908.26,0,2908.26,1,2908.26,Professional,1,0.3675,1
Europe,Dell,Desktop,Ryzen 5,NVIDIA GTX 1650,32,1024,macOS,White,Reseller,Debit Card,1127.29,0,1127.29,1,1127.29,Professional,0,0.365,1
North America,Lenovo,Laptop,M1,Intel UHD,16,256,Windows 10,Silver,Retail Store,PayPal,537.12,15,456.55,1,456.55,Enterprise,0,0.39,1
North America,Microsoft,All-in-One,M2,NVIDIA RTX 3060,8,1024,Windows 10,White,Retail Store,PayPal,2911.1,15,2474.43,3,7423.29,Student,1,0.39,1
Asia-Pacific,Apple,Laptop,Ryzen 3,Intel UHD,16,256,macOS,Silver,Reseller,Credit Card,492.2,20,393.76,1,393.76,Student,1,0.4125,1
Europe,HP,Desktop,i7,Intel UHD,8,1024,Windows 10,Silver,Reseller,Bank Transfer,1529.5,5,1453.02,1,1453.02,Enterprise,1,0.3525,1
Europe,Razer,Desktop,i7,NVIDIA GTX 1650,4,1024,Windows 10,White,Retail Store,PayPal,2211.37,20,1769.1,2,3538.2,Professional,0,0.37,1
North America,Samsung,All-in-One,M1,NVIDIA RTX 2060,16,512,Windows 11,Black,Online,Debit Card,1254.33,10,1128.9,3,3386.7,Enterprise,1,0.4225,1
Asia-Pacific,Microsoft,Gaming Laptop,i3,NVIDIA GTX 1650,4,1024,macOS,Silver,Retail Store,PayPal,2432.0,15,2067.2,3,6201.6,Enterprise,0,0.3975,1
Europe,Samsung,Desktop,i7,Intel UHD,8,1024,macOS,Black,Reseller,Debit Card,1021.39,10,919.25,3,2757.75,Enterprise,0,0.42,1
Europe,Razer,Laptop,Ryzen 5,NVIDIA RTX 3060,16,2048,macOS,Silver,Retail Store,Bank Transfer,1132.65,20,906.12,1,906.12,Student,0,0.365,1
Europe,Lenovo,Desktop,M1,NVIDIA GTX 1650,32,256,Windows 10,White,Online,Credit Card,714.25,20,571.4,2,1142.8,Enterprise,0,0.3275,0
Asia-Pacific,Razer,Gaming Laptop,i7,NVIDIA RTX 3060,8,512,Windows 11,White,Reseller,PayPal,565.08,20,452.06,2,904.12,Professional,0,0.375,1
Asia-Pacific,Razer,Laptop,i7,AMD Radeon Vega,8,512,macOS,White,Reseller,Bank Transfer,2921.31,20,2337.05,2,4674.1,Gamer,1,0.405,1
Asia-Pacific,Lenovo,All-in-One,i5,AMD Radeon Vega,32,1024,macOS,Gray,Online,Debit Card,809.16,20,647.33,2,1294.66,Gamer,1,0.36,1
Europe,Lenovo,Desktop,Ryzen 9,AMD Radeon Vega,8,512,macOS,Blue,Retail Store,PayPal,2838.53,0,2838.53,3,8515.59,Enterprise,1,0.4275,1
Asia-Pacific,Samsung,All-in-One,i5,NVIDIA RTX 2060,8,512,Windows 11,Gray,Reseller,Credit Card,1325.22,20,1060.18,3,3180.54,Student,1,0.3025,0
Europe,Microsoft,Gaming Laptop,i3,NVIDIA GTX 1650,16,1024,Windows 10,Blue,Reseller,Debit Card,433.99,20,347.19,1,347.19,Student,0,0.33,0
North America,Microsoft,Desktop,Ryzen 5,NVIDIA GTX 1650,8,1024,macOS,White,Online,Credit Card,2911.19,0,2911.19,1,2911.19,Gamer,0,0.4175,1
Asia-Pacific,MSI,All-in-One,i9,NVIDIA GTX 1650,8,512,Windows 11,Gray,Reseller,Debit Card,915.9,15,778.51,1,778.51,Student,0,0.36,1
Europe,Asus,Gaming Laptop,i7,Intel UHD,8,256,Windows 10,Silver,Reseller,Bank Transfer,1433.26,20,1146.61,3,3439.83,Enterprise,0,0.355,1
North America,MSI,Desktop,Ryzen 3,Intel Iris,16,2048,Windows 11,Gray,Retail Store,Debit Card,1565.24,0,1565.24,2,3130.48,Gamer,1,0.4075,1
Asia-Pacific,Dell,All-in-One,Ryzen 5,NVIDIA RTX 2060,8,256,Windows 10,Blue,Online,PayPal,2574.95,5,2446.2,3,7338.6,Enterprise,0,0.4325,1
Europe,Microsoft,Gaming Laptop,Ryzen 9,Intel Iris,16,1024,Windows 11,White,Reseller,Credit Card,557.61,15,473.97,2,947.94,Enterprise,0,0.395,1
Asia-Pacific,Asus,Laptop,Ryzen 7,NVIDIA GTX 1650,32,1024,Windows 10,Black,Reseller,PayPal,965.65,10,869.09,3,2607.27,Enterprise,0,0.3375,0
Asia-Pacific,Samsung,All-in-One,Ryzen 5,Intel Iris,8,512,Linux,White,Retail Store,Debit Card,2661.07,20,2128.86,2,4257.72,Enterprise,0,0.465,1
Asia-Pacific,Samsung,Desktop,i9,NVIDIA GTX 1650,16,512,Windows 10,Silver,Reseller,PayPal,1405.95,15,1195.06,2,2390.12,Gamer,0,0.345,0
Europe,Acer,Desktop,Ryzen 5,NVIDIA RTX 3060,4,2048,Windows 11,Silver,Retail Store,Credit Card,528.2,10,475.38,2,950.76,Student,0,0.2225,0
North America,Dell,Desktop,i9,Intel Iris,4,256,Windows 11,Blue,Retail Store,PayPal,831.79,5,790.2,1,790.2,Student,1,0.415,1
Europe,HP,All-in-One,M1,Intel UHD,8,2048,Windows 11,Blue,Retail Store,Credit Card,2186.25,0,2186.25,3,6558.75,Gamer,0,0.365,1
Europe,HP,Gaming Laptop,i5,NVIDIA GTX 1650,32,512,Linux,White,Online,Bank Transfer,2988.95,20,2391.16,2,4782.32,Enterprise,0,0.4125,1
Europe,Razer,All-in-One,i3,Intel Iris,4,256,macOS,White,Reseller,Credit Card,1290.21,10,1161.19,2,2322.38,Enterprise,1,0.4775,1
Europe,Acer,All-in-One,Ryzen 5,NVIDIA GTX 1650,32,2048,Linux,Black,Online,Bank Transfer,767.5,10,690.75,1,690.75,Professional,0,0.3925,1
Europe,MSI,All-in-One,i3,Intel Iris,32,1024,macOS,Blue,Online,Debit Card,709.85,15,603.37,2,1206.74,Gamer,0,0.3625,1
Asia-Pacific,MSI,Desktop,Ryzen 7,NVIDIA GTX 1650,4,1024,Windows 11,Gray,Online,Bank Transfer,1387.67,20,1110.14,1,1110.14,Gamer,1,0.4775,1
Europe,Lenovo,Desktop,i5,Intel Iris,4,256,Linux,Gray,Retail Store,Bank Transfer,1831.21,10,1648.09,1,1648.09,Student,1,0.4175,1
Europe,Asus,Laptop,Ryzen 3,Intel Iris,4,512,macOS,Silver,Reseller,PayPal,993.79,10,894.41,1,894.41,Gamer,1,0.34,0
North America,Razer,Desktop,Ryzen 5,NVIDIA GTX 1650,16,1024,Linux,White,Online,PayPal,1685.21,5,1600.95,1,1600.95,Enterprise,0,0.435,1
North America,Razer,Desktop,Ryzen 7,Intel Iris,4,512,Linux,Blue,Retail Store,Debit Card,2833.95,20,2267.16,1,2267.16,Student,0,0.3775,1
North America,HP,All-in-One,Ryzen 3,NVIDIA RTX 3060,8,1024,macOS,Silver,Retail Store,Bank Transfer,1197.78,5,1137.89,2,2275.78,Gamer,0,0.3525,1
Europe,Acer,Desktop,i9,Intel UHD,4,1024,Windows 10,White,Online,Bank Transfer,546.58,15,464.59,1,464.59,Enterprise,1,0.41,1
North America,Apple,All-in-One,Ryzen 7,NVIDIA RTX 3060,32,512,macOS,Silver,Retail Store,PayPal,2840.2,0,2840.2,2,5680.4,Gamer,1,0.4,1
Asia-Pacific,Apple,Laptop,i9,Intel UHD,4,2048,macOS,Silver,Retail Store,Bank Transfer,1217.47,0,1217.47,3,3652.41,Professional,1,0.2725,0
North America,MSI,Desktop,Ryzen 7,NVIDIA GTX 1650,8,1024,Windows 10,White,Online,PayPal,1212.81,10,1091.53,2,2183.06,Professional,0,0.4275,1
Asia-Pacific,Apple,Desktop,i7,NVIDIA GTX 1650,32,2048,macOS,Gray,Reseller,Debit Card,2336.04,10,2102.44,1,2102.44,Gamer,1,0.34,0
North America,Acer,All-in-One,Ryzen 9,NVIDIA RTX 2060,32,2048,Linux,Black,Reseller,Credit Card,2302.7,15,1957.29,2,3914.58,Student,0,0.38,1
Europe,Samsung,All-in-One,M1,NVIDIA GTX 1650,4,1024,Linux,Blue,Reseller,PayPal,2595.02,5,2465.27,2,4930.54,Enterprise,0,0.3875,1
Asia-Pacific,Razer,Gaming Laptop,Ryzen 7,Intel UHD,8,2048,Linux,Blue,Reseller,Credit Card,1285.08,15,1092.32,2,2184.64,Student,0,0.4325,1
Europe,Dell,Laptop,i9,NVIDIA RTX 3060,4,2048,Linux,Silver,Online,Credit Card,2336.8,0,2336.8,2,4673.6,Student,0,0.4225,1
Asia-Pacific,Asus,Desktop,Ryzen 5,AMD Radeon Vega,16,512,Linux,White,Reseller,Credit Card,1584.52,0,1584.52,3,4753.56,Professional,0,0.4725,1
North America,Asus,All-in-One,i7,NVIDIA RTX 3060,8,1024,macOS,Silver,Reseller,Credit Card,2556.19,5,2428.38,3,7285.14,Enterprise,1,0.5425,1
Asia-Pacific,Lenovo,Gaming Laptop,Ryzen 3,Intel Iris,32,512,Windows 10,Blue,Reseller,Credit Card,2726.58,5,2590.25,2,5180.5,Professional,1,0.3775,1
Europe,Lenovo,Gaming Laptop,M1,Intel UHD,32,512,Linux,White,Online,Credit Card,436.7,20,349.36,1,349.36,Gamer,0,0.3925,1
Europe,Lenovo,Gaming Laptop,M2,NVIDIA GTX 1650,16,512,Linux,White,Online,Bank Transfer,712.23,5,676.62,2,1353.24,Student,1,0.3525,1
Europe,Razer,All-in-One,M1,Intel Iris,16,512,Windows 11,Black,Online,PayPal,642.25,5,610.14,3,1830.42,Enterprise,1,0.4725,1
Asia-Pacific,Lenovo,Gaming Laptop,i7,NVIDIA GTX 1650,4,2048,Linux,White,Retail Store,Credit Card,2952.13,20,2361.7,1,2361.7,Professional,1,0.445,1
North America,Razer,Laptop,i3,Intel UHD,4,512,macOS,Gray,Retail Store,Bank Transfer,762.0,20,609.6,2,1219.2,Professional,0,0.41,1
Europe,Dell,Gaming Laptop,M1,NVIDIA RTX 3060,8,2048,Linux,Silver,Online,Bank Transfer,1686.57,15,1433.58,2,2867.16,Enterprise,0,0.3925,1
North America,Samsung,Desktop,i5,AMD Radeon Vega,8,256,Windows 10,Gray,Reseller,PayPal,2639.64,10,2375.68,1,2375.68,Student,1,0.405,1
Asia-Pacific,HP,All-in-One,M2,NVIDIA RTX 3060,16,256,Windows 10,Blue,Reseller,Credit Card,1078.73,0,1078.73,3,3236.19,Enterprise,1,0.38,1
Asia-Pacific,Microsoft,All-in-One,i7,Intel UHD,8,2048,Windows 10,White,Retail Store,Debit Card,1346.83,15,1144.81,2,2289.62,Student,1,0.3625,1
Europe,Asus,Gaming Laptop,Ryzen 5,NVIDIA RTX 3060,16,512,Windows 10,Silver,Retail Store,Credit Card,2967.89,20,2374.31,2,4748.62,Professional,0,0.4725,1
Asia-Pacific,MSI,All-in-One,i7,NVIDIA RTX 3060,4,512,Windows 11,Black,Reseller,PayPal,1836.49,0,1836.49,2,3672.98,Student,0,0.465,1
Europe,Lenovo,Laptop,Ryzen 3,Intel UHD,16,1024,macOS,White,Online,Credit Card,1144.53,5,1087.3,1,1087.3,Gamer,1,0.36,1
Europe,HP,Laptop,Ryzen 7,AMD Radeon Vega,8,512,macOS,Silver,Online,Credit Card,821.33,5,780.26,2,1560.52,Gamer,0,0.3325,0
Asia-Pacific,Dell,Desktop,i5,NVIDIA GTX 1650,32,512,macOS,Black,Online,PayPal,2276.33,5,2162.51,1,2162.51,Student,0,0.4225,1
Asia-Pacific,Lenovo,All-in-One,Ryzen 7,NVIDIA RTX 2060,16,1024,Windows 10,Black,Retail Store,Credit Card,1008.36,5,957.94,3,2873.82,Enterprise,1,0.3525,1
Europe,MSI,All-in-One,M1,Intel Iris,32,512,macOS,White,Reseller,Debit Card,1231.35,5,1169.78,3,3509.34,Professional,0,0.46,1
Europe,Acer,All-in-One,Ryzen 7,NVIDIA RTX 2060,16,512,Linux,Silver,Reseller,Credit Card,1604.58,15,1363.89,1,1363.89,Enterprise,0,0.2675,0
Europe,HP,Desktop,Ryzen 3,AMD Radeon Vega,4,512,Windows 11,Black,Online,Debit Card,2258.63,15,1919.84,1,1919.84,Student,0,0.365,1
North America,Apple,Laptop,Ryzen 5,NVIDIA RTX 3060,32,1024,macOS,Silver,Retail Store,Debit Card,1179.48,20,943.58,1,943.58,Student,0,0.415,1
North America,HP,All-in-One,Ryzen 5,NVIDIA GTX 1650,32,512,Windows 10,White,Retail Store,Bank Transfer,488.4,10,439.56,2,879.12,Enterprise,0,0.365,1
Europe,MSI,Desktop,i7,Intel Iris,4,512,macOS,White,Retail Store,Debit Card,2913.82,5,2768.13,3,8304.39,Professional,1,0.4525,1
Asia-Pacific,Apple,All-in-One,Ryzen 5,NVIDIA RTX 2060,32,2048,macOS,Black,Retail Store,Credit Card,2899.76,15,2464.8,1,2464.8,Professional,1,0.3525,1
Asia-Pacific,Samsung,All-in-One,Ryzen 5,Intel Iris,16,2048,Windows 10,Silver,Online,PayPal,2038.32,0,2038.32,3,6114.96,Professional,0,0.3775,1
Asia-Pacific,Samsung,Desktop,Ryzen 9,Intel UHD,32,2048,Windows 10,Blue,Online,PayPal,517.65,10,465.88,1,465.88,Gamer,1,0.33,0
Asia-Pacific,Razer,Gaming Laptop,Ryzen 3,NVIDIA GTX 1650,4,1024,Windows 10,White,Online,Credit Card,1855.52,5,1762.74,3,5288.22,Enterprise,0,0.3375,0
Europe,MSI,Laptop,Ryzen 9,AMD Radeon Vega,4,512,Linux,Black,Online,Bank Transfer,2748.43,10,2473.59,2,4947.18,Professional,0,0.29,0
Europe,MSI,All-in-One,Ryzen 3,Intel Iris,16,2048,Linux,Silver,Retail Store,PayPal,708.35,20,566.68,2,1133.36,Professional,0,0.4,1
Europe,HP,Laptop,M2,AMD Radeon Vega,32,512,macOS,White,Retail Store,PayPal,1563.07,0,1563.07,2,3126.14,Student,0,0.43,1
Europe,Asus,Laptop,Ryzen 9,AMD Radeon Vega,16,256,Windows 10,Gray,Retail Store,PayPal,1563.97,15,1329.37,3,3988.11,Gamer,0,0.3475,0
Europe,Microsoft,Laptop,M1,NVIDIA RTX 3060,8,512,Windows 10,Blue,Retail Store,Debit Card,2775.46,0,2775.46,3,8326.38,Student,0,0.4275,1
Asia-Pacific,Apple,Desktop,Ryzen 7,Intel Iris,32,2048,macOS,Gray,Reseller,Credit Card,1506.45,10,1355.81,3,4067.43,Professional,0,0.3875,1
North America,HP,Laptop,i7,AMD Radeon Vega,4,1024,Windows 10,Gray,Online,Credit Card,431.75,5,410.16,1,410.16,Professional,0,0.4175,1
Asia-Pacific,MSI,Laptop,Ryzen 3,Intel Iris,8,1024,Windows 10,Silver,Online,Debit Card,1587.01,15,1348.96,2,2697.92,Enterprise,0,0.385,1
Europe,Asus,Laptop,Ryzen 9,NVIDIA RTX 2060,16,1024,Linux,Gray,Online,Credit Card,784.58,5,745.35,1,745.35,Gamer,0,0.345,0
Europe,Asus,All-in-One,Ryzen 5,AMD Radeon Vega,16,512,Windows 10,White,Retail Store,Bank Transfer,807.15,15,686.08,1,686.08,Enterprise,0,0.3825,1
North America,Dell,All-in-One,i9,AMD Radeon Vega,4,2048,Windows 10,Silver,Retail Store,Debit Card,1334.97,15,1134.72,2,2269.44,Student,0,0.42,1
Europe,Acer,Gaming Laptop,Ryzen 9,Intel UHD,4,1024,Linux,Gray,Reseller,Bank Transfer,1544.53,10,1390.08,1,1390.08,Student,1,0.3625,1
Europe,Lenovo,Laptop,Ryzen 5,Intel Iris,32,256,Windows 10,Gray,Reseller,Debit Card,716.32,20,573.06,2,1146.12,Student,0,0.3275,0
Europe,Lenovo,Desktop,M1,NVIDIA GTX 1650,16,256,Windows 10,Black,Retail Store,PayPal,2803.12,10,2522.81,1,2522.81,Gamer,1,0.34,0
Europe,Apple,Laptop,M1,NVIDIA RTX 3060,8,512,macOS,Gray,Reseller,Bank Transfer,2296.97,5,2182.12,2,4364.24,Gamer,1,0.345,0
North America,Asus,All-in-One,i7,NVIDIA RTX 3060,4,512,Windows 10,White,Reseller,Bank Transfer,835.44,0,835.44,2,1670.88,Professional,1,0.4075,1
North America,Lenovo,Desktop,M1,NVIDIA RTX 2060,4,512,Windows 11,Blue,Reseller,Debit Card,814.44,10,733.0,1,733.0,Gamer,1,0.42,1
Europe,MSI,Laptop,i9,Intel UHD,8,256,macOS,Black,Reseller,Credit Card,1426.73,0,1426.73,3,4280.19,Gamer,0,0.3925,1
North America,Apple,All-in-One,Ryzen 5,NVIDIA RTX 2060,4,256,macOS,Black,Online,Debit Card,1818.41,0,1818.41,1,1818.41,Student,0,0.4975,1
North America,Razer,Desktop,i3,Intel Iris,8,512,macOS,Black,Reseller,Bank Transfer,2815.24,15,2392.95,3,7178.85,Gamer,0,0.3875,1
North America,Lenovo,Laptop,i3,Intel UHD,16,1024,Windows 11,White,Reseller,PayPal,1761.65,0,1761.65,2,3523.3,Professional,0,0.445,1
Asia-Pacific,Lenovo,Laptop,Ryzen 7,AMD Radeon Vega,4,1024,macOS,Blue,Online,PayPal,460.1,5,437.1,1,437.1,Student,0,0.495,1
Europe,Dell,Gaming Laptop,M1,NVIDIA RTX 2060,4,1024,Windows 11,Blue,Reseller,Credit Card,2572.78,0,2572.78,1,2572.78,Gamer,0,0.405,1
Europe,Razer,Gaming Laptop,Ryzen 9,NVIDIA RTX 2060,8,2048,Windows 11,Blue,Reseller,PayPal,2484.44,20,1987.55,2,3975.1,Student,1,0.3425,0
Asia-Pacific,Asus,Desktop,i9,AMD Radeon Vega,32,1024,Windows 10,Blue,Reseller,PayPal,2574.93,10,2317.44,3,6952.32,Student,0,0.4275,1
Asia-Pacific,HP,Laptop,Ryzen 7,NVIDIA RTX 3060,4,2048,Linux,Blue,Online,Credit Card,1369.01,15,1163.66,2,2327.32,Student,1,0.39,1
Europe,Dell,All-in-One,M1,NVIDIA GTX 1650,16,1024,Linux,Blue,Reseller,Credit Card,690.35,5,655.83,2,1311.66,Professional,0,0.36,1
Europe,Razer,Gaming Laptop,Ryzen 5,Intel UHD,16,512,macOS,Black,Retail Store,Credit Card,2189.66,15,1861.21,1,1861.21,Enterprise,1,0.42,1
North America,HP,Desktop,Ryzen 5,NVIDIA RTX 3060,32,1024,Linux,Gray,Online,PayPal,994.68,10,895.21,2,1790.42,Enterprise,0,0.43,1
Europe,Acer,Gaming Laptop,i9,NVIDIA RTX 2060,4,2048,Linux,Blue,Online,PayPal,1059.29,5,1006.33,1,1006.33,Student,1,0.3175,0
North America,HP,All-in-One,Ryzen 5,AMD Radeon Vega,4,256,Windows 10,Silver,Online,Credit Card,1094.24,15,930.1,2,1860.2,Professional,1,0.32,0
Europe,Asus,Desktop,Ryzen 7,NVIDIA GTX 1650,32,2048,Linux,Black,Retail Store,Bank Transfer,860.35,20,688.28,3,2064.84,Student,0,0.3675,1
North America,Microsoft,Desktop,Ryzen 3,NVIDIA GTX 1650,32,2048,Windows 11,Black,Reseller,Bank Transfer,577.04,15,490.48,3,1471.44,Professional,1,0.46,1
Asia-Pacific,Dell,Desktop,i9,NVIDIA GTX 1650,32,2048,macOS,Silver,Reseller,Bank Transfer,1266.84,20,1013.47,1,1013.47,Student,1,0.3025,0
Asia-Pacific,Asus,Desktop,Ryzen 7,Intel UHD,8,512,macOS,Black,Reseller,Credit Card,1459.35,0,1459.35,1,1459.35,Gamer,0,0.38,1
Europe,Microsoft,All-in-One,i7,NVIDIA RTX 2060,8,2048,Linux,Silver,Online,Debit Card,1154.96,0,1154.96,3,3464.88,Professional,0,0.3525,1
North America,Razer,Gaming Laptop,i5,AMD Radeon Vega,16,1024,Windows 10,Gray,Reseller,Bank Transfer,1063.36,20,850.69,3,2552.07,Enterprise,0,0.4125,1
Asia-Pacific,Dell,Laptop,Ryzen 7,Intel UHD,16,1024,macOS,Gray,Reseller,Bank Transfer,770.08,20,616.06,2,1232.12,Enterprise,0,0.3775,1
Asia-Pacific,MSI,Laptop,i7,AMD Radeon Vega,16,512,Linux,Black,Online,Debit Card,510.38,0,510.38,3,1531.14,Enterprise,0,0.3325,0
Europe,Acer,Desktop,M2,NVIDIA RTX 3060,4,512,Linux,Blue,Online,Bank Transfer,1746.3,15,1484.36,1,1484.36,Professional,1,0.3725,1
Asia-Pacific,Asus,Desktop,Ryzen 3,Intel UHD,4,512,Windows 11,Gray,Retail Store,PayPal,2942.16,0,2942.16,2,5884.32,Gamer,1,0.495,1
North America,Razer,Laptop,i3,Intel Iris,32,256,Windows 10,Black,Online,Bank Transfer,507.9,20,406.32,1,406.32,Student,0,0.3875,1
Europe,Asus,Laptop,Ryzen 3,Intel Iris,4,1024,Windows 11,Blue,Retail Store,Credit Card,1423.48,20,1138.78,2,2277.56,Student,0,0.3975,1
North America,MSI,Desktop,M2,NVIDIA RTX 2060,16,1024,Linux,White,Retail Store,Credit Card,2574.08,15,2187.97,2,4375.94,Enterprise,0,0.415,1
Europe,HP,Desktop,Ryzen 7,Intel UHD,8,512,Windows 10,Silver,Online,PayPal,1410.11,15,1198.59,2,2397.18,Gamer,1,0.3625,1
North America,MSI,All-in-One,Ryzen 9,Intel UHD,4,256,Windows 10,Silver,Reseller,Debit Card,1513.36,15,1286.36,1,1286.36,Student,1,0.3525,1
North America,HP,Gaming Laptop,M2,AMD Radeon Vega,4,256,macOS,White,Online,PayPal,2376.43,20,1901.14,3,5703.42,Professional,1,0.4175,1
Asia-Pacific,Dell,Gaming Laptop,Ryzen 5,Intel Iris,8,256,Linux,Silver,Reseller,PayPal,1842.05,10,1657.85,1,1657.85,Enterprise,0,0.375,1
North America,Razer,Laptop,i9,NVIDIA RTX 3060,32,1024,Windows 10,Black,Online,Bank Transfer,2468.09,5,2344.69,1,2344.69,Gamer,1,0.3875,1
North America,Asus,Gaming Laptop,Ryzen 9,NVIDIA RTX 3060,32,512,Linux,White,Reseller,Debit Card,1486.02,5,1411.72,2,2823.44,Enterprise,0,0.37,1
Asia-Pacific,Microsoft,Gaming Laptop,Ryzen 9,AMD Radeon Vega,4,1024,Windows 10,Silver,Reseller,Debit Card,2178.05,10,1960.25,1,1960.25,Gamer,1,0.3025,0
Asia-Pacific,Dell,Laptop,Ryzen 7,AMD Radeon Vega,4,2048,Linux,Silver,Retail Store,Credit Card,1574.99,0,1574.99,1,1574.99,Professional,0,0.41,1
Asia-Pacific,HP,All-in-One,i3,Intel Iris,8,2048,Linux,White,Online,Credit Card,2790.23,15,2371.7,3,7115.1,Gamer,1,0.4225,1
Europe,Asus,All-in-One,M2,Intel UHD,4,1024,Windows 10,White,Online,PayPal,2671.21,20,2136.97,2,4273.94,Enterprise,0,0.44,1
Europe,Dell,Desktop,i7,AMD Radeon Vega,4,1024,Windows 10,Blue,Online,PayPal,1576.76,0,1576.76,2,3153.52,Enterprise,1,0.3575,1
North America,Asus,Laptop,Ryzen 7,NVIDIA RTX 3060,32,1024,macOS,Black,Retail Store,Bank Transfer,1028.59,0,1028.59,3,3085.77,Gamer,0,0.355,1
Europe,Asus,Gaming Laptop,M2,Intel Iris,32,1024,Windows 11,Blue,Online,Debit Card,422.19,20,337.75,2,675.5,Professional,1,0.3375,0
North America,Apple,Laptop,Ryzen 5,Intel UHD,32,1024,macOS,Silver,Reseller,Debit Card,2630.83,15,2236.21,3,6708.63,Professional,1,0.4625,1
North America,MSI,Desktop,Ryzen 9,NVIDIA RTX 2060,8,1024,macOS,Blue,Online,Credit Card,1073.6,5,1019.92,3,3059.76,Gamer,1,0.3375,0
North America,Acer,Gaming Laptop,Ryzen 5,AMD Radeon Vega,32,2048,Linux,White,Reseller,Debit Card,1212.62,0,1212.62,3,3637.86,Professional,0,0.4025,1
Europe,Razer,Gaming Laptop,i9,NVIDIA RTX 2060,8,2048,Linux,Blue,Reseller,Debit Card,534.72,15,454.51,2,909.02,Gamer,1,0.2775,0
Asia-Pacific,Apple,Gaming Laptop,i5,Intel UHD,32,512,macOS,Blue,Online,Debit Card,1254.8,10,1129.32,3,3387.96,Gamer,1,0.38,1
North America,Acer,Laptop,M2,AMD Radeon Vega,32,256,Linux,Silver,Online,PayPal,1847.19,10,1662.47,1,1662.47,Gamer,0,0.365,1
North America,Asus,Gaming Laptop,i7,Intel Iris,8,1024,macOS,Black,Online,PayPal,2603.59,5,2473.41,1,2473.41,Student,0,0.3025,0
Asia-Pacific,Microsoft,Gaming Laptop,M1,Intel UHD,16,1024,Linux,Silver,Online,Debit Card,1482.37,15,1260.01,2,2520.02,Professional,1,0.4025,1
North America,Razer,Laptop,Ryzen 5,Intel Iris,8,2048,Windows 10,Blue,Reseller,Credit Card,708.0,0,708.0,2,1416.0,Enterprise,0,0.3825,1
Asia-Pacific,Asus,Laptop,i9,Intel Iris,4,256,Windows 11,White,Reseller,Credit Card,524.84,5,498.6,3,1495.8,Professional,1,0.4375,1
Europe,Microsoft,Desktop,Ryzen 7,Intel UHD,16,512,macOS,White,Reseller,PayPal,1708.42,10,1537.58,2,3075.16,Student,1,0.37,1
North America,Dell,Desktop,Ryzen 9,Intel UHD,4,256,Linux,Blue,Retail Store,Debit Card,1868.13,0,1868.13,3,5604.39,Enterprise,0,0.3625,1
Asia-Pacific,Asus,All-in-One,Ryzen 5,Intel Iris,16,256,macOS,Black,Retail Store,Debit Card,2678.72,20,2142.98,1,2142.98,Professional,1,0.4225,1
North America,MSI,Laptop,Ryzen 5,Intel Iris,8,1024,Windows 11,White,Online,Debit Card,2804.77,20,2243.82,1,2243.82,Gamer,1,0.4325,1
North America,HP,Laptop,i3,Intel UHD,8,2048,Windows 11,Black,Reseller,Credit Card,523.67,15,445.12,2,890.24,Enterprise,1,0.3975,1
Asia-Pacific,Lenovo,Laptop,Ryzen 5,NVIDIA GTX 1650,4,2048,Windows 10,Gray,Retail Store,PayPal,925.41,10,832.87,3,2498.61,Student,0,0.41,1
Asia-Pacific,Microsoft,Laptop,Ryzen 5,NVIDIA RTX 2060,8,512,Linux,Gray,Reseller,Debit Card,1096.98,20,877.58,3,2632.74,Gamer,0,0.37,1
North America,Samsung,Gaming Laptop,Ryzen 9,AMD Radeon Vega,32,1024,Linux,Blue,Online,Debit Card,896.77,20,717.42,2,1434.84,Enterprise,0,0.4,1
Asia-Pacific,Apple,All-in-One,M1,NVIDIA GTX 1650,4,256,macOS,Blue,Online,PayPal,903.59,15,768.05,1,768.05,Gamer,0,0.35,1
Asia-Pacific,Lenovo,Gaming Laptop,Ryzen 9,Intel UHD,32,512,Windows 11,Black,Retail Store,PayPal,557.11,15,473.54,2,947.08,Gamer,1,0.3925,1
Asia-Pacific,Acer,Gaming Laptop,i5,Intel UHD,8,512,Linux,White,Reseller,Bank Transfer,2002.52,0,2002.52,2,4005.04,Student,0,0.44,1
Asia-Pacific,MSI,Desktop,M1,Intel Iris,4,256,macOS,White,Reseller,Bank Transfer,1466.19,0,1466.19,1,1466.19,Enterprise,0,0.42,1
North America,HP,Desktop,i5,AMD Radeon Vega,32,2048,Windows 10,Black,Online,Bank Transfer,1241.51,5,1179.43,3,3538.29,Gamer,0,0.345,0
North America,Microsoft,Gaming Laptop,Ryzen 9,Intel UHD,32,256,Windows 10,Black,Retail Store,PayPal,727.96,5,691.56,2,1383.12,Enterprise,0,0.3875,1
Europe,Lenovo,Laptop,i9,AMD Radeon Vega,32,1024,macOS,Silver,Retail Store,PayPal,2259.47,20,1807.58,3,5422.74,Student,0,0.4425,1
Europe,Apple,Laptop,i5,Intel UHD,4,256,macOS,Gray,Retail Store,Debit Card,422.54,0,422.54,2,845.08,Professional,0,0.4,1
North America,HP,Desktop,i5,NVIDIA RTX 3060,32,512,Windows 11,Silver,Reseller,Debit Card,1503.03,20,1202.42,1,1202.42,Gamer,0,0.37,1
Asia-Pacific,Asus,All-in-One,i3,Intel UHD,16,2048,Linux,Silver,Retail Store,Debit Card,2193.79,20,1755.03,1,1755.03,Student,1,0.38,1
Europe,Samsung,Laptop,i9,Intel UHD,16,256,Windows 10,Gray,Online,Credit Card,2320.33,20,1856.26,1,1856.26,Professional,0,0.3475,0
North America,HP,All-in-One,i3,Intel UHD,4,1024,Linux,White,Reseller,PayPal,1636.42,10,1472.78,1,1472.78,Gamer,1,0.4125,1
Asia-Pacific,Asus,Desktop,i3,AMD Radeon Vega,16,512,Linux,Silver,Online,Credit Card,2718.71,5,2582.77,3,7748.31,Enterprise,1,0.4675,1
Europe,Dell,Laptop,Ryzen 9,AMD Radeon Vega,32,512,Linux,Gray,Reseller,PayPal,2880.89,0,2880.89,1,2880.89,Student,0,0.415,1
Europe,HP,Gaming Laptop,M2,NVIDIA RTX 3060,8,512,Windows 10,Gray,Reseller,Credit Card,845.12,20,676.1,3,2028.3,Student,0,0.3975,1
Asia-Pacific,Razer,All-in-One,M1,AMD Radeon Vega,8,256,Windows 10,White,Online,Credit Card,2692.46,5,2557.84,3,7673.52,Enterprise,1,0.4725,1
Asia-Pacific,Microsoft,All-in-One,Ryzen 7,NVIDIA RTX 2060,32,256,Linux,Black,Retail Store,Debit Card,498.09,5,473.19,3,1419.57,Student,0,0.35,1
North America,Samsung,Gaming Laptop,Ryzen 9,AMD Radeon Vega,16,256,macOS,Silver,Reseller,Debit Card,1492.16,20,1193.73,1,1193.73,Professional,0,0.3825,1
Europe,MSI,Laptop,i7,NVIDIA GTX 1650,32,1024,Windows 11,Gray,Online,Bank Transfer,745.69,10,671.12,1,671.12,Enterprise,1,0.3375,0
Europe,MSI,All-in-One,Ryzen 5,Intel Iris,4,512,Windows 11,Gray,Online,Debit Card,839.82,15,713.85,3,2141.55,Gamer,0,0.385,1
Asia-Pacific,Apple,Laptop,M2,AMD Radeon Vega,4,512,macOS,Gray,Online,Bank Transfer,885.34,0,885.34,2,1770.68,Enterprise,1,0.32,0
North America,HP,All-in-One,Ryzen 9,NVIDIA RTX 3060,8,512,macOS,Gray,Retail Store,Debit Card,1321.44,5,1255.37,1,1255.37,Enterprise,0,0.38,1
North America,Microsoft,Laptop,i5,NVIDIA GTX 1650,16,512,Windows 11,White,Reseller,PayPal,2443.16,5,2321.0,3,6963.0,Enterprise,0,0.4425,1
North America,Asus,All-in-One,i7,Intel Iris,32,256,Windows 10,Gray,Reseller,PayPal,2432.96,10,2189.66,1,2189.66,Enterprise,0,0.365,1
Europe,Acer,All-in-One,Ryzen 3,AMD Radeon Vega,4,512,Windows 11,Black,Retail Store,Bank Transfer,2897.13,0,2897.13,3,8691.39,Gamer,1,0.3225,0
Asia-Pacific,Samsung,Desktop,M1,NVIDIA RTX 3060,4,1024,Windows 11,Gray,Retail Store,Debit Card,1309.34,15,1112.94,1,1112.94,Professional,0,0.5175,1
Europe,Razer,Desktop,Ryzen 9,NVIDIA GTX 1650,8,1024,macOS,Blue,Online,Credit Card,2231.72,15,1896.96,1,1896.96,Gamer,0,0.28,0
Asia-Pacific,Apple,Laptop,Ryzen 7,Intel Iris,8,1024,macOS,Gray,Reseller,Debit Card,1907.99,5,1812.59,3,5437.77,Student,1,0.42,1
Europe,Asus,All-in-One,i9,Intel Iris,4,1024,Windows 10,Black,Retail Store,Credit Card,2515.7,15,2138.34,1,2138.34,Professional,0,0.3075,0
North America,HP,Laptop,M1,NVIDIA GTX 1650,8,512,Linux,White,Reseller,Debit Card,2298.16,10,2068.34,3,6205.02,Gamer,0,0.4275,1
North America,Dell,Laptop,Ryzen 7,NVIDIA GTX 1650,8,512,Windows 10,Blue,Reseller,Credit Card,776.83,10,699.15,3,2097.45,Student,1,0.3775,1
North America,Samsung,Desktop,i9,NVIDIA RTX 2060,16,1024,Windows 10,Black,Online,Debit Card,1065.91,20,852.73,3,2558.19,Student,0,0.4275,1
Europe,MSI,Desktop,i7,NVIDIA RTX 2060,8,1024,Windows 11,Black,Online,Bank Transfer,1295.92,15,1101.53,1,1101.53,Enterprise,1,0.4875,1
Europe,MSI,Gaming Laptop,i7,AMD Radeon Vega,8,256,Linux,Blue,Online,Credit Card,2506.65,0,2506.65,2,5013.3,Student,0,0.3875,1
Europe,Razer,Desktop,Ryzen 3,NVIDIA RTX 2060,8,256,Linux,Blue,Online,Debit Card,1927.67,20,1542.14,1,1542.14,Gamer,1,0.3225,0
Europe,Microsoft,All-in-One,Ryzen 5,Intel UHD,32,512,macOS,Black,Retail Store,PayPal,2375.76,15,2019.4,3,6058.2,Professional,0,0.48,1
Asia-Pacific,HP,Gaming Laptop,i7,Intel Iris,8,512,Linux,Blue,Reseller,Bank Transfer,2816.27,5,2675.46,3,8026.38,Student,1,0.395,1
Europe,MSI,Gaming Laptop,i3,Intel UHD,16,2048,macOS,White,Retail Store,Debit Card,2713.17,15,2306.19,2,4612.38,Enterprise,0,0.365,1
North America,Dell,Gaming Laptop,Ryzen 9,AMD Radeon Vega,32,1024,Windows 10,Blue,Reseller,PayPal,2521.4,15,2143.19,2,4286.38,Enterprise,0,0.3325,0
Europe,MSI,Desktop,i7,AMD Radeon Vega,4,1024,macOS,Blue,Retail Store,Debit Card,1636.93,20,1309.54,3,3928.62,Professional,0,0.3325,0
Europe,MSI,Desktop,i5,NVIDIA RTX 3060,8,512,Windows 11,Black,Reseller,Debit Card,1178.42,0,1178.42,2,2356.84,Student,0,0.435,1
Europe,Lenovo,Laptop,i9,NVIDIA RTX 3060,4,256,Windows 10,Gray,Reseller,PayPal,1039.22,10,935.3,3,2805.9,Gamer,0,0.2925,0
Asia-Pacific,Microsoft,Laptop,i9,Intel UHD,4,256,Windows 10,Gray,Reseller,Credit Card,425.27,5,404.01,3,1212.03,Enterprise,0,0.4075,1
North America,HP,Gaming Laptop,i5,NVIDIA RTX 3060,16,256,Windows 11,Silver,Online,Debit Card,1709.14,0,1709.14,2,3418.28,Enterprise,1,0.415,1
Asia-Pacific,Razer,Gaming Laptop,M1,NVIDIA GTX 1650,8,1024,Windows 11,Black,Online,PayPal,1405.23,20,1124.18,3,3372.54,Professional,0,0.4825,1
Europe,HP,Gaming Laptop,Ryzen 5,NVIDIA GTX 1650,16,512,Windows 11,Gray,Reseller,Bank Transfer,919.32,20,735.46,2,1470.92,Enterprise,1,0.405,1
North America,Asus,Laptop,M2,NVIDIA RTX 2060,4,2048,Windows 11,Silver,Retail Store,Credit Card,2002.83,0,2002.83,2,4005.66,Student,0,0.375,1
North America,Asus,All-in-One,i3,NVIDIA RTX 2060,32,2048,Windows 11,Silver,Reseller,Credit Card,605.78,0,605.78,2,1211.56,Gamer,0,0.3,0
Asia-Pacific,Samsung,Gaming Laptop,i7,Intel Iris,16,256,macOS,White,Reseller,Credit Card,751.52,0,751.52,2,1503.04,Gamer,1,0.375,1
Asia-Pacific,HP,Desktop,M2,Intel Iris,32,512,Windows 10,Blue,Retail Store,Credit Card,2094.16,15,1780.04,3,5340.12,Professional,0,0.3925,1
Europe,Samsung,Gaming Laptop,Ryzen 5,Intel UHD,8,512,Windows 10,Blue,Online,Debit Card,1693.68,5,1609.0,2,3218.0,Enterprise,0,0.3525,1
Asia-Pacific,Samsung,Desktop,Ryzen 7,Intel Iris,32,256,Linux,Blue,Online,Bank Transfer,1473.84,5,1400.15,2,2800.3,Gamer,0,0.3775,1
Asia-Pacific,Asus,All-in-One,i5,NVIDIA RTX 2060,4,2048,Windows 10,Gray,Online,Bank Transfer,581.65,0,581.65,1,581.65,Enterprise,1,0.4,1
North America,Microsoft,All-in-One,Ryzen 3,Intel Iris,32,1024,Linux,Silver,Online,PayPal,2525.54,5,2399.26,1,2399.26,Gamer,0,0.4,1
Europe,Apple,All-in-One,M1,NVIDIA RTX 2060,32,256,macOS,Silver,Online,Credit Card,499.7,0,499.7,3,1499.1,Enterprise,0,0.2725,0
Europe,Asus,Desktop,Ryzen 9,NVIDIA GTX 1650,8,2048,Linux,White,Reseller,Credit Card,1839.82,10,1655.84,1,1655.84,Professional,0,0.3225,0
Asia-Pacific,MSI,Gaming Laptop,i9,AMD Radeon Vega,16,1024,Linux,Gray,Online,Debit Card,488.55,0,488.55,1,488.55,Professional,0,0.275,0
Asia-Pacific,Samsung,Gaming Laptop,i9,NVIDIA RTX 3060,8,1024,Windows 10,Gray,Online,Debit Card,2011.04,5,1910.49,1,1910.49,Student,0,0.3875,1
North America,MSI,Laptop,Ryzen 9,Intel Iris,32,256,Windows 10,White,Online,Bank Transfer,1643.08,15,1396.62,2,2793.24,Gamer,1,0.35,1
Europe,Asus,Desktop,Ryzen 9,AMD Radeon Vega,16,1024,Linux,White,Online,PayPal,1963.17,5,1865.01,1,1865.01,Student,0,0.435,1
Asia-Pacific,MSI,Laptop,i3,NVIDIA RTX 3060,32,512,Windows 11,Gray,Retail Store,Debit Card,1656.54,10,1490.89,3,4472.67,Professional,0,0.4125,1
North America,HP,Desktop,Ryzen 3,NVIDIA RTX 3060,4,256,macOS,White,Retail Store,Debit Card,1909.24,5,1813.78,2,3627.56,Student,0,0.4475,1
Europe,Acer,All-in-One,M2,Intel UHD,8,256,Windows 11,White,Retail Store,Credit Card,2854.69,0,2854.69,2,5709.38,Gamer,1,0.3925,1
Europe,Acer,All-in-One,i7,AMD Radeon Vega,32,256,Windows 11,Silver,Online,Debit Card,2470.81,15,2100.19,3,6300.57,Student,1,0.495,1
Europe,MSI,Desktop,i9,NVIDIA RTX 3060,32,2048,Windows 10,Black,Retail Store,PayPal,1262.83,10,1136.55,2,2273.1,Professional,0,0.5,1
Europe,HP,Gaming Laptop,i5,NVIDIA GTX 1650,32,1024,macOS,White,Online,PayPal,1665.77,20,1332.62,1,1332.62,Gamer,1,0.4225,1
Asia-Pacific,HP,Desktop,i3,AMD Radeon Vega,4,2048,Linux,Silver,Retail Store,PayPal,1176.71,5,1117.87,2,2235.74,Gamer,0,0.405,1
North America,HP,Gaming Laptop,Ryzen 9,NVIDIA RTX 3060,8,2048,Linux,Silver,Retail Store,Credit Card,2459.42,15,2090.51,2,4181.02,Professional,1,0.415,1
North America,Microsoft,Desktop,Ryzen 7,Intel UHD,4,512,Linux,Blue,Retail Store,Credit Card,597.03,10,537.33,1,537.33,Gamer,0,0.3525,1
Europe,Microsoft,Gaming Laptop,Ryzen 3,NVIDIA RTX 3060,32,1024,Windows 10,Gray,Reseller,Credit Card,1900.31,20,1520.25,1,1520.25,Gamer,0,0.3775,1
Europe,Microsoft,Desktop,Ryzen 9,NVIDIA RTX 2060,16,2048,Linux,Gray,Reseller,Debit Card,745.55,10,671.0,3,2013.0,Student,0,0.33,0
Europe,Dell,All-in-One,M2,Intel Iris,32,512,macOS,Silver,Retail Store,Credit Card,1729.07,0,1729.07,3,5187.21,Gamer,0,0.4575,1
North America,Acer,Desktop,M2,NVIDIA RTX 3060,4,512,Linux,Silver,Retail Store,Debit Card,489.42,5,464.95,2,929.9,Professional,0,0.2875,0
Europe,Lenovo,Laptop,M2,NVIDIA GTX 1650,4,1024,Windows 11,Silver,Retail Store,Bank Transfer,2871.01,0,2871.01,1,2871.01,Student,1,0.385,1
Europe,Dell,All-in-One,Ryzen 7,Intel UHD,32,512,Linux,Blue,Reseller,Bank Transfer,1756.0,15,1492.6,2,2985.2,Gamer,1,0.315,0
Asia-Pacific,Microsoft,Laptop,Ryzen 3,NVIDIA RTX 2060,4,1024,Linux,Gray,Online,Bank Transfer,977.54,20,782.03,3,2346.09,Student,1,0.305,0
Europe,Samsung,Gaming Laptop,i3,Intel UHD,4,512,Windows 10,White,Reseller,PayPal,1256.25,20,1005.0,3,3015.0,Student,0,0.335,0
Europe,Dell,Gaming Laptop,i7,Intel UHD,8,256,Linux,Black,Retail Store,PayPal,2717.41,20,2173.93,1,2173.93,Enterprise,1,0.41,1
Asia-Pacific,Razer,Gaming Laptop,M2,AMD Radeon Vega,8,512,Linux,White,Online,Debit Card,406.94,5,386.59,1,386.59,Professional,1,0.49,1
Asia-Pacific,Razer,Laptop,i9,NVIDIA GTX 1650,32,2048,macOS,White,Retail Store,PayPal,2074.34,5,1970.62,1,1970.62,Professional,0,0.44,1
Europe,Microsoft,All-in-One,Ryzen 9,NVIDIA RTX 3060,32,2048,macOS,Gray,Online,PayPal,2649.93,10,2384.94,1,2384.94,Enterprise,0,0.4175,1
Asia-Pacific,MSI,Gaming Laptop,Ryzen 9,Intel Iris,32,512,Windows 11,Blue,Retail Store,PayPal,2819.98,15,2396.98,2,4793.96,Enterprise,0,0.37,1
North America,Microsoft,All-in-One,Ryzen 3,Intel UHD,4,256,macOS,Gray,Retail Store,Debit Card,2981.7,5,2832.61,1,2832.61,Enterprise,0,0.535,1
Europe,Samsung,All-in-One,Ryzen 9,Intel Iris,32,1024,Linux,Gray,Reseller,Debit Card,665.15,20,532.12,1,532.12,Enterprise,0,0.3725,1
North America,Microsoft,Desktop,Ryzen 5,Intel Iris,32,512,Linux,White,Retail Store,PayPal,1581.84,15,1344.56,2,2689.12,Gamer,0,0.3425,0
North America,Razer,Desktop,M1,NVIDIA RTX 3060,8,512,Windows 11,Gray,Retail Store,Credit Card,2098.24,20,1678.59,1,1678.59,Professional,0,0.385,1
Asia-Pacific,Dell,Laptop,i5,NVIDIA RTX 3060,16,512,macOS,Black,Reseller,Credit Card,912.83,15,775.91,2,1551.82,Enterprise,0,0.4625,1
North America,Asus,All-in-One,Ryzen 5,NVIDIA RTX 2060,32,2048,Linux,Gray,Reseller,PayPal,2588.12,15,2199.9,1,2199.9,Gamer,1,0.385,1
Asia-Pacific,Apple,Desktop,Ryzen 3,NVIDIA RTX 2060,32,1024,macOS,Black,Reseller,Bank Transfer,629.81,10,566.83,1,566.83,Enterprise,0,0.5025,1
Europe,Acer,All-in-One,i5,NVIDIA RTX 2060,32,512,Linux,Black,Reseller,PayPal,820.06,15,697.05,2,1394.1,Enterprise,0,0.32,0
North America,Samsung,Gaming Laptop,Ryzen 3,AMD Radeon Vega,4,256,Linux,Silver,Retail Store,Debit Card,2611.99,15,2220.19,1,2220.19,Student,1,0.42,1
Europe,Asus,All-in-One,Ryzen 5,AMD Radeon Vega,4,2048,Linux,White,Online,PayPal,1840.68,5,1748.65,2,3497.3,Professional,0,0.415,1
Asia-Pacific,Asus,Gaming Laptop,M1,NVIDIA RTX 2060,16,256,macOS,Black,Retail Store,PayPal,1790.77,5,1701.23,2,3402.46,Enterprise,0,0.4,1
Asia-Pacific,Lenovo,Laptop,i5,Intel UHD,4,256,Linux,Gray,Online,Credit Card,2182.3,10,1964.07,1,1964.07,Student,1,0.3425,0
North America,Asus,Laptop,i3,NVIDIA RTX 2060,16,2048,Windows 10,Gray,Reseller,PayPal,917.99,0,917.99,3,2753.97,Student,1,0.3975,1
Asia-Pacific,Acer,Desktop,i3,Intel Iris,4,1024,Linux,Black,Reseller,Credit Card,1079.53,20,863.62,1,863.62,Professional,1,0.36,1
Europe,Apple,Gaming Laptop,Ryzen 7,NVIDIA GTX 1650,8,512,macOS,White,Retail Store,PayPal,871.89,0,871.89,2,1743.78,Student,0,0.375,1
North America,MSI,Laptop,i7,Intel UHD,8,1024,Windows 11,White,Online,Bank Transfer,2919.75,10,2627.78,1,2627.78,Professional,0,0.4325,1
Europe,Asus,All-in-One,i5,AMD Radeon Vega,32,2048,macOS,Silver,Reseller,Debit Card,2546.8,10,2292.12,1,2292.12,Student,0,0.4025,1
Asia-Pacific,Apple,Desktop,i3,Intel Iris,32,256,macOS,Gray,Retail Store,Debit Card,2596.43,0,2596.43,3,7789.29,Professional,0,0.44,1
Europe,HP,Desktop,i9,NVIDIA RTX 3060,8,256,Windows 11,Gray,Online,Credit Card,2088.46,15,1775.19,3,5325.57,Gamer,1,0.4175,1
Asia-Pacific,MSI,All-in-One,i3,Intel Iris,16,2048,macOS,Blue,Reseller,Bank Transfer,1520.62,5,1444.59,1,1444.59,Enterprise,0,0.455,1
Asia-Pacific,Acer,All-in-One,M1,NVIDIA RTX 3060,32,1024,Linux,White,Reseller,PayPal,1309.11,20,1047.29,3,3141.87,Gamer,1,0.295,0
North America,Dell,Gaming Laptop,Ryzen 5,NVIDIA RTX 3060,8,512,Linux,White,Online,Bank Transfer,1991.34,0,1991.34,3,5974.02,Enterprise,1,0.395,1
North America,Acer,Laptop,i9,NVIDIA RTX 2060,16,256,Linux,Silver,Reseller,Debit Card,1154.11,20,923.29,2,1846.58,Enterprise,0,0.39,1
Europe,Lenovo,Gaming Laptop,M1,Intel Iris,4,1024,Windows 11,Gray,Retail Store,PayPal,880.88,20,704.7,2,1409.4,Gamer,1,0.3325,0
North America,Asus,Laptop,M2,NVIDIA RTX 3060,4,256,Linux,Silver,Retail Store,Bank Transfer,2177.17,10,1959.45,1,1959.45,Professional,1,0.35,1
North America,Acer,Desktop,Ryzen 7,Intel Iris,8,256,Linux,White,Reseller,Debit Card,2510.8,0,2510.8,2,5021.6,Student,0,0.385,1
Asia-Pacific,Acer,All-in-One,M2,NVIDIA RTX 2060,16,256,Windows 11,Black,Online,PayPal,2256.36,0,2256.36,3,6769.08,Student,0,0.4575,1
North America,Acer,Laptop,i9,Intel Iris,16,1024,macOS,Black,Reseller,Bank Transfer,495.51,5,470.73,3,1412.19,Enterprise,0,0.455,1
North America,Acer,All-in-One,M1,NVIDIA GTX 1650,8,2048,Linux,Black,Reseller,Bank Transfer,980.24,20,784.19,1,784.19,Gamer,0,0.3925,1
Europe,Razer,Desktop,M2,NVIDIA GTX 1650,8,512,macOS,Black,Retail Store,PayPal,1562.25,20,1249.8,1,1249.8,Enterprise,1,0.365,1
Europe,Razer,Desktop,Ryzen 3,NVIDIA RTX 2060,4,1024,Windows 11,Black,Retail Store,PayPal,2445.28,20,1956.22,2,3912.44,Student,0,0.3625,1
Europe,MSI,Laptop,i9,Intel UHD,4,512,macOS,Gray,Retail Store,Bank Transfer,831.59,20,665.27,3,1995.81,Professional,0,0.35,1
Asia-Pacific,Lenovo,Desktop,Ryzen 7,Intel UHD,32,1024,Windows 11,Silver,Retail Store,Debit Card,723.65,15,615.1,1,615.1,Professional,0,0.345,0
Asia-Pacific,Razer,All-in-One,M1,NVIDIA RTX 3060,8,2048,Windows 11,Silver,Retail Store,Debit Card,1359.57,5,1291.59,1,1291.59,Enterprise,0,0.44,1
Asia-Pacific,Razer,Laptop,M2,NVIDIA RTX 2060,4,512,macOS,White,Reseller,Debit Card,405.41,0,405.41,1,405.41,Professional,0,0.425,1
North America,MSI,Gaming Laptop,i5,Intel Iris,8,2048,macOS,White,Online,Debit Card,413.55,0,413.55,3,1240.65,Professional,0,0.4875,1
North America,Acer,All-in-One,Ryzen 7,Intel UHD,16,2048,Linux,Gray,Reseller,PayPal,2852.97,20,2282.38,3,6847.14,Gamer,1,0.345,0
Europe,Microsoft,Gaming Laptop,M2,NVIDIA RTX 2060,16,1024,macOS,Blue,Retail Store,Bank Transfer,1356.72,20,1085.38,3,3256.14,Student,1,0.3475,0
Europe,Samsung,Desktop,M2,Intel Iris,32,512,Linux,Silver,Reseller,Credit Card,1910.42,10,1719.38,3,5158.14,Professional,1,0.42,1
Europe,HP,All-in-One,M1,NVIDIA GTX 1650,4,2048,Windows 11,Black,Online,PayPal,2981.63,10,2683.47,3,8050.41,Professional,1,0.4575,1
Asia-Pacific,Apple,All-in-One,i9,AMD Radeon Vega,32,512,macOS,Silver,Retail Store,PayPal,1998.45,15,1698.68,2,3397.36,Gamer,1,0.4125,1
North America,Asus,Laptop,i5,NVIDIA RTX 2060,8,256,Windows 10,Blue,Online,PayPal,2143.3,15,1821.81,2,3643.62,Professional,1,0.4325,1
North America,Razer,Gaming Laptop,i5,Intel Iris,16,1024,Windows 10,Blue,Reseller,Credit Card,2328.96,15,1979.62,2,3959.24,Professional,0,0.3525,1
Europe,Microsoft,Desktop,Ryzen 3,Intel UHD,4,1024,Windows 10,Gray,Reseller,PayPal,830.51,0,830.51,1,830.51,Student,1,0.3975,1
Europe,Lenovo,Desktop,i9,Intel Iris,4,1024,Windows 11,White,Online,Credit Card,810.41,5,769.89,2,1539.78,Enterprise,1,0.4425,1
Asia-Pacific,Acer,All-in-One,Ryzen 5,NVIDIA RTX 2060,8,2048,Windows 11,Gray,Retail Store,Credit Card,1929.86,5,1833.37,1,1833.37,Student,1,0.37,1
North America,Asus,Desktop,Ryzen 3,NVIDIA RTX 2060,32,1024,Linux,Silver,Reseller,Bank Transfer,720.43,20,576.34,2,1152.68,Gamer,0,0.29,0
North America,Acer,Desktop,i5,Intel UHD,32,1024,macOS,Silver,Reseller,PayPal,1431.63,10,1288.47,2,2576.94,Student,0,0.3625,1
Europe,Microsoft,All-in-One,i7,NVIDIA RTX 2060,16,256,macOS,Silver,Reseller,Credit Card,597.93,20,478.34,3,1435.02,Enterprise,0,0.365,1
Asia-Pacific,Asus,Laptop,i3,NVIDIA GTX 1650,16,2048,Windows 10,Gray,Retail Store,PayPal,748.79,20,599.03,3,1797.09,Enterprise,0,0.3475,0
North America,Microsoft,Laptop,Ryzen 7,Intel UHD,16,256,Linux,Black,Online,Debit Card,660.5,0,660.5,1,660.5,Gamer,0,0.3575,1
Europe,MSI,Laptop,M2,NVIDIA RTX 3060,16,512,Windows 10,Blue,Reseller,Credit Card,2046.4,0,2046.4,1,2046.4,Enterprise,0,0.455,1
Asia-Pacific,Microsoft,Gaming Laptop,i3,NVIDIA RTX 3060,4,512,Windows 10,White,Reseller,Debit Card,2999.09,0,2999.09,3,8997.27,Gamer,0,0.39,1
Europe,MSI,Gaming Laptop,Ryzen 3,NVIDIA GTX 1650,32,512,macOS,Black,Online,Debit Card,1364.39,5,1296.17,2,2592.34,Professional,1,0.415,1
Asia-Pacific,Apple,Laptop,M1,Intel Iris,4,2048,macOS,Silver,Reseller,Bank Transfer,1035.66,5,983.88,2,1967.76,Professional,0,0.3675,1
North America,Apple,Laptop,i3,NVIDIA RTX 2060,16,256,macOS,Blue,Retail Store,PayPal,2427.62,5,2306.24,1,2306.24,Professional,1,0.4375,1
Asia-Pacific,Razer,Desktop,M1,Intel Iris,32,1024,Linux,Blue,Online,Bank Transfer,1630.37,0,1630.37,3,4891.11,Gamer,1,0.39,1
Asia-Pacific,Samsung,Gaming Laptop,M2,Intel UHD,8,2048,Windows 11,Gray,Retail Store,Debit Card,1314.4,20,1051.52,1,1051.52,Professional,1,0.35,1
Europe,Samsung,Laptop,Ryzen 9,Intel Iris,32,2048,macOS,Gray,Reseller,PayPal,1326.78,0,1326.78,1,1326.78,Gamer,0,0.285,0
Europe,Apple,Gaming Laptop,Ryzen 9,Intel Iris,32,512,macOS,Black,Online,Debit Card,1181.92,10,1063.73,2,2127.46,Professional,0,0.38,1
North America,Apple,Gaming Laptop,i5,Intel UHD,16,512,macOS,White,Retail Store,Debit Card,1565.29,20,1252.23,3,3756.69,Enterprise,0,0.4075,1
Europe,Asus,Gaming Laptop,Ryzen 3,NVIDIA GTX 1650,8,1024,macOS,Blue,Reseller,Bank Transfer,1258.8,0,1258.8,2,2517.6,Enterprise,1,0.4225,1
North America,Apple,Gaming Laptop,M2,Intel UHD,16,2048,macOS,Gray,Retail Store,PayPal,1237.82,10,1114.04,3,3342.12,Enterprise,0,0.4125,1
Europe,HP,All-in-One,Ryzen 7,AMD Radeon Vega,32,256,macOS,White,Online,Debit Card,1404.05,15,1193.44,2,2386.88,Professional,0,0.4,1
North America,Lenovo,All-in-One,i9,Intel UHD,16,512,Windows 11,White,Retail Store,PayPal,2752.22,15,2339.39,1,2339.39,Professional,1,0.4175,1
North America,Lenovo,Desktop,Ryzen 7,Intel Iris,16,2048,Linux,White,Reseller,PayPal,1341.74,20,1073.39,2,2146.78,Gamer,0,0.3425,0
Europe,Asus,Desktop,Ryzen 9,AMD Radeon Vega,16,2048,Linux,Silver,Retail Store,Credit Card,797.17,15,677.59,2,1355.18,Professional,1,0.3525,1
Europe,Lenovo,All-in-One,Ryzen 7,AMD Radeon Vega,32,2048,Windows 11,White,Retail Store,PayPal,1828.82,0,1828.82,2,3657.64,Professional,0,0.405,1
North America,Lenovo,Gaming Laptop,i3,Intel Iris,16,256,Windows 10,Gray,Online,PayPal,1702.29,10,1532.06,3,4596.18,Student,1,0.4525,1
Asia-Pacific,Apple,All-in-One,i7,AMD Radeon Vega,4,512,macOS,White,Retail Store,Credit Card,1452.1,5,1379.49,3,4138.47,Enterprise,0,0.3475,0
Europe,Microsoft,Gaming Laptop,i7,AMD Radeon Vega,32,2048,macOS,Black,Retail Store,Debit Card,2756.8,10,2481.12,3,7443.36,Gamer,0,0.4375,1
Asia-Pacific,Dell,Desktop,i3,Intel UHD,8,2048,macOS,White,Online,PayPal,2684.28,10,2415.85,3,7247.55,Professional,1,0.4975,1
Europe,HP,Desktop,i3,Intel Iris,8,256,Windows 10,Silver,Online,Credit Card,2315.01,0,2315.01,3,6945.03,Enterprise,1,0.455,1
North America,HP,Laptop,i5,Intel Iris,8,1024,Linux,Silver,Reseller,Bank Transfer,2848.49,10,2563.64,2,5127.28,Enterprise,1,0.35,1
Europe,Apple,Laptop,i3,NVIDIA RTX 2060,32,512,macOS,White,Reseller,PayPal,735.88,20,588.7,3,1766.1,Student,1,0.405,1
North America,Apple,All-in-One,Ryzen 5,NVIDIA RTX 3060,4,2048,macOS,Black,Reseller,Bank Transfer,2993.58,5,2843.9,3,8531.7,Student,1,0.3825,1
Asia-Pacific,Dell,Laptop,i5,Intel Iris,16,512,macOS,Blue,Reseller,Credit Card,1557.5,0,1557.5,3,4672.5,Gamer,0,0.44,1
Asia-Pacific,Razer,Gaming Laptop,i9,Intel Iris,8,256,Windows 10,Black,Retail Store,Bank Transfer,2667.67,10,2400.9,3,7202.7,Enterprise,0,0.3625,1
Europe,Microsoft,Gaming Laptop,i7,NVIDIA RTX 2060,4,1024,macOS,Silver,Online,Debit Card,1325.15,10,1192.64,2,2385.28,Student,0,0.42,1
Asia-Pacific,Microsoft,Laptop,i7,Intel UHD,32,1024,Linux,Black,Online,Debit Card,1742.29,0,1742.29,1,1742.29,Professional,0,0.425,1
Europe,Apple,All-in-One,M1,AMD Radeon Vega,8,2048,macOS,Silver,Online,PayPal,900.18,20,720.14,1,720.14,Professional,1,0.4675,1
Europe,HP,All-in-One,Ryzen 7,NVIDIA RTX 3060,32,2048,Linux,Silver,Online,Credit Card,2382.09,10,2143.88,1,2143.88,Enterprise,1,0.3425,0
Asia-Pacific,Microsoft,Gaming Laptop,M2,Intel Iris,4,512,Windows 11,White,Reseller,Debit Card,1328.11,20,1062.49,2,2124.98,Student,1,0.3625,1
Europe,Asus,Gaming Laptop,Ryzen 9,NVIDIA GTX 1650,32,256,Windows 10,Silver,Reseller,Bank Transfer,2306.77,20,1845.42,2,3690.84,Student,1,0.26,0
Europe,Lenovo,Laptop,M1,AMD Radeon Vega,32,1024,Windows 11,Silver,Online,Credit Card,1074.02,0,1074.02,2,2148.04,Professional,0,0.39,1
Europe,Dell,Desktop,i5,NVIDIA RTX 3060,16,512,Linux,White,Retail Store,Credit Card,2005.9,0,2005.9,2,4011.8,Student,1,0.5125,1
Asia-Pacific,Apple,Gaming Laptop,i3,AMD Radeon Vega,16,512,macOS,Black,Retail Store,Bank Transfer,761.4,0,761.4,3,2284.2,Student,1,0.395,1
Europe,Acer,All-in-One,i5,Intel UHD,16,1024,macOS,Black,Reseller,Bank Transfer,496.46,5,471.64,3,1414.92,Gamer,1,0.385,1
Asia-Pacific,MSI,Laptop,Ryzen 5,AMD Radeon Vega,32,256,Windows 10,White,Retail Store,Credit Card,1682.56,10,1514.3,3,4542.9,Enterprise,0,0.3525,1
North America,Dell,All-in-One,i7,Intel Iris,16,256,macOS,Black,Online,Bank Transfer,2972.32,5,2823.7,1,2823.7,Professional,1,0.4975,1
Europe,Dell,Laptop,Ryzen 7,Intel Iris,32,1024,macOS,Black,Retail Store,Debit Card,2539.53,10,2285.58,3,6856.74,Professional,0,0.475,1
Europe,HP,All-in-One,M2,Intel UHD,16,1024,macOS,White,Retail Store,Bank Transfer,2509.66,10,2258.69,1,2258.69,Enterprise,1,0.3975,1
Asia-Pacific,Acer,All-in-One,i7,NVIDIA RTX 2060,8,512,macOS,White,Retail Store,Debit Card,913.66,0,913.66,2,1827.32,Student,1,0.34,0
Europe,Acer,Gaming Laptop,Ryzen 5,NVIDIA RTX 3060,16,1024,Windows 11,Black,Retail Store,Debit Card,1948.11,0,1948.11,1,1948.11,Enterprise,0,0.455,1
Europe,Acer,All-in-One,Ryzen 3,NVIDIA GTX 1650,8,1024,Windows 10,Silver,Reseller,Debit Card,441.1,5,419.05,3,1257.15,Professional,0,0.365,1
Asia-Pacific,Dell,All-in-One,M1,NVIDIA RTX 3060,32,1024,Windows 11,Gray,Online,Bank Transfer,1927.05,15,1637.99,3,4913.97,Enterprise,1,0.4025,1
Asia-Pacific,HP,Laptop,i3,NVIDIA GTX 1650,16,512,Linux,Silver,Reseller,PayPal,2513.98,20,2011.18,1,2011.18,Student,1,0.48,1
Europe,Razer,Laptop,Ryzen 3,AMD Radeon Vega,16,2048,macOS,Silver,Online,PayPal,1819.24,20,1455.39,2,2910.78,Gamer,0,0.375,1
Asia-Pacific,Lenovo,All-in-One,i7,Intel Iris,8,1024,macOS,Blue,Retail Store,Bank Transfer,1259.49,10,1133.54,2,2267.08,Gamer,0,0.4675,1
North America,Acer,Desktop,Ryzen 5,Intel UHD,4,256,Windows 11,Gray,Reseller,Debit Card,1124.28,10,1011.85,3,3035.55,Enterprise,0,0.3725,1
Europe,HP,All-in-One,M2,NVIDIA RTX 3060,16,256,Windows 10,Silver,Online,Bank Transfer,963.14,20,770.51,2,1541.02,Professional,1,0.345,0
North America,Razer,Desktop,i5,NVIDIA GTX 1650,32,512,Windows 10,Silver,Online,Debit Card,2194.95,5,2085.2,2,4170.4,Professional,1,0.3775,1
North America,Razer,Laptop,Ryzen 3,NVIDIA RTX 2060,16,512,macOS,Black,Online,PayPal,1128.08,20,902.46,3,2707.38,Enterprise,0,0.485,1
Europe,Samsung,Gaming Laptop,i7,Intel UHD,8,256,Windows 11,White,Retail Store,Debit Card,994.88,0,994.88,2,1989.76,Gamer,0,0.32,0
Asia-Pacific,Asus,Gaming Laptop,Ryzen 3,NVIDIA RTX 2060,32,512,Windows 11,Silver,Retail Store,Credit Card,1938.77,20,1551.02,3,4653.06,Professional,0,0.35,1
Asia-Pacific,Samsung,All-in-One,M1,AMD Radeon Vega,32,256,Windows 10,Blue,Online,Credit Card,2167.43,15,1842.32,3,5526.96,Student,1,0.3775,1
Asia-Pacific,Lenovo,Desktop,M2,Intel Iris,32,2048,Linux,Black,Reseller,PayPal,576.76,0,576.76,1,576.76,Gamer,1,0.3925,1
North America,Samsung,Desktop,i5,AMD Radeon Vega,4,1024,Windows 10,Black,Reseller,Bank Transfer,1005.63,10,905.07,3,2715.21,Gamer,0,0.3125,0
Europe,Acer,Desktop,Ryzen 7,Intel Iris,4,256,Windows 11,Silver,Reseller,Debit Card,1986.83,5,1887.49,2,3774.98,Gamer,1,0.41,1
Asia-Pacific,Lenovo,All-in-One,Ryzen 7,NVIDIA RTX 2060,16,512,Windows 11,Gray,Retail Store,PayPal,1566.68,5,1488.35,3,4465.05,Student,1,0.34,0
North America,Samsung,All-in-One,M2,NVIDIA RTX 2060,16,256,Linux,Silver,Reseller,Debit Card,2684.69,0,2684.69,2,5369.38,Gamer,0,0.44,1
North America,Razer,Desktop,i3,NVIDIA RTX 3060,4,1024,Linux,Blue,Retail Store,Credit Card,2655.9,15,2257.51,1,2257.51,Gamer,1,0.41,1
Europe,Razer,Desktop,Ryzen 5,Intel Iris,32,256,macOS,Gray,Online,Debit Card,1267.3,0,1267.3,1,1267.3,Gamer,0,0.315,0
Europe,Acer,All-in-One,Ryzen 7,Intel Iris,4,256,Linux,Silver,Retail Store,Bank Transfer,902.49,20,721.99,3,2165.97,Gamer,0,0.325,0
Europe,Dell,Laptop,Ryzen 5,NVIDIA RTX 2060,4,512,Windows 11,Blue,Online,Bank Transfer,1937.67,10,1743.9,3,5231.7,Professional,1,0.42,1
North America,Samsung,Gaming Laptop,i9,NVIDIA GTX 1650,8,1024,Linux,White,Online,Debit Card,2801.87,10,2521.68,2,5043.36,Enterprise,0,0.395,1
Europe,Lenovo,Laptop,Ryzen 3,AMD Radeon Vega,16,2048,Linux,Blue,Retail Store,Credit Card,507.13,5,481.77,2,963.54,Gamer,0,0.385,1
North America,Acer,Laptop,M1,NVIDIA RTX 2060,16,256,macOS,Black,Retail Store,Credit Card,2123.94,5,2017.74,2,4035.48,Professional,0,0.345,0
Europe,Lenovo,All-in-One,i7,NVIDIA GTX 1650,4,512,Linux,Black,Online,Credit Card,1445.83,15,1228.96,3,3686.88,Enterprise,1,0.415,1
Europe,Apple,Laptop,M1,NVIDIA RTX 3060,4,256,macOS,Gray,Retail Store,Debit Card,1524.94,15,1296.2,1,1296.2,Student,1,0.405,1
Europe,Lenovo,Desktop,Ryzen 9,NVIDIA RTX 3060,4,512,Linux,Blue,Retail Store,Credit Card,2412.24,10,2171.02,3,6513.06,Professional,0,0.425,1
North America,Apple,Gaming Laptop,i3,AMD Radeon Vega,16,2048,macOS,Black,Retail Store,PayPal,1589.61,15,1351.17,3,4053.51,Enterprise,1,0.435,1
Europe,Asus,Desktop,Ryzen 7,AMD Radeon Vega,8,2048,macOS,Blue,Reseller,Credit Card,782.8,10,704.52,2,1409.04,Professional,0,0.415,1
Asia-Pacific,Asus,Laptop,i3,Intel UHD,4,256,Windows 10,Black,Retail Store,Debit Card,2884.95,10,2596.45,2,5192.9,Student,0,0.4325,1
North America,Apple,Laptop,i9,Intel UHD,8,512,macOS,White,Reseller,PayPal,1576.45,5,1497.63,2,2995.26,Student,1,0.5,1
North America,HP,Gaming Laptop,Ryzen 3,NVIDIA RTX 2060,8,1024,Windows 11,Silver,Online,Debit Card,873.93,5,830.23,3,2490.69,Student,0,0.5225,1
Europe,Razer,Gaming Laptop,Ryzen 7,Intel Iris,32,512,Linux,Gray,Reseller,PayPal,1362.55,20,1090.04,2,2180.08,Gamer,0,0.365,1
Europe,Razer,All-in-One,M2,Intel UHD,4,1024,Linux,Blue,Retail Store,Bank Transfer,1180.52,0,1180.52,3,3541.56,Professional,0,0.325,0
North America,Acer,Laptop,Ryzen 3,Intel UHD,4,1024,Windows 10,White,Retail Store,Debit Card,2325.51,5,2209.23,3,6627.69,Enterprise,1,0.44,1
Asia-Pacific,Apple,Gaming Laptop,Ryzen 3,Intel UHD,8,1024,macOS,White,Retail Store,Credit Card,996.2,15,846.77,3,2540.31,Enterprise,1,0.3775,1
North America,Microsoft,Gaming Laptop,Ryzen 9,Intel Iris,16,512,macOS,Silver,Reseller,Bank Transfer,2218.34,5,2107.42,2,4214.84,Student,0,0.4325,1
Asia-Pacific,Apple,Desktop,i7,NVIDIA GTX 1650,8,2048,macOS,Black,Retail Store,Bank Transfer,1684.02,20,1347.22,1,1347.22,Student,0,0.3125,0
North America,Asus,All-in-One,M2,NVIDIA GTX 1650,8,2048,Windows 10,Black,Online,Debit Card,2905.03,0,2905.03,1,2905.03,Gamer,1,0.3125,0
Asia-Pacific,Apple,Laptop,Ryzen 9,NVIDIA GTX 1650,32,256,macOS,Gray,Online,Debit Card,1094.01,20,875.21,3,2625.63,Gamer,0,0.3525,1
Asia-Pacific,Microsoft,Laptop,Ryzen 5,NVIDIA RTX 2060,8,256,macOS,Blue,Retail Store,PayPal,756.95,10,681.26,1,681.26,Student,0,0.3925,1
Asia-Pacific,HP,Gaming Laptop,Ryzen 7,Intel UHD,16,1024,Windows 10,Gray,Online,PayPal,1844.4,5,1752.18,2,3504.36,Gamer,1,0.4125,1
Europe,Lenovo,Gaming Laptop,Ryzen 9,NVIDIA GTX 1650,16,256,Linux,White,Online,Debit Card,1855.86,15,1577.48,1,1577.48,Enterprise,0,0.33,0
North America,Acer,Laptop,Ryzen 5,AMD Radeon Vega,32,2048,Windows 10,White,Online,Bank Transfer,932.56,10,839.3,2,1678.6,Student,0,0.43,1
Europe,HP,Gaming Laptop,Ryzen 3,NVIDIA RTX 2060,4,1024,Windows 10,Gray,Retail Store,Credit Card,1740.77,10,1566.69,1,1566.69,Enterprise,1,0.2825,0
North America,Apple,Laptop,i7,NVIDIA GTX 1650,4,2048,macOS,Gray,Retail Store,PayPal,856.09,5,813.29,3,2439.87,Professional,0,0.4625,1
Europe,Asus,Desktop,M2,AMD Radeon Vega,32,512,macOS,Gray,Online,Debit Card,1096.82,15,932.3,2,1864.6,Enterprise,1,0.42,1
Asia-Pacific,MSI,Gaming Laptop,i3,Intel UHD,32,512,macOS,White,Reseller,Bank Transfer,2407.13,5,2286.77,2,4573.54,Gamer,0,0.4,1
North America,Lenovo,Gaming Laptop,Ryzen 5,Intel Iris,8,2048,Windows 10,Black,Online,PayPal,518.58,20,414.86,3,1244.58,Student,0,0.38,1
Europe,Razer,All-in-One,i3,NVIDIA GTX 1650,8,2048,macOS,Gray,Reseller,Credit Card,533.12,15,453.15,2,906.3,Student,0,0.325,0
North America,MSI,Laptop,i3,NVIDIA RTX 3060,32,256,Linux,Blue,Online,PayPal,1857.41,15,1578.8,2,3157.6,Gamer,0,0.4175,1
Asia-Pacific,Samsung,Gaming Laptop,i3,Intel UHD,4,2048,Windows 11,White,Online,Bank Transfer,1561.64,10,1405.48,3,4216.44,Professional,1,0.31,0
Europe,Acer,Desktop,i7,NVIDIA GTX 1650,4,2048,Windows 10,Blue,Reseller,Debit Card,604.65,15,513.95,1,513.95,Gamer,0,0.275,0
North America,Acer,Gaming Laptop,i3,Intel Iris,4,2048,Windows 11,White,Online,Debit Card,647.57,20,518.06,1,518.06,Professional,0,0.375,1
Europe,MSI,Desktop,i3,Intel Iris,16,512,Linux,White,Retail Store,Bank Transfer,2274.17,15,1933.04,3,5799.12,Enterprise,1,0.415,1
Europe,Acer,Gaming Laptop,Ryzen 5,Intel Iris,8,1024,Linux,Black,Retail Store,Bank Transfer,1385.48,10,1246.93,3,3740.79,Enterprise,0,0.4175,1
North America,Acer,Laptop,Ryzen 3,Intel UHD,16,1024,Linux,Silver,Online,PayPal,2792.07,15,2373.26,2,4746.52,Gamer,1,0.425,1
North America,Dell,Gaming Laptop,Ryzen 9,NVIDIA RTX 3060,16,1024,macOS,Gray,Retail Store,PayPal,1346.01,15,1144.11,2,2288.22,Student,0,0.415,1
Europe,Razer,Laptop,i3,Intel UHD,16,512,macOS,Blue,Reseller,Debit Card,2790.29,15,2371.75,3,7115.25,Student,0,0.4975,1
Asia-Pacific,Razer,All-in-One,i7,Intel Iris,8,2048,Linux,Silver,Reseller,Debit Card,2683.07,5,2548.92,1,2548.92,Professional,0,0.435,1
Asia-Pacific,Microsoft,Gaming Laptop,M2,NVIDIA RTX 3060,4,256,macOS,Black,Retail Store,PayPal,1955.64,0,1955.64,1,1955.64,Student,0,0.4275,1
Asia-Pacific,Razer,Laptop,M1,AMD Radeon Vega,8,256,macOS,Black,Online,PayPal,638.88,5,606.94,2,1213.88,Enterprise,1,0.57,1
Europe,Samsung,Desktop,i3,Intel Iris,32,512,macOS,Black,Online,Bank Transfer,913.65,5,867.97,1,867.97,Professional,0,0.45,1
North America,Dell,All-in-One,i3,AMD Radeon Vega,4,2048,Linux,White,Retail Store,Credit Card,2577.07,20,2061.66,1,2061.66,Student,0,0.485,1
Europe,Apple,Laptop,M1,NVIDIA RTX 2060,8,512,macOS,White,Retail Store,Debit Card,1693.28,15,1439.29,3,4317.87,Student,0,0.385,1
Europe,HP,All-in-One,i5,NVIDIA GTX 1650,8,1024,Windows 10,Silver,Online,Debit Card,2457.01,15,2088.46,3,6265.38,Enterprise,1,0.4525,1
Asia-Pacific,Dell,Desktop,i7,Intel UHD,16,512,macOS,Black,Reseller,PayPal,2118.04,5,2012.14,2,4024.28,Gamer,1,0.45,1
Asia-Pacific,Microsoft,Desktop,i7,NVIDIA RTX 2060,8,2048,Windows 11,Silver,Retail Store,Credit Card,2875.73,5,2731.94,2,5463.88,Student,0,0.415,1
Asia-Pacific,Dell,Desktop,M1,AMD Radeon Vega,8,2048,Windows 11,Black,Online,Credit Card,1386.58,20,1109.26,1,1109.26,Enterprise,1,0.52,1
North America,Microsoft,Desktop,i3,Intel UHD,32,2048,macOS,Gray,Reseller,Bank Transfer,1910.07,0,1910.07,3,5730.21,Student,0,0.3575,1
Asia-Pacific,Lenovo,All-in-One,M2,NVIDIA RTX 2060,16,2048,Windows 11,Black,Retail Store,Bank Transfer,2141.82,20,1713.46,3,5140.38,Enterprise,1,0.4175,1
Europe,HP,Gaming Laptop,Ryzen 7,NVIDIA RTX 2060,16,2048,Windows 10,Silver,Online,Credit Card,871.57,10,784.41,3,2353.23,Student,0,0.295,0
Asia-Pacific,Dell,Gaming Laptop,i9,AMD Radeon Vega,8,512,macOS,White,Reseller,PayPal,1769.52,15,1504.09,1,1504.09,Student,1,0.395,1
Asia-Pacific,Lenovo,All-in-One,i9,Intel Iris,32,2048,Windows 11,Black,Reseller,PayPal,945.32,10,850.79,1,850.79,Professional,1,0.4325,1
Europe,Razer,All-in-One,i9,NVIDIA GTX 1650,32,1024,Windows 10,White,Reseller,Debit Card,1448.52,0,1448.52,1,1448.52,Gamer,0,0.315,0
Europe,Lenovo,Laptop,Ryzen 9,Intel UHD,32,1024,Windows 11,Silver,Retail Store,PayPal,1566.4,5,1488.08,2,2976.16,Professional,0,0.3975,1
Europe,Apple,Desktop,Ryzen 9,NVIDIA RTX 2060,4,2048,macOS,Black,Retail Store,Bank Transfer,1252.34,20,1001.87,3,3005.61,Professional,0,0.3725,1
North America,Razer,All-in-One,Ryzen 3,Intel Iris,4,256,Windows 11,Black,Online,Bank Transfer,610.87,5,580.33,3,1740.99,Gamer,0,0.4,1
North America,Razer,Desktop,Ryzen 9,NVIDIA RTX 3060,4,512,Windows 11,Gray,Reseller,Bank Transfer,2383.96,15,2026.37,1,2026.37,Professional,1,0.36,1
Europe,Razer,All-in-One,Ryzen 9,NVIDIA RTX 3060,8,2048,Linux,Black,Retail Store,Debit Card,1733.68,15,1473.63,2,2947.26,Enterprise,0,0.4025,1
North America,Apple,All-in-One,i3,NVIDIA GTX 1650,4,512,macOS,Gray,Reseller,Debit Card,1062.5,5,1009.38,1,1009.38,Student,0,0.3725,1
Europe,Razer,Gaming Laptop,i7,NVIDIA GTX 1650,8,256,Linux,Gray,Online,PayPal,1684.59,0,1684.59,2,3369.18,Professional,0,0.4425,1
Europe,Acer,Desktop,M1,Intel Iris,32,1024,macOS,Silver,Reseller,Credit Card,847.07,0,847.07,3,2541.21,Enterprise,0,0.395,1
Europe,Acer,Gaming Laptop,i7,NVIDIA RTX 3060,32,1024,Linux,Silver,Reseller,Debit Card,1267.5,5,1204.12,1,1204.12,Enterprise,1,0.3475,0
Europe,Razer,All-in-One,M2,Intel UHD,32,256,Linux,Gray,Online,Debit Card,444.63,15,377.94,3,1133.82,Professional,0,0.425,1
North America,Apple,All-in-One,Ryzen 5,NVIDIA GTX 1650,32,1024,macOS,White,Retail Store,PayPal,2404.01,20,1923.21,3,5769.63,Professional,1,0.5225,1
North America,Dell,Laptop,i9,NVIDIA RTX 3060,16,256,Linux,Black,Reseller,Bank Transfer,2759.66,5,2621.68,1,2621.68,Student,1,0.445,1
Europe,Microsoft,All-in-One,i3,Intel UHD,4,512,macOS,Blue,Online,Debit Card,1859.54,0,1859.54,2,3719.08,Student,1,0.3975,1
Asia-Pacific,Microsoft,All-in-One,i7,NVIDIA RTX 3060,16,256,Windows 11,Blue,Reseller,Credit Card,2526.54,20,2021.23,2,4042.46,Enterprise,0,0.4225,1
North America,MSI,Desktop,Ryzen 7,NVIDIA RTX 3060,32,512,Linux,White,Online,Debit Card,2307.88,20,1846.3,3,5538.9,Gamer,1,0.335,0
Europe,Samsung,Laptop,Ryzen 9,NVIDIA RTX 2060,16,1024,macOS,Black,Online,Bank Transfer,2562.03,10,2305.83,3,6917.49,Gamer,0,0.3925,1
Europe,Apple,Gaming Laptop,M2,Intel Iris,8,1024,macOS,Black,Retail Store,PayPal,2885.49,20,2308.39,2,4616.78,Professional,1,0.445,1
Europe,Microsoft,Gaming Laptop,M2,NVIDIA GTX 1650,4,1024,Linux,White,Online,Debit Card,2259.38,20,1807.5,3,5422.5,Enterprise,0,0.355,1
North America,Apple,All-in-One,Ryzen 9,NVIDIA RTX 3060,4,512,macOS,Silver,Online,PayPal,2820.88,0,2820.88,3,8462.64,Gamer,1,0.365,1
Europe,Apple,Desktop,Ryzen 7,Intel Iris,8,256,macOS,Black,Reseller,PayPal,1771.36,10,1594.22,2,3188.44,Student,1,0.4025,1
Europe,Lenovo,Laptop,M1,Intel UHD,16,256,Linux,Gray,Reseller,PayPal,2160.2,0,2160.2,3,6480.6,Professional,0,0.4625,1
North America,Lenovo,All-in-One,Ryzen 9,NVIDIA RTX 2060,4,256,Linux,Gray,Online,Credit Card,2580.88,0,2580.88,2,5161.76,Gamer,0,0.4175,1
Asia-Pacific,Apple,All-in-One,i5,AMD Radeon Vega,32,256,macOS,White,Reseller,Bank Transfer,1039.07,5,987.12,3,2961.36,Gamer,0,0.385,1
Europe,Dell,Gaming Laptop,Ryzen 9,Intel Iris,16,2048,Linux,White,Reseller,Credit Card,1948.21,5,1850.8,1,1850.8,Gamer,0,0.305,0
North America,Microsoft,Laptop,i9,NVIDIA RTX 3060,8,2048,Linux,Silver,Online,PayPal,1217.41,15,1034.8,3,3104.4,Enterprise,0,0.3875,1
Europe,MSI,All-in-One,Ryzen 5,NVIDIA RTX 3060,32,2048,Windows 11,Blue,Online,Bank Transfer,1692.7,10,1523.43,3,4570.29,Gamer,1,0.3675,1
Europe,Acer,All-in-One,M2,NVIDIA GTX 1650,32,1024,Windows 11,White,Reseller,Debit Card,869.69,10,782.72,2,1565.44,Student,0,0.4175,1
Europe,Asus,Laptop,i9,NVIDIA RTX 3060,16,512,macOS,Blue,Online,Debit Card,1880.52,10,1692.47,1,1692.47,Enterprise,0,0.365,1
Asia-Pacific,Apple,All-in-One,Ryzen 5,AMD Radeon Vega,4,2048,macOS,Black,Retail Store,Credit Card,2808.95,5,2668.5,1,2668.5,Professional,0,0.395,1
North America,MSI,Gaming Laptop,i7,NVIDIA GTX 1650,4,256,Windows 11,Silver,Online,Credit Card,2504.64,15,2128.94,3,6386.82,Student,1,0.4875,1
Asia-Pacific,Acer,Gaming Laptop,Ryzen 5,Intel UHD,16,512,Linux,Gray,Online,PayPal,920.38,5,874.36,2,1748.72,Gamer,0,0.31,0
North America,Lenovo,Laptop,i7,NVIDIA RTX 3060,16,1024,Windows 11,Gray,Online,Bank Transfer,473.48,5,449.81,3,1349.43,Gamer,0,0.4475,1
Europe,Asus,All-in-One,i5,NVIDIA RTX 2060,8,1024,Windows 11,Black,Online,Debit Card,1567.72,5,1489.33,1,1489.33,Enterprise,0,0.345,0
Europe,Microsoft,Laptop,Ryzen 3,AMD Radeon Vega,4,256,Linux,White,Reseller,PayPal,809.97,20,647.98,1,647.98,Enterprise,0,0.525,1
North America,HP,All-in-One,Ryzen 3,Intel Iris,4,256,Windows 10,White,Retail Store,Debit Card,2299.91,0,2299.91,2,4599.82,Student,0,0.3725,1
Asia-Pacific,Samsung,Desktop,Ryzen 7,NVIDIA RTX 2060,8,2048,Windows 10,Silver,Reseller,PayPal,1380.92,5,1311.87,2,2623.74,Professional,0,0.3675,1
North America,Acer,Laptop,Ryzen 7,Intel UHD,4,1024,Linux,White,Reseller,Bank Transfer,738.68,10,664.81,3,1994.43,Professional,1,0.46,1
Asia-Pacific,MSI,All-in-One,i7,Intel UHD,8,2048,Windows 11,Gray,Online,Bank Transfer,1040.98,15,884.83,2,1769.66,Gamer,0,0.4625,1
Asia-Pacific,Razer,Gaming Laptop,Ryzen 7,AMD Radeon Vega,32,2048,Windows 11,Black,Reseller,Debit Card,2767.16,10,2490.44,2,4980.88,Student,1,0.3425,0
Europe,Acer,Desktop,i9,NVIDIA GTX 1650,4,1024,Linux,Blue,Reseller,Debit Card,663.56,20,530.85,1,530.85,Professional,0,0.4125,1
North America,Apple,Desktop,i7,NVIDIA GTX 1650,32,256,macOS,Black,Retail Store,Debit Card,2500.1,0,2500.1,1,2500.1,Student,1,0.4475,1
Europe,MSI,All-in-One,M1,NVIDIA RTX 2060,4,512,Windows 10,Blue,Retail Store,Credit Card,2302.62,15,1957.23,2,3914.46,Enterprise,0,0.3075,0
North America,Samsung,Laptop,i7,Intel Iris,8,256,Windows 10,Black,Retail Store,Credit Card,2980.19,20,2384.15,3,7152.45,Professional,0,0.4825,1
Asia-Pacific,Microsoft,All-in-One,i9,AMD Radeon Vega,8,1024,macOS,Black,Retail Store,Credit Card,2141.41,10,1927.27,2,3854.54,Enterprise,1,0.3975,1
North America,MSI,Desktop,Ryzen 7,Intel Iris,4,512,Linux,Black,Online,Bank Transfer,2564.46,5,2436.24,3,7308.72,Enterprise,1,0.3525,1
Europe,Asus,Desktop,Ryzen 9,AMD Radeon Vega,16,512,Linux,White,Retail Store,Debit Card,599.49,20,479.59,2,959.18,Professional,0,0.3675,1
North America,MSI,Desktop,i7,NVIDIA RTX 2060,8,512,Linux,Silver,Retail Store,Bank Transfer,442.8,5,420.66,2,841.32,Enterprise,1,0.3525,1
North America,Lenovo,Laptop,Ryzen 9,NVIDIA RTX 3060,16,512,Windows 10,Silver,Online,Bank Transfer,1667.17,20,1333.74,2,2667.48,Enterprise,0,0.36,1
Asia-Pacific,Samsung,All-in-One,Ryzen 7,AMD Radeon Vega,32,256,Windows 11,Blue,Online,Debit Card,1618.51,15,1375.73,3,4127.19,Student,1,0.345,0
Europe,Dell,Laptop,Ryzen 3,AMD Radeon Vega,32,2048,Linux,Gray,Reseller,Debit Card,2569.39,15,2183.98,1,2183.98,Student,1,0.465,1
Europe,Acer,Desktop,i5,Intel Iris,4,2048,Windows 11,Blue,Reseller,Credit Card,1720.8,5,1634.76,2,3269.52,Student,0,0.5025,1
North America,MSI,Desktop,Ryzen 7,NVIDIA GTX 1650,16,1024,Linux,Blue,Retail Store,Bank Transfer,849.66,5,807.18,3,2421.54,Professional,0,0.4675,1
Asia-Pacific,Acer,Gaming Laptop,Ryzen 3,NVIDIA RTX 3060,4,2048,Windows 11,Silver,Online,Bank Transfer,1099.02,10,989.12,1,989.12,Gamer,0,0.3175,0
Europe,Lenovo,Laptop,M1,Intel Iris,32,512,Windows 11,Black,Online,PayPal,911.04,5,865.49,1,865.49,Gamer,1,0.4675,1
North America,Acer,Desktop,i7,NVIDIA RTX 3060,16,2048,macOS,White,Reseller,Credit Card,501.64,20,401.31,1,401.31,Professional,0,0.3675,1
Europe,Asus,Gaming Laptop,Ryzen 5,NVIDIA GTX 1650,32,512,Windows 10,White,Reseller,Debit Card,2338.57,15,1987.78,3,5963.34,Professional,0,0.4525,1
Asia-Pacific,Samsung,All-in-One,Ryzen 3,NVIDIA RTX 3060,16,512,Linux,White,Reseller,Debit Card,1966.41,15,1671.45,2,3342.9,Enterprise,1,0.4725,1
Europe,Razer,Gaming Laptop,M1,Intel Iris,32,1024,macOS,White,Reseller,PayPal,1434.18,0,1434.18,3,4302.54,Student,1,0.4925,1
Asia-Pacific,MSI,Gaming Laptop,Ryzen 7,NVIDIA RTX 2060,4,2048,Linux,White,Online,PayPal,883.15,5,838.99,1,838.99,Student,0,0.35,1
Asia-Pacific,Apple,Desktop,Ryzen 3,Intel UHD,16,512,macOS,Black,Retail Store,Credit Card,1179.58,20,943.66,1,943.66,Enterprise,1,0.3475,0
Asia-Pacific,Asus,Gaming Laptop,i9,NVIDIA RTX 2060,8,1024,Linux,White,Retail Store,Credit Card,2685.9,10,2417.31,3,7251.93,Gamer,0,0.445,1
Europe,Acer,Gaming Laptop,i7,Intel Iris,32,512,Windows 10,White,Retail Store,Debit Card,417.12,20,333.7,2,667.4,Gamer,0,0.2975,0
North America,Asus,Laptop,i9,NVIDIA RTX 2060,32,2048,Windows 11,Gray,Reseller,PayPal,2807.52,5,2667.14,3,8001.42,Professional,0,0.3675,1
Europe,Microsoft,All-in-One,i3,Intel UHD,32,512,Linux,Gray,Reseller,PayPal,1913.77,0,1913.77,2,3827.54,Professional,0,0.4325,1
North America,Apple,Gaming Laptop,i9,Intel Iris,8,2048,macOS,Gray,Retail Store,Debit Card,426.18,5,404.87,2,809.74,Enterprise,0,0.32,0
Asia-Pacific,Razer,All-in-One,Ryzen 5,NVIDIA RTX 3060,4,512,macOS,Blue,Online,Debit Card,1180.28,20,944.22,1,944.22,Professional,1,0.36,1
Asia-Pacific,Samsung,Laptop,i7,NVIDIA GTX 1650,4,2048,Linux,Silver,Retail Store,Bank Transfer,479.69,20,383.75,3,1151.25,Student,0,0.3375,0
Asia-Pacific,MSI,Desktop,Ryzen 5,NVIDIA RTX 2060,4,1024,Linux,Silver,Retail Store,Credit Card,530.46,0,530.46,2,1060.92,Professional,1,0.245,0
North America,HP,All-in-One,i5,NVIDIA GTX 1650,8,1024,Windows 10,Gray,Retail Store,PayPal,1834.56,20,1467.65,2,2935.3,Enterprise,1,0.3625,1
North America,Dell,Laptop,Ryzen 9,NVIDIA GTX 1650,4,256,Windows 10,Silver,Retail Store,PayPal,2218.21,0,2218.21,3,6654.63,Gamer,0,0.3725,1
Europe,Acer,Laptop,M1,AMD Radeon Vega,4,256,Linux,Black,Online,PayPal,1224.65,20,979.72,2,1959.44,Student,1,0.3425,0
Asia-Pacific,MSI,Desktop,M2,NVIDIA RTX 2060,8,2048,Linux,White,Retail Store,Credit Card,1384.6,20,1107.68,3,3323.04,Enterprise,0,0.395,1
Europe,Microsoft,Gaming Laptop,Ryzen 7,NVIDIA RTX 3060,4,256,macOS,White,Retail Store,Credit Card,2247.74,15,1910.58,2,3821.16,Gamer,1,0.345,0
Europe,MSI,Laptop,M2,Intel UHD,4,2048,Windows 10,Black,Retail Store,Debit Card,970.85,10,873.76,2,1747.52,Professional,0,0.37,1
Europe,HP,All-in-One,i9,AMD Radeon Vega,32,1024,Linux,Gray,Online,PayPal,649.27,0,649.27,3,1947.81,Gamer,0,0.3575,1
Europe,Asus,Laptop,Ryzen 3,NVIDIA RTX 2060,16,512,Windows 10,White,Online,Credit Card,2236.89,15,1901.36,2,3802.72,Student,0,0.4125,1
Asia-Pacific,Asus,Desktop,i9,NVIDIA GTX 1650,16,256,Windows 10,Blue,Online,Credit Card,733.83,20,587.06,3,1761.18,Enterprise,0,0.3175,0
Asia-Pacific,Microsoft,Desktop,i9,AMD Radeon Vega,16,512,macOS,Silver,Reseller,Bank Transfer,2508.22,0,2508.22,2,5016.44,Student,0,0.34,0
Asia-Pacific,Lenovo,Desktop,i9,NVIDIA GTX 1650,8,512,macOS,Gray,Reseller,Debit Card,2166.98,20,1733.58,1,1733.58,Professional,1,0.3775,1
Europe,Razer,Desktop,i7,Intel UHD,8,1024,Windows 11,Blue,Retail Store,Debit Card,1787.59,0,1787.59,1,1787.59,Professional,0,0.3475,0
Asia-Pacific,HP,Desktop,M1,AMD Radeon Vega,8,1024,macOS,Black,Online,PayPal,2549.38,15,2166.97,3,6500.91,Gamer,0,0.4075,1
Europe,Samsung,All-in-One,i7,Intel UHD,4,2048,Windows 11,Gray,Retail Store,Bank Transfer,1324.43,0,1324.43,1,1324.43,Professional,0,0.4175,1
Europe,MSI,Laptop,i7,NVIDIA RTX 2060,4,512,Windows 11,Black,Reseller,Credit Card,1750.54,5,1663.01,1,1663.01,Professional,1,0.355,1
Asia-Pacific,Acer,Gaming Laptop,i3,NVIDIA RTX 2060,16,512,macOS,White,Retail Store,Debit Card,743.89,15,632.31,2,1264.62,Gamer,0,0.31,0
Europe,Lenovo,Desktop,M1,NVIDIA RTX 2060,32,512,Windows 10,White,Retail Store,Bank Transfer,688.69,15,585.39,3,1756.17,Gamer,0,0.34,0
North America,Razer,Desktop,Ryzen 9,NVIDIA RTX 3060,16,1024,Linux,Black,Online,Debit Card,1450.58,10,1305.52,1,1305.52,Gamer,0,0.44,1
Asia-Pacific,Apple,Gaming Laptop,Ryzen 3,NVIDIA GTX 1650,8,2048,macOS,Blue,Reseller,Bank Transfer,749.26,0,749.26,1,749.26,Gamer,1,0.3625,1
Europe,HP,Laptop,Ryzen 3,NVIDIA RTX 3060,16,512,Linux,Blue,Retail Store,Bank Transfer,2833.3,0,2833.3,1,2833.3,Gamer,1,0.3925,1
Asia-Pacific,Acer,All-in-One,M1,NVIDIA RTX 3060,4,1024,Linux,White,Online,PayPal,1324.59,15,1125.9,1,1125.9,Gamer,1,0.395,1
Asia-Pacific,Lenovo,Desktop,i9,Intel UHD,32,256,Windows 11,Silver,Reseller,Debit Card,2672.0,0,2672.0,3,8016.0,Gamer,0,0.47,1
Europe,Lenovo,Desktop,i9,Intel UHD,16,1024,macOS,Gray,Online,Debit Card,2204.9,5,2094.66,1,2094.66,Enterprise,1,0.425,1
North America,Dell,Desktop,M1,AMD Radeon Vega,32,2048,Windows 10,Silver,Retail Store,Bank Transfer,818.57,5,777.64,1,777.64,Enterprise,0,0.4075,1
North America,Dell,Laptop,i3,AMD Radeon Vega,16,512,Linux,Silver,Online,Bank Transfer,954.95,5,907.2,1,907.2,Gamer,1,0.4125,1
Europe,Dell,Gaming Laptop,Ryzen 3,Intel UHD,32,2048,Linux,White,Online,Credit Card,418.37,10,376.53,2,753.06,Student,1,0.4625,1
Europe,HP,Desktop,M1,NVIDIA RTX 3060,16,256,Windows 11,Silver,Reseller,Credit Card,2914.3,5,2768.59,2,5537.18,Student,0,0.425,1
Europe,Dell,Desktop,Ryzen 9,AMD Radeon Vega,8,512,macOS,Silver,Retail Store,Bank Transfer,739.74,0,739.74,3,2219.22,Student,1,0.3775,1
North America,Dell,Laptop,Ryzen 5,NVIDIA RTX 2060,32,512,Linux,Gray,Online,Bank Transfer,1192.11,5,1132.5,1,1132.5,Gamer,0,0.445,1
Europe,HP,All-in-One,i7,Intel UHD,16,256,Linux,Silver,Retail Store,Bank Transfer,2276.91,5,2163.06,1,2163.06,Gamer,1,0.37,1
Asia-Pacific,Lenovo,Gaming Laptop,i9,AMD Radeon Vega,8,1024,macOS,Black,Reseller,Bank Transfer,2926.17,20,2340.94,3,7022.82,Enterprise,1,0.4775,1
Europe,Razer,All-in-One,Ryzen 5,AMD Radeon Vega,8,256,Windows 11,Black,Retail Store,PayPal,1785.46,0,1785.46,3,5356.38,Enterprise,1,0.4375,1
North America,HP,Gaming Laptop,Ryzen 5,Intel Iris,4,2048,macOS,Gray,Online,Bank Transfer,2668.89,5,2535.45,2,5070.9,Gamer,0,0.3375,0
North America,HP,Laptop,Ryzen 3,Intel Iris,8,1024,Windows 11,Gray,Online,Debit Card,2484.48,5,2360.26,3,7080.78,Student,1,0.47,1
North America,MSI,Laptop,i9,NVIDIA RTX 2060,32,256,Windows 10,Black,Retail Store,PayPal,1829.6,10,1646.64,3,4939.92,Gamer,0,0.33,0
Asia-Pacific,Acer,Laptop,Ryzen 9,NVIDIA RTX 3060,16,512,Windows 11,Gray,Online,Credit Card,621.39,20,497.11,3,1491.33,Enterprise,0,0.33,0
North America,MSI,Desktop,i9,AMD Radeon Vega,4,512,Linux,Black,Reseller,Bank Transfer,713.99,10,642.59,3,1927.77,Student,0,0.365,1
North America,MSI,Laptop,M2,NVIDIA RTX 3060,16,2048,Linux,White,Retail Store,PayPal,2486.24,20,1988.99,3,5966.97,Gamer,1,0.4325,1
Europe,Razer,Desktop,Ryzen 9,Intel UHD,4,2048,Windows 10,White,Reseller,Bank Transfer,2374.15,10,2136.74,1,2136.74,Professional,0,0.395,1
North America,Dell,All-in-One,i5,Intel UHD,8,256,Linux,Gray,Online,Debit Card,2366.41,10,2129.77,3,6389.31,Student,1,0.575,1
North America,Apple,Gaming Laptop,Ryzen 9,Intel Iris,32,512,macOS,Blue,Online,Debit Card,879.6,10,791.64,2,1583.28,Student,0,0.385,1
Asia-Pacific,Dell,Desktop,M2,NVIDIA GTX 1650,8,2048,Windows 11,Blue,Reseller,Credit Card,546.2,5,518.89,2,1037.78,Enterprise,1,0.3475,0
Asia-Pacific,Microsoft,Laptop,M1,Intel Iris,16,256,Windows 10,Gray,Online,Bank Transfer,725.0,20,580.0,3,1740.0,Professional,0,0.435,1
North America,Razer,Desktop,Ryzen 7,Intel Iris,16,1024,Windows 11,Blue,Retail Store,Bank Transfer,1097.86,5,1042.97,1,1042.97,Enterprise,1,0.3275,0
Asia-Pacific,Dell,Gaming Laptop,Ryzen 3,Intel UHD,32,2048,Windows 10,Black,Online,PayPal,2609.38,0,2609.38,1,2609.38,Gamer,1,0.445,1
Europe,Lenovo,Laptop,i5,NVIDIA RTX 2060,16,2048,Windows 10,Gray,Retail Store,Bank Transfer,1879.41,10,1691.47,3,5074.41,Enterprise,1,0.4125,1
Asia-Pacific,Acer,Laptop,Ryzen 7,NVIDIA RTX 2060,8,1024,Windows 10,Black,Online,Debit Card,1296.89,0,1296.89,1,1296.89,Enterprise,0,0.3975,1
Europe,Apple,Gaming Laptop,Ryzen 9,Intel Iris,32,256,macOS,Black,Reseller,Credit Card,1266.31,5,1202.99,3,3608.97,Gamer,0,0.4625,1
Europe,MSI,All-in-One,M1,Intel Iris,16,2048,Windows 10,Gray,Online,PayPal,2090.3,15,1776.76,2,3553.52,Enterprise,0,0.415,1
Asia-Pacific,MSI,All-in-One,i9,NVIDIA RTX 3060,16,2048,Windows 11,Silver,Reseller,Bank Transfer,2770.82,10,2493.74,1,2493.74,Professional,0,0.4075,1
Europe,Dell,Desktop,i7,Intel UHD,32,1024,Windows 11,Blue,Retail Store,Debit Card,1937.38,10,1743.64,1,1743.64,Gamer,0,0.3525,1
Europe,Samsung,Gaming Laptop,Ryzen 5,AMD Radeon Vega,8,1024,macOS,Gray,Online,Debit Card,1146.1,15,974.18,2,1948.36,Enterprise,0,0.4075,1
North America,MSI,Laptop,Ryzen 3,NVIDIA RTX 2060,16,512,Windows 10,Blue,Online,Bank Transfer,1899.11,15,1614.24,2,3228.48,Professional,0,0.3575,1
Asia-Pacific,Lenovo,Gaming Laptop,i3,NVIDIA GTX 1650,4,2048,Windows 10,Black,Retail Store,Credit Card,2373.74,0,2373.74,2,4747.48,Enterprise,0,0.37,1
Europe,Samsung,Laptop,Ryzen 3,NVIDIA RTX 3060,32,512,Linux,Gray,Online,PayPal,2511.08,20,2008.86,2,4017.72,Enterprise,1,0.47,1
Asia-Pacific,Microsoft,All-in-One,Ryzen 7,AMD Radeon Vega,8,1024,Linux,Blue,Retail Store,Bank Transfer,875.77,10,788.19,2,1576.38,Student,0,0.3325,0
Asia-Pacific,Razer,All-in-One,Ryzen 7,Intel UHD,8,512,Windows 10,Black,Reseller,Bank Transfer,2487.63,15,2114.49,2,4228.98,Professional,1,0.36,1
Asia-Pacific,HP,Gaming Laptop,Ryzen 9,NVIDIA RTX 3060,8,512,macOS,White,Retail Store,PayPal,2985.72,0,2985.72,2,5971.44,Enterprise,0,0.335,0
Asia-Pacific,Lenovo,Gaming Laptop,Ryzen 5,NVIDIA GTX 1650,16,1024,macOS,Blue,Online,Bank Transfer,532.74,15,452.83,1,452.83,Gamer,1,0.3375,0
Europe,Razer,All-in-One,Ryzen 3,NVIDIA RTX 3060,32,256,macOS,Gray,Online,Credit Card,698.09,10,628.28,2,1256.56,Professional,0,0.385,1
North America,Asus,Desktop,Ryzen 5,Intel Iris,4,512,Windows 10,Gray,Reseller,Bank Transfer,2447.42,5,2325.05,1,2325.05,Enterprise,1,0.36,1
Europe,Acer,All-in-One,i9,Intel UHD,16,2048,Linux,White,Online,Debit Card,501.58,15,426.34,3,1279.02,Professional,1,0.325,0
Asia-Pacific,Dell,Gaming Laptop,M2,Intel UHD,32,1024,macOS,White,Reseller,Credit Card,2647.22,0,2647.22,3,7941.66,Professional,1,0.3575,1
Asia-Pacific,Samsung,Laptop,i5,Intel Iris,8,256,macOS,Black,Online,Credit Card,1864.37,15,1584.71,2,3169.42,Enterprise,0,0.455,1
Asia-Pacific,Lenovo,Gaming Laptop,M2,NVIDIA RTX 3060,4,1024,Linux,Gray,Online,Credit Card,1239.84,0,1239.84,1,1239.84,Student,0,0.435,1
Asia-Pacific,Asus,Gaming Laptop,i9,NVIDIA RTX 3060,8,2048,macOS,Black,Online,PayPal,862.63,10,776.37,3,2329.11,Professional,0,0.4375,1
Europe,Razer,All-in-One,Ryzen 3,NVIDIA RTX 2060,16,1024,Windows 10,Silver,Online,Bank Transfer,1973.46,10,1776.11,2,3552.22,Gamer,0,0.3675,1
Asia-Pacific,MSI,Desktop,i3,AMD Radeon Vega,32,2048,Linux,White,Online,Debit Card,2908.78,0,2908.78,1,2908.78,Student,0,0.4825,1
Asia-Pacific,Acer,Desktop,M1,NVIDIA RTX 3060,32,1024,Windows 11,Blue,Online,Debit Card,1415.34,5,1344.57,2,2689.14,Enterprise,0,0.4575,1
Europe,Dell,All-in-One,M2,NVIDIA GTX 1650,4,1024,Windows 11,White,Reseller,Bank Transfer,1434.24,0,1434.24,2,2868.48,Professional,0,0.4425,1
North America,Samsung,Desktop,Ryzen 7,NVIDIA GTX 1650,16,2048,Linux,White,Online,Bank Transfer,2771.99,0,2771.99,3,8315.97,Student,1,0.33,0
Asia-Pacific,HP,Desktop,M2,Intel UHD,4,512,Windows 10,White,Retail Store,Bank Transfer,1845.63,0,1845.63,2,3691.26,Student,1,0.395,1
North America,HP,Laptop,Ryzen 3,Intel UHD,8,256,Linux,White,Reseller,Debit Card,2526.28,0,2526.28,1,2526.28,Student,0,0.38,1
Europe,Apple,Gaming Laptop,i7,NVIDIA GTX 1650,4,2048,macOS,Gray,Online,Bank Transfer,1619.78,20,1295.82,2,2591.64,Enterprise,0,0.475,1
Asia-Pacific,Razer,Laptop,i3,NVIDIA RTX 3060,4,512,macOS,White,Reseller,Debit Card,2367.5,5,2249.12,1,2249.12,Student,1,0.36,1
North America,Asus,All-in-One,M1,AMD Radeon Vega,4,2048,macOS,Gray,Retail Store,PayPal,2776.85,0,2776.85,3,8330.55,Enterprise,0,0.3925,1
Europe,Lenovo,Desktop,Ryzen 5,NVIDIA RTX 3060,4,256,Linux,Silver,Online,PayPal,2484.61,5,2360.38,2,4720.76,Student,1,0.365,1
North America,Apple,Laptop,i3,Intel Iris,32,1024,macOS,Silver,Reseller,Debit Card,1280.04,0,1280.04,1,1280.04,Student,0,0.4,1
Asia-Pacific,Dell,Gaming Laptop,Ryzen 3,Intel UHD,32,1024,Windows 11,Silver,Retail Store,Credit Card,2974.15,15,2528.03,1,2528.03,Enterprise,0,0.3725,1
Europe,HP,All-in-One,i9,NVIDIA GTX 1650,32,1024,Linux,Gray,Online,Credit Card,1528.0,5,1451.6,3,4354.8,Enterprise,0,0.38,1
North America,Razer,Laptop,i9,NVIDIA RTX 2060,16,2048,Linux,White,Reseller,PayPal,1792.43,10,1613.19,2,3226.38,Gamer,1,0.385,1
North America,Microsoft,Desktop,Ryzen 3,NVIDIA RTX 2060,8,1024,Linux,Gray,Retail Store,PayPal,1061.78,0,1061.78,1,1061.78,Professional,1,0.4375,1
Asia-Pacific,Razer,Desktop,i3,NVIDIA GTX 1650,8,2048,Linux,Silver,Retail Store,Bank Transfer,2279.9,0,2279.9,1,2279.9,Professional,1,0.4375,1
North America,Acer,Desktop,Ryzen 7,NVIDIA RTX 3060,32,1024,Windows 11,White,Retail Store,Bank Transfer,1600.92,5,1520.87,3,4562.61,Student,0,0.3525,1
Asia-Pacific,Apple,Gaming Laptop,Ryzen 3,Intel Iris,32,512,macOS,White,Retail Store,Bank Transfer,786.87,5,747.53,2,1495.06,Student,0,0.45,1
North America,Lenovo,Desktop,i7,NVIDIA RTX 3060,16,512,Windows 11,Gray,Online,Bank Transfer,2183.58,15,1856.04,1,1856.04,Student,0,0.3975,1
North America,Lenovo,Gaming Laptop,i3,NVIDIA RTX 2060,32,1024,Windows 11,White,Retail Store,PayPal,1547.46,20,1237.97,2,2475.94,Gamer,0,0.4825,1
Asia-Pacific,Microsoft,All-in-One,Ryzen 7,AMD Radeon Vega,4,256,Windows 11,Silver,Online,Debit Card,420.28,20,336.22,1,336.22,Enterprise,0,0.425,1
Europe,Lenovo,Laptop,Ryzen 9,Intel Iris,4,1024,Windows 11,Silver,Online,Debit Card,1993.22,10,1793.9,3,5381.7,Enterprise,1,0.3875,1
North America,HP,Desktop,i9,Intel UHD,16,2048,Windows 11,Silver,Reseller,PayPal,1663.72,5,1580.53,2,3161.06,Gamer,0,0.405,1
North America,Razer,Gaming Laptop,i9,AMD Radeon Vega,4,512,Windows 10,Gray,Reseller,Debit Card,2101.32,10,1891.19,1,1891.19,Enterprise,1,0.42,1
Asia-Pacific,Microsoft,Desktop,i3,NVIDIA RTX 3060,32,2048,Windows 11,White,Online,Debit Card,755.48,10,679.93,1,679.93,Enterprise,0,0.355,1
Asia-Pacific,Samsung,Desktop,i3,NVIDIA RTX 3060,32,256,Linux,White,Reseller,Credit Card,2984.16,15,2536.54,3,7609.62,Student,0,0.4775,1
Europe,Lenovo,Desktop,Ryzen 3,Intel UHD,16,256,Linux,Silver,Reseller,PayPal,2364.45,5,2246.23,2,4492.46,Enterprise,1,0.405,1
North America,Acer,All-in-One,i7,NVIDIA RTX 2060,4,512,Linux,Gray,Online,PayPal,2997.59,5,2847.71,1,2847.71,Professional,0,0.46,1
Europe,MSI,Laptop,i3,Intel Iris,32,256,Windows 10,White,Reseller,Debit Card,759.35,0,759.35,1,759.35,Student,0,0.4275,1
Asia-Pacific,Apple,All-in-One,Ryzen 3,AMD Radeon Vega,16,1024,macOS,Black,Online,Credit Card,2784.17,20,2227.34,1,2227.34,Professional,0,0.455,1
Europe,Asus,Laptop,Ryzen 7,NVIDIA RTX 2060,32,1024,Windows 11,Silver,Retail Store,Debit Card,504.71,15,429.0,3,1287.0,Student,1,0.325,0
Asia-Pacific,Acer,Gaming Laptop,i3,AMD Radeon Vega,32,1024,Windows 11,Blue,Retail Store,Debit Card,2413.42,0,2413.42,1,2413.42,Professional,0,0.4075,1
North America,Microsoft,All-in-One,Ryzen 5,Intel UHD,4,1024,Windows 11,Black,Online,PayPal,898.11,10,808.3,3,2424.9,Gamer,0,0.46,1
Europe,Lenovo,Laptop,i5,AMD Radeon Vega,32,1024,Windows 11,Gray,Retail Store,PayPal,2710.24,0,2710.24,1,2710.24,Enterprise,0,0.3425,0
North America,HP,Gaming Laptop,Ryzen 9,AMD Radeon Vega,4,1024,Windows 11,Blue,Retail Store,Credit Card,1353.45,0,1353.45,2,2706.9,Student,0,0.3725,1
Europe,Dell,Gaming Laptop,Ryzen 5,Intel Iris,8,512,Windows 10,White,Online,Debit Card,1351.89,5,1284.3,2,2568.6,Gamer,1,0.3925,1
Asia-Pacific,Acer,Gaming Laptop,i5,NVIDIA RTX 3060,32,512,Windows 10,White,Retail Store,PayPal,2836.8,5,2694.96,1,2694.96,Gamer,0,0.4025,1
North America,MSI,Laptop,Ryzen 3,NVIDIA RTX 3060,32,1024,Windows 11,Gray,Retail Store,PayPal,664.79,15,565.07,2,1130.14,Student,0,0.3825,1
Europe,Apple,All-in-One,i7,NVIDIA RTX 2060,4,1024,macOS,Silver,Retail Store,Credit Card,854.66,5,811.93,3,2435.79,Student,1,0.345,0
North America,HP,All-in-One,i5,Intel Iris,32,2048,macOS,Silver,Retail Store,PayPal,1127.03,0,1127.03,2,2254.06,Gamer,1,0.41,1
North America,Asus,All-in-One,i9,NVIDIA RTX 2060,32,1024,Windows 10,White,Online,PayPal,1081.11,20,864.89,3,2594.67,Gamer,0,0.395,1
Europe,Acer,Laptop,i9,NVIDIA GTX 1650,32,1024,Windows 11,Black,Reseller,Credit Card,2602.56,15,2212.18,2,4424.36,Student,0,0.385,1
Asia-Pacific,Razer,Gaming Laptop,i5,NVIDIA RTX 2060,16,1024,macOS,Gray,Reseller,Credit Card,952.82,5,905.18,3,2715.54,Enterprise,0,0.44,1
Europe,Acer,Desktop,i3,NVIDIA RTX 2060,32,512,Windows 11,White,Retail Store,PayPal,1733.75,10,1560.38,2,3120.76,Professional,1,0.4625,1
Europe,Samsung,All-in-One,Ryzen 5,NVIDIA GTX 1650,4,1024,Windows 11,Gray,Retail Store,Credit Card,1100.66,20,880.53,1,880.53,Gamer,0,0.4425,1
Europe,Microsoft,All-in-One,Ryzen 3,Intel UHD,16,512,Windows 11,White,Online,Credit Card,501.86,0,501.86,2,1003.72,Gamer,0,0.2875,0
North America,Asus,Laptop,Ryzen 3,NVIDIA RTX 3060,16,512,macOS,Blue,Online,Bank Transfer,2328.65,5,2212.22,2,4424.44,Professional,0,0.4375,1
Asia-Pacific,Lenovo,Desktop,i3,AMD Radeon Vega,32,512,Windows 10,Silver,Retail Store,Credit Card,2491.94,15,2118.15,2,4236.3,Professional,0,0.4175,1
Europe,MSI,Laptop,Ryzen 9,Intel UHD,4,256,Windows 11,Gray,Online,Bank Transfer,2686.0,20,2148.8,2,4297.6,Professional,0,0.4625,1
Europe,Microsoft,Laptop,M2,AMD Radeon Vega,16,512,macOS,Gray,Reseller,Debit Card,680.39,5,646.37,2,1292.74,Student,1,0.3725,1
Asia-Pacific,Apple,Desktop,Ryzen 9,NVIDIA RTX 2060,8,1024,macOS,Silver,Online,Credit Card,783.64,0,783.64,1,783.64,Gamer,1,0.355,1
North America,Asus,Desktop,i7,Intel Iris,4,512,macOS,Gray,Reseller,Debit Card,2003.41,15,1702.9,3,5108.7,Enterprise,0,0.45,1
North America,Asus,Laptop,M1,Intel Iris,4,2048,Linux,Blue,Online,PayPal,2274.39,20,1819.51,1,1819.51,Enterprise,0,0.415,1
Europe,HP,All-in-One,Ryzen 3,Intel UHD,8,2048,Linux,Blue,Online,Credit Card,1798.74,10,1618.87,1,1618.87,Professional,0,0.385,1
Asia-Pacific,Microsoft,Gaming Laptop,Ryzen 5,AMD Radeon Vega,16,512,macOS,Black,Retail Store,PayPal,2846.58,15,2419.59,2,4839.18,Student,0,0.4225,1
North America,Apple,Laptop,i7,Intel Iris,4,256,macOS,Black,Online,Credit Card,2536.21,10,2282.59,1,2282.59,Professional,0,0.4575,1
Asia-Pacific,Lenovo,Gaming Laptop,i9,NVIDIA RTX 3060,4,2048,Windows 10,Blue,Retail Store,Credit Card,2391.79,5,2272.2,2,4544.4,Enterprise,1,0.4,1
North America,Microsoft,Desktop,M1,AMD Radeon Vega,8,1024,macOS,Gray,Retail Store,PayPal,2489.33,5,2364.86,2,4729.72,Student,0,0.375,1
Europe,Microsoft,Gaming Laptop,i5,NVIDIA RTX 2060,4,256,Windows 10,Gray,Retail Store,PayPal,973.96,15,827.87,3,2483.61,Professional,0,0.28,0
North America,Microsoft,Desktop,Ryzen 5,NVIDIA RTX 2060,16,1024,macOS,Gray,Online,Bank Transfer,1258.19,10,1132.37,1,1132.37,Professional,0,0.4425,1
Europe,Apple,Gaming Laptop,M2,Intel UHD,32,1024,macOS,Blue,Online,Bank Transfer,2969.13,10,2672.22,2,5344.44,Student,0,0.335,0
Europe,Asus,Desktop,Ryzen 3,Intel UHD,4,1024,Linux,Silver,Online,Debit Card,1278.71,0,1278.71,1,1278.71,Enterprise,0,0.325,0
Asia-Pacific,Samsung,Desktop,i3,Intel UHD,32,1024,macOS,White,Reseller,Credit Card,550.92,5,523.37,3,1570.11,Student,0,0.3625,1
Europe,MSI,Gaming Laptop,Ryzen 7,Intel UHD,32,256,macOS,Black,Reseller,Debit Card,1646.81,15,1399.79,2,2799.58,Enterprise,0,0.3575,1
North America,Apple,Gaming Laptop,i9,Intel UHD,16,256,macOS,Gray,Reseller,Credit Card,1408.99,20,1127.19,2,2254.38,Gamer,1,0.3725,1
Asia-Pacific,Apple,Desktop,M2,Intel UHD,32,512,macOS,Gray,Online,Credit Card,1261.04,0,1261.04,1,1261.04,Enterprise,1,0.2525,0
North America,Microsoft,Laptop,i5,Intel Iris,32,512,Windows 11,Black,Online,PayPal,1848.3,10,1663.47,2,3326.94,Gamer,1,0.3975,1
North America,Dell,All-in-One,Ryzen 9,Intel UHD,8,256,Windows 11,Blue,Retail Store,Credit Card,1089.59,10,980.63,3,2941.89,Student,1,0.405,1
Asia-Pacific,Samsung,All-in-One,i9,AMD Radeon Vega,4,512,Linux,Blue,Online,Credit Card,2966.84,20,2373.47,3,7120.41,Enterprise,0,0.5225,1
Europe,Microsoft,Laptop,i3,Intel Iris,32,1024,macOS,Gray,Online,Bank Transfer,1692.82,20,1354.26,1,1354.26,Student,0,0.39,1
Asia-Pacific,Lenovo,Gaming Laptop,i7,NVIDIA GTX 1650,8,2048,Windows 10,Black,Retail Store,PayPal,1140.21,0,1140.21,3,3420.63,Enterprise,0,0.3175,0
Europe,Microsoft,Desktop,Ryzen 9,NVIDIA GTX 1650,16,512,Linux,Blue,Online,PayPal,1087.57,5,1033.19,2,2066.38,Enterprise,0,0.33,0
Europe,Dell,Laptop,Ryzen 9,Intel UHD,8,256,Windows 11,Gray,Retail Store,Credit Card,1915.71,10,1724.14,1,1724.14,Professional,1,0.28,0
Asia-Pacific,Apple,Laptop,Ryzen 7,Intel Iris,32,512,macOS,Silver,Online,Bank Transfer,882.31,15,749.96,1,749.96,Enterprise,1,0.3775,1
Asia-Pacific,Samsung,Desktop,i7,Intel UHD,16,256,Windows 10,Black,Reseller,Credit Card,2813.16,15,2391.19,2,4782.38,Enterprise,0,0.415,1
Europe,Acer,Desktop,Ryzen 3,NVIDIA RTX 2060,8,1024,macOS,Gray,Reseller,Bank Transfer,1806.15,0,1806.15,3,5418.45,Enterprise,1,0.41,1
Asia-Pacific,Lenovo,Laptop,i5,Intel Iris,8,1024,macOS,White,Retail Store,Bank Transfer,2616.45,10,2354.8,2,4709.6,Gamer,0,0.4325,1
Asia-Pacific,Dell,Desktop,M2,AMD Radeon Vega,32,256,Windows 11,Silver,Reseller,Credit Card,1872.6,20,1498.08,3,4494.24,Gamer,1,0.3675,1
Asia-Pacific,Acer,Desktop,i5,NVIDIA RTX 2060,4,2048,Windows 10,Gray,Online,PayPal,832.55,10,749.29,1,749.29,Enterprise,0,0.4725,1
North America,Razer,Laptop,i9,NVIDIA RTX 3060,16,256,macOS,Gray,Retail Store,PayPal,987.04,15,838.98,3,2516.94,Student,1,0.4025,1
Asia-Pacific,Microsoft,Desktop,Ryzen 7,AMD Radeon Vega,4,512,Linux,White,Reseller,PayPal,2430.67,20,1944.54,2,3889.08,Enterprise,1,0.49,1
Asia-Pacific,Asus,Laptop,Ryzen 3,AMD Radeon Vega,32,2048,Windows 11,White,Online,Credit Card,2753.9,5,2616.2,3,7848.6,Enterprise,0,0.4075,1
Europe,HP,Gaming Laptop,Ryzen 5,NVIDIA RTX 3060,32,2048,Linux,Black,Online,Debit Card,1097.67,15,933.02,3,2799.06,Professional,1,0.3975,1
North America,Apple,Desktop,Ryzen 5,Intel Iris,4,1024,macOS,Gray,Reseller,Credit Card,973.14,10,875.83,2,1751.66,Enterprise,1,0.39,1
Asia-Pacific,Asus,Laptop,Ryzen 7,NVIDIA RTX 3060,8,2048,macOS,Gray,Retail Store,Debit Card,2378.3,0,2378.3,2,4756.6,Enterprise,1,0.3325,0
Asia-Pacific,Apple,All-in-One,Ryzen 5,NVIDIA GTX 1650,16,512,macOS,Gray,Retail Store,Credit Card,2766.66,5,2628.33,2,5256.66,Professional,0,0.42,1
North America,Apple,Laptop,i9,AMD Radeon Vega,16,1024,macOS,White,Online,Credit Card,1402.06,20,1121.65,2,2243.3,Student,0,0.3775,1
Europe,Razer,Desktop,i5,NVIDIA GTX 1650,32,512,Windows 11,Black,Retail Store,PayPal,647.73,0,647.73,2,1295.46,Professional,0,0.4325,1
Europe,Asus,Gaming Laptop,Ryzen 5,NVIDIA RTX 2060,32,2048,Linux,Blue,Retail Store,PayPal,599.74,5,569.75,3,1709.25,Student,0,0.2775,0
Europe,MSI,Gaming Laptop,Ryzen 5,Intel Iris,32,512,Linux,Gray,Retail Store,Debit Card,1489.64,10,1340.68,2,2681.36,Professional,1,0.3475,0
Europe,MSI,Laptop,i5,Intel Iris,32,256,Linux,Silver,Retail Store,Debit Card,2327.72,5,2211.33,1,2211.33,Gamer,0,0.3825,1
Europe,Apple,Laptop,i9,AMD Radeon Vega,8,256,macOS,Gray,Online,Debit Card,1363.3,5,1295.13,2,2590.26,Professional,0,0.4625,1
North America,Dell,All-in-One,Ryzen 5,Intel UHD,16,2048,Windows 10,Blue,Online,PayPal,2732.13,20,2185.7,2,4371.4,Student,1,0.43,1
Europe,Microsoft,Desktop,i5,NVIDIA GTX 1650,8,256,macOS,Black,Retail Store,Bank Transfer,1179.42,20,943.54,2,1887.08,Gamer,0,0.3325,0
Asia-Pacific,Acer,Gaming Laptop,Ryzen 5,AMD Radeon Vega,8,2048,Windows 11,White,Online,Credit Card,2538.27,15,2157.53,2,4315.06,Gamer,0,0.4525,1
Asia-Pacific,Lenovo,All-in-One,Ryzen 5,NVIDIA RTX 3060,8,256,macOS,Blue,Retail Store,Credit Card,2487.24,15,2114.15,3,6342.45,Professional,0,0.385,1
Europe,Lenovo,Gaming Laptop,M2,NVIDIA GTX 1650,8,1024,Windows 11,Black,Retail Store,Debit Card,1579.16,5,1500.2,2,3000.4,Professional,0,0.4025,1
Europe,Razer,Gaming Laptop,i5,AMD Radeon Vega,8,256,macOS,Silver,Retail Store,Credit Card,766.97,10,690.27,3,2070.81,Gamer,0,0.335,0
North America,Lenovo,Laptop,i9,Intel Iris,16,1024,Windows 10,White,Online,Bank Transfer,1630.24,5,1548.73,1,1548.73,Student,1,0.395,1
Europe,Apple,Gaming Laptop,i3,NVIDIA RTX 3060,4,2048,macOS,Silver,Retail Store,PayPal,566.27,10,509.64,3,1528.92,Professional,1,0.3675,1
Asia-Pacific,Lenovo,Desktop,i3,NVIDIA RTX 2060,4,1024,macOS,Gray,Reseller,Credit Card,1576.49,5,1497.67,1,1497.67,Student,0,0.3475,0
North America,MSI,Gaming Laptop,M1,NVIDIA RTX 3060,4,256,Windows 11,Silver,Online,PayPal,2040.9,10,1836.81,3,5510.43,Gamer,0,0.38,1
Asia-Pacific,Razer,Laptop,i7,NVIDIA GTX 1650,8,1024,Windows 11,Blue,Online,PayPal,1836.07,20,1468.86,3,4406.58,Enterprise,1,0.3675,1
Asia-Pacific,MSI,Gaming Laptop,Ryzen 5,NVIDIA RTX 2060,4,2048,Windows 11,Silver,Retail Store,Bank Transfer,907.89,15,771.71,3,2315.13,Gamer,0,0.36,1
Europe,Lenovo,Gaming Laptop,Ryzen 7,NVIDIA GTX 1650,32,512,Windows 10,Black,Retail Store,Debit Card,1711.28,15,1454.59,2,2909.18,Gamer,0,0.3125,0
Europe,Razer,All-in-One,i7,AMD Radeon Vega,8,2048,Windows 11,Silver,Online,Credit Card,1316.0,10,1184.4,3,3553.2,Enterprise,0,0.4125,1
Europe,MSI,Gaming Laptop,i7,Intel Iris,8,512,Windows 11,Black,Reseller,Credit Card,768.25,5,729.84,3,2189.52,Enterprise,0,0.4,1
Europe,Acer,Laptop,i5,Intel UHD,8,512,macOS,White,Reseller,Credit Card,2373.45,10,2136.11,3,6408.33,Professional,1,0.4875,1
Europe,Apple,Laptop,i5,NVIDIA RTX 3060,4,256,macOS,Blue,Retail Store,Bank Transfer,1368.33,10,1231.5,1,1231.5,Student,0,0.39,1
North America,Apple,Desktop,M2,NVIDIA RTX 2060,16,1024,macOS,Blue,Reseller,Bank Transfer,1183.34,20,946.67,2,1893.34,Student,0,0.3975,1
Asia-Pacific,Dell,All-in-One,M2,NVIDIA RTX 2060,16,256,macOS,White,Reseller,Credit Card,1510.49,5,1434.97,1,1434.97,Gamer,0,0.3175,0
North America,Dell,All-in-One,Ryzen 5,NVIDIA GTX 1650,16,2048,Windows 10,Silver,Reseller,PayPal,2578.61,15,2191.82,1,2191.82,Student,0,0.4675,1
North America,Dell,Gaming Laptop,Ryzen 5,AMD Radeon Vega,16,2048,macOS,White,Reseller,Debit Card,2079.4,15,1767.49,3,5302.47,Gamer,0,0.465,1
North America,Apple,All-in-One,Ryzen 9,NVIDIA RTX 2060,32,512,macOS,Gray,Retail Store,Bank Transfer,2654.9,20,2123.92,3,6371.76,Professional,1,0.54,1
Europe,Lenovo,Laptop,M2,Intel UHD,32,256,Windows 11,Silver,Retail Store,Credit Card,1452.48,20,1161.98,3,3485.94,Gamer,0,0.3575,1
Asia-Pacific,Samsung,All-in-One,i5,NVIDIA RTX 2060,4,512,Windows 10,Black,Retail Store,Credit Card,518.5,10,466.65,3,1399.95,Enterprise,1,0.34,0
North America,Asus,Desktop,Ryzen 9,NVIDIA RTX 2060,8,1024,macOS,White,Retail Store,Bank Transfer,1804.63,0,1804.63,1,1804.63,Professional,0,0.4475,1
North America,Acer,Laptop,Ryzen 9,Intel UHD,32,2048,Windows 11,Silver,Retail Store,PayPal,2672.88,5,2539.24,2,5078.48,Gamer,0,0.4,1
North America,Asus,All-in-One,Ryzen 7,Intel Iris,32,2048,Windows 10,Black,Online,Bank Transfer,1203.37,10,1083.03,2,2166.06,Professional,1,0.3675,1
Europe,Microsoft,Gaming Laptop,Ryzen 7,AMD Radeon Vega,16,2048,Windows 10,Blue,Retail Store,Bank Transfer,728.31,20,582.65,3,1747.95,Enterprise,0,0.34,0
Asia-Pacific,Microsoft,All-in-One,Ryzen 5,NVIDIA RTX 2060,8,2048,Windows 10,Black,Online,Credit Card,844.41,0,844.41,3,2533.23,Student,1,0.355,1
Europe,Samsung,Laptop,M1,Intel Iris,8,1024,Windows 11,Silver,Reseller,Debit Card,1320.28,15,1122.24,2,2244.48,Professional,0,0.465,1
Asia-Pacific,Apple,Desktop,Ryzen 9,Intel Iris,8,256,macOS,Blue,Retail Store,Debit Card,2094.48,0,2094.48,2,4188.96,Gamer,0,0.3475,0
North America,Samsung,All-in-One,Ryzen 9,NVIDIA RTX 2060,4,256,macOS,Blue,Online,Bank Transfer,2352.35,5,2234.73,1,2234.73,Professional,0,0.41,1
North America,Lenovo,Gaming Laptop,i5,NVIDIA RTX 3060,4,1024,Linux,Black,Retail Store,Bank Transfer,2311.78,15,1965.01,3,5895.03,Enterprise,0,0.4675,1
Europe,Dell,Desktop,M1,Intel Iris,4,2048,Linux,Gray,Retail Store,Bank Transfer,2118.42,15,1800.66,2,3601.32,Student,0,0.4725,1
Europe,Microsoft,Laptop,Ryzen 9,AMD Radeon Vega,16,1024,Linux,Black,Retail Store,Bank Transfer,2086.26,5,1981.95,1,1981.95,Student,0,0.3925,1
Europe,Lenovo,Laptop,i9,Intel UHD,16,512,macOS,Gray,Online,Bank Transfer,2798.62,0,2798.62,3,8395.86,Student,0,0.3725,1
Asia-Pacific,Microsoft,Desktop,i3,AMD Radeon Vega,16,256,Linux,Black,Online,PayPal,2893.95,20,2315.16,3,6945.48,Gamer,0,0.4325,1
Europe,Razer,All-in-One,Ryzen 5,NVIDIA RTX 3060,16,2048,Windows 10,White,Online,Credit Card,2894.39,10,2604.95,3,7814.85,Gamer,0,0.445,1
Europe,Asus,Desktop,M2,NVIDIA RTX 2060,4,512,Windows 11,Silver,Online,Bank Transfer,2724.06,5,2587.86,1,2587.86,Student,0,0.335,0
North America,Apple,Gaming Laptop,M1,Intel Iris,4,2048,macOS,Blue,Reseller,Credit Card,888.61,5,844.18,1,844.18,Student,1,0.475,1
Europe,Microsoft,Desktop,Ryzen 5,AMD Radeon Vega,8,2048,macOS,Black,Online,Credit Card,2185.59,0,2185.59,2,4371.18,Enterprise,0,0.39,1
Europe,MSI,Desktop,Ryzen 3,NVIDIA RTX 2060,8,256,Linux,Blue,Online,Credit Card,2456.29,20,1965.03,2,3930.06,Student,1,0.3025,0
Europe,Razer,Gaming Laptop,M1,NVIDIA RTX 3060,4,512,Windows 11,Blue,Retail Store,Bank Transfer,983.91,0,983.91,1,983.91,Student,0,0.38,1
North America,Razer,Laptop,M2,NVIDIA RTX 3060,32,1024,Linux,Blue,Online,Debit Card,1852.06,15,1574.25,1,1574.25,Professional,1,0.415,1
